{"mean": 71.63835428542723, "max": 71.6383542854272, "std": 2.842170943040401e-14, "best": [0.3762225625852001, 0.011288443024274692, -0.12348546796615587, -0.12349301864243485, -0.06699145497323539, -0.053431419195759305, 0.03609841233121798, -0.5449457616029755, -0.4224896208005712, 0.35727245396199975, 0.6214367870223799, 0.016782667366949902, -0.9652231602694391, -0.2231476206931492, 1.1391525488339302, 0.15528497305776878, -0.15426850018367727, 0.17586622109123262, -0.5857207021296466, -0.05579048814650679, 0.1997022847689926, -0.2624580418387159, 0.02939629228658118, -0.37843585545184993, 0.6956752372794827, 0.42583210720791154, -0.30076468968183856, 0.2829613369220991, -0.2833873911202629, 0.29530616940157406, -0.23414792252223593, 0.05918207060629183, -0.11604379979924775, 0.5100978258991914, 0.4357832308540165, 0.312365337745511, -0.18241049700691492, -0.0008070842373183115, -0.2629163662552585, 0.3599957818695494, 0.21683031560866525, -0.03885936891284086, -2.3173714518728845, -0.0889176882431106, -0.0813723389504871, 0.8224318764781889, -0.3810252616580563, -0.04247533908233238, -0.06270446478971359, 0.12521895728346552, -0.3895311459817609, -0.06883342846156967, 0.033425876894613814, 0.08494284749489221, -0.14420446299098916, 0.9289625262850746, 1.4293130594251204, -0.4475612523285432, 0.3340237801373023, -0.007622210814156375, 0.39277447391510256, 0.1466842506511687, -0.2638738039686204, 0.35228962558182486, -0.33304656490381684, 0.0724874946503847, 0.02491502233455583, -0.2798395037493055, -0.42692928015927295, -0.246269352427948, 0.11084961928899005, 0.07010236353557488, -0.15205121073300554, -0.057938529421186775, -0.05382824852704129, 0.031114523362319915, -0.09541336274609241, -0.08825031804511893, -0.12396001224856881, -0.10583053930494442, 0.14199663652829383, -0.39658323337669577, 0.08178484338709817, -0.40008868910006834, -0.27290124119464193, 0.10499323333043785, 0.1826604702021111, 0.2705481802184538, -0.30047278643291225, -0.0534429670856707, 0.031006472080957585, -0.07777363267973453, -0.05961792418642979, -0.26035185821430806, 0.3780335250266806, -0.016164790681365726, -0.302085501275411, -0.2821544420602481, 0.19485752375614615, 0.17971668008071748, -0.29613353071588006, -0.1258841611265107, -0.24321347849076577, -0.10702356403206974, 0.07734723948444036, -0.1403123006644553, -0.21375646703730825, 0.10327604838167935, 0.336450010103421, -0.1165174552032944, -0.02222160944125582, 0.0009932636225563247, -0.030066682815474352, 0.11713565514740819, 0.8253791163512304, -0.18388322045372624, -0.3579242787022705, 0.5253651890216963, -0.28935965363353405, -0.12380380663507384, 0.1584713231279766, -0.023437170907963007, 0.23104258495339117, -0.11644467967979852, 0.06383263773968188, 0.07401509049757332, 0.10153246179484725, -0.5354552450919543, -0.6415819104383605, 0.20772961728006217, -0.0388928437289903, 0.2337079510683429, 0.18694484121302754, -0.18592917323963173, -0.0592654616816348, 0.17936700753791304, 0.05094438235485562, 0.23824942958427517, -0.22958483915145586, -0.3639260117314555, 0.10468880504673075, -0.21871939619027225, 0.01172703880919077, -0.27143960929688415, -0.13007061700071554, -0.5435435888459859, -0.24096138762158323, 0.4050866268399181, -0.08370186261160292, 0.25292807769033837, 0.19308545294901275, -0.5452742225777446, -0.13854724509627464, -0.3086353033526924, -0.1624684891152769, -0.048430937750450626, 0.13903125958736656, 1.0565538236989935, 0.4515299397224016, 0.27102390655365555, 0.40240427398110556, -0.10258584377288536, -0.39805706805497443, 0.31715190020658396, -0.04810008940549605, -1.1790587824705723, -0.11597607120175142, -0.07050992532565123, -0.1457655860493806, -0.05958139956387218, -0.29136757516158485, -0.1344768926779962, 0.17060820854708814, -0.20248444991595663, 0.2793779957129486, -0.3037868118354733, -0.16946280451290532, 0.44315106834840745, -0.0327851084414834, -0.00634410338211455, -0.3899922674443879, -0.06007457118010523, -0.4995357862826982, 0.25209866778106416, 0.3048963787132149, 0.04967367783658148, -0.34815609616117305, 0.24986681713284045, -0.10516656378297742, -0.061184637144784206, -0.12910435007062046, -0.11332925774384399, 0.2573955566782145, -0.2685694882692898, 0.09681404400096583, -1.0708275398982112, -0.38277535813568625, -0.16654912053932702, 0.16883441598665966, -0.018324738092415565, -0.10240254601237196, 0.010620849374521972, 0.15670347915547927, -0.27365383929835635, 0.6540938498748886, -0.29165034777655263, -1.386921749084663, 0.07780089328161557, -0.10257644317080529, -0.005853932262922898, -0.33324778202490035, 0.13830248166420445, 0.7983878226418596, 1.1061361985427096, 0.49124830008726267, -0.10262234676047534, 0.3498100032784509, -0.27103626784473195, 0.24426745784037246, -0.2089000642137594, -0.4966638619129523, -0.08955865376224784, 0.11073690431379737, 0.23252088751950575, 3.6242343743147565, -0.3520628622676881, -0.30550455089711104, 0.16905578828262047, 0.21087466215057432, -0.14894066481649448, -0.05081620984149299, -0.254452011292179, -0.013749545258739762, 0.14644035261997052, -0.018943104000453313, -0.21297819901683557, 0.20588227099191966, -0.25256928070122464, 0.3366852213413268, 0.318114605721353, -0.09458942951157677, -0.0733226799573537, 0.635424399794609, 0.19904832101662856, 0.1883146846438271, 0.02951216212620836, -0.8434574836546109, -0.4590776546635115, 0.10833776315807747, -0.027487115453173533, -0.45416593808083694, 0.24936429854534115, 0.3113775341183215, 0.6803173562218853, 0.3407014054215777, -0.07303201954686309, -1.6065954644539318, 0.26938901847934277, -0.026750637675724984, 0.35537128346635855, -0.18643575230272424, -0.2678437862335551, 0.18855042548055043, 0.387220023044293, 0.024429778538344493], "config": {"experiment_name": "generalist_aa_e_set_2_r4", "comment": "Adaptive alpha off test", "enemies": [2, 4, 6, 7], "h_neurons": 10, "population_size": 100, "n_generations": 75, "parents": 50, "children_per_parent": 4, "mode": "generational", "cx_method": "cxBlend", "cx_kwargs": {"alpha": 0.1}, "do_adaptive_alpha": true, "alpha_base": 0.1, "div_bias": 0.9, "div_threshold": 2.3, "delayed_exp_gen": 25, "mut_probability": 0.05, "mut_method": "mutGaussian", "mut_kwargs": {"mu": 0, "sigma": 4, "indpb": 0.3}, "parent_sel_method": "selNonRepTournament", "parent_sel_kwargs": {"tournsize": 12}, "survivor_sel_method": "selNonRepTournament", "survivor_sel_kwargs": {"tournsize": 12}, "do_fitshare": false, "dist_func": "hamming", "fitshare_radius": 100, "fitshare_strength": 1}}
