{"mean": 69.48018793780354, "max": 69.48018793780355, "std": 1.4210854715202004e-14, "best": [-0.1662524379794725, 0.14028944307079363, -0.11532459532926477, -1.2727794377005424, -0.5166868975034855, -0.06892706750393165, 0.37483605227691386, 0.0497604100623008, -0.07525982016797071, -0.37294316277900236, -0.10621504411516589, -0.22679197895603653, -0.4804331261874355, -0.5247561627258465, 0.08372114077897955, -0.31375709303572824, 0.08358109327697999, -0.04525282737130802, 0.21955130276617818, 1.2686397710983892, 0.15050117995763, 0.15597395842314285, -0.0664629778765718, -0.1974731980751654, 0.08749370138546578, 0.36855180765736034, -0.06614614099419676, -0.7784392439807452, 0.15713202084338185, 0.31037570437827433, -0.08463385190835332, 0.17361346588598348, -0.2616963004589521, 0.06138249070611271, -0.09551063898649165, 0.3378695032112577, 0.08035150746307908, -0.19448048628548412, 0.19349166305078683, -0.2627024750418821, -0.8607460415741187, -0.5220780502351104, -0.1929689233332107, 0.10621534501760983, 0.21781635779708608, -0.24954431895740392, -0.12805451976187845, 0.3152048675761669, -0.23018254523756124, 0.00855510480233814, 0.4968575518583649, -0.032351323984431066, -0.36344167681950185, -0.3136091496301876, 0.166998200956636, -0.026623441129256346, -0.3216089891535757, 0.0006389703788225037, -0.09857567578387283, -0.28308747525817074, -0.5609613744285538, -0.42712521022467054, -0.08366184327931693, -0.0678682129453046, 0.12976693279215257, 0.46631192965374774, -0.5158943896262678, 0.3892382478096166, 0.06783396472259268, 0.0531917232204745, -0.062125904284978335, 0.6731517377011956, 0.12537884365009644, 0.37819849235137654, 0.12263522802198917, -0.1317893171706474, -0.2583722601874133, 0.030311989420799473, -0.14177049001289035, 0.9038603159156442, -0.503317832586744, -0.07422927050422887, 0.20518508240334193, 0.024094744030437452, -0.0786356745696223, -0.1335789159654775, -0.0042227743476608145, -0.049355423047030736, -0.19240716152597728, -0.2574226207951067, 0.4336172240547967, 0.09835348398549634, -0.030672572572193198, 0.22839127779082266, 0.2767807193056535, 0.6063567062473763, -1.0569856301192846, 0.9172229933212204, -0.5556383824555584, 0.2789636708999903, -0.09600233375721454, -0.09853906932152082, 0.45713339278114373, 0.26131895098483165, -0.08336173250246257, 0.24039690242623268, 0.19798501756778075, -0.26146619910038904, 0.47748814432553255, -2.9327158714453256, 0.10169781574240117, 0.29040395323063534, -0.24037475724480942, 0.16162930792689495, 0.14131606212941794, -0.130737049655819, -0.02835969205187008, -0.3055669464129098, -1.1840131351333838, -0.2658872668691791, -0.1557266764997584, -0.5685561775410553, 0.7474345032923201, 0.13641435105051472, 0.25537157474895367, -0.7533477999482407, -0.49739986614281184, -0.3178532173565699, -0.5788235997739646, 0.19385008809971252, 0.18176674814461288, 1.459240667365972, 0.26914302245791344, -0.38445931243880277, -0.5282780625992203, 0.42899212243966667, -4.808899524636454, 0.10816502590577987, 0.026661471694845895, 0.025571441575330478, -0.5710171780720479, -0.29509161927053373, -0.29674789022561965, 0.33701100316829513, 0.20220260712099392, -0.2711048835560886, -0.29292295139345526, -0.05792186786535958, 0.3004689982112463, -0.312730455646247, -0.29800927741886457, 0.22159614444906137, -0.0492088935291719, 2.1614179224087313, -0.10394951827619998, 0.18334515118205552, 0.0841608224788743, 0.19262340943199266, 0.05902248549922383, -0.014501656689279814, -0.27828509532898504, 0.18771077895296334, -0.18682934187250164, -0.1795322363497397, -0.27957935546904406, -1.113135031101253, -0.7001497120821982, -0.17832126113807883, -0.7747637077536043, -0.05159876672947139, -0.27618660441792453, 0.25426974449812134, -0.07519322926098354, 0.2257165966511533, 0.08560039430879769, 0.10515993236955616, -0.0450431248008652, 0.04424445423548444, -1.311602143467143, 0.2938066456608809, -0.20367668371732112, 0.37113296777297733, 0.3713383431978959, 0.04698936072947031, 0.562069313402376, -0.16593421262643557, -0.405547576564128, 0.41311097729841817, -0.052538111100319196, 0.17299627748234922, 0.327212771002739, 0.23560105162060357, -0.1075895007380949, 0.5094979693110908, -0.22224992298074148, -0.13090001200230914, -0.03162260220364052, 0.04744765667480644, 0.2978422806805373, 0.34858688865264065, 0.5099646002866415, -0.16353061662247148, -0.10737493928370194, 0.34900393087629256, 3.441708549216988, 0.47042939487357766, -0.02430751699009198, -0.31201890017519335, 0.15311852246179675, -1.3735509953116163, -0.36745733637236666, -0.23645894230198694, -0.05562065929763346, 0.3781366735672832, 1.3076916427036624, -2.9928146819242647, -1.8669920246291434, -0.6489315115985478, 0.1798094991078582, -0.29387078192386246, -0.29654804755752306, -0.12115583163719404, 0.9414308784236449, 1.8813500593098667, 0.5410385194973082, -0.11576384550079605, -0.026081372079302508, -0.09326462655264925, 0.17726888424235415, 0.8533322838414377, -0.1565709467618996, 1.28299135137783, -0.28144332644856274, -0.30147932476783773, 1.3406907516049156, -0.15866342431054772, -0.15187456148658748, 0.4037027774559766, 1.0255284872308674, -0.32496660855906834, -0.1552981775966281, 0.054461774256780046, 0.2747881846753825, 0.21238773595496607, 0.2279661831603537, 0.38271636609962156, -0.08325952351850499, -0.1773240856955962, -0.22569827226015485, 0.23562993907647212, -1.2408325819705353, -0.46307395340922486, 0.2515179502474226, 0.7480620856000312, 0.3111621412717775, -0.18211419473287244, -0.022533090721269678, -0.06910898855502007, 2.8210517213456283, 0.030084433029144285, 0.0697034718219504, -0.4535575794673792, 1.9452988954461898, -0.040363474262147064, 0.09219242938946222], "config": {"experiment_name": "generalist_aa_e_set_2_r4", "comment": "Adaptive alpha off test", "enemies": [2, 4, 6, 7], "h_neurons": 10, "population_size": 100, "n_generations": 75, "parents": 50, "children_per_parent": 4, "mode": "generational", "cx_method": "cxBlend", "cx_kwargs": {"alpha": 0.1}, "do_adaptive_alpha": true, "alpha_base": 0.1, "div_bias": 0.9, "div_threshold": 2.3, "delayed_exp_gen": 25, "mut_probability": 0.05, "mut_method": "mutGaussian", "mut_kwargs": {"mu": 0, "sigma": 4, "indpb": 0.3}, "parent_sel_method": "selNonRepTournament", "parent_sel_kwargs": {"tournsize": 12}, "survivor_sel_method": "selNonRepTournament", "survivor_sel_kwargs": {"tournsize": 12}, "do_fitshare": false, "dist_func": "hamming", "fitshare_radius": 100, "fitshare_strength": 1}}
