{"mean": 70.95104994015301, "max": 70.95152613120509, "std": 0.00047619105208696045, "best": [0.01699821192332162, 0.03805318138296852, -0.008674297091656836, 0.13132627343193126, -0.1101227399225467, 0.23482081716480446, 0.1366842831124197, 0.11744836664114013, -0.25928021421680153, 0.7108005167834173, -0.38334038215475985, -0.12258834928420059, -0.45162143181614206, 0.015766207062837732, -0.009132228236639136, 0.09116728024179817, -0.0927174415176736, 0.34291638873891345, -0.21450331789893848, -0.06694967413006328, 0.49040208173017663, -0.10336934064965603, -0.20823144643490682, 0.6209917710648538, -0.35869484604627955, -0.05591510980598055, 0.011795608215585717, -0.959979438603151, 0.29465651211044264, -0.30576575206202666, 0.06775831369366561, -0.12427189984034598, 0.6351532586499224, 0.3523035124431293, -0.044990605710547055, -0.41672103707720043, -0.29815862791587666, 0.13591477276617267, -0.22574025949743315, -0.18071162210511968, -0.06867553892904488, 0.09813091833407386, 0.02598215237307941, 0.25500959966167547, 0.19766545411815278, -0.3458247313028307, 0.03016855853949376, -0.12925908293295088, 0.06095102670986169, -0.04733408001099246, 0.1327139565828413, 0.2298224885605827, 1.1915074851379863, 0.11639109884589924, -0.12490152623592066, 0.0678691961606382, -0.3076039825844652, 0.19582028256470344, 0.10384628415840487, 0.1703749453867186, -0.11927259131884677, -0.02331399769251864, -0.03686067132654719, -0.1284415213762024, 0.2340744834583986, 0.025853516050195816, -0.34863612085525253, -0.47438491460541565, -0.16345120999979873, -0.5837086433227957, -0.13656541522461035, 0.2516694149435961, -0.0869272163300367, 0.09142435693362408, 0.8346416125203141, -0.02709768143141894, -0.18501518605960776, -0.06039749097706544, 0.14353058548048084, 0.14660631288947354, -0.16409499797941213, 0.202206689326548, 0.09477100903617171, 0.04981380086111609, -0.19027224961852424, -0.08326902028497393, -0.09197202001156823, -0.09369590051276722, 0.11745756977108263, 0.5408437312966278, 0.32568236949545454, 0.029939980354603553, -0.0924689230187566, -0.00024497241486086955, -0.23447376081818783, 0.006972277013869492, -0.27406616591497934, 0.4002372524106807, 0.23768945041276113, 0.04240154065213127, 0.3521112779324143, -0.4322603708895195, -0.15624449720884367, 0.1005746371732097, 0.1533060059190415, 0.3293650870198144, 0.9799877319082435, -0.8364842516361041, 0.22488687995147125, 0.1618408256415578, 0.41436044431636754, -0.10053936716153228, -0.11648263872765871, -0.020747572925839522, 0.18375210246103674, -0.31048728463321584, -0.04039027191178472, 0.7730131324950171, 0.058884057406280096, 0.14681590627476904, -0.25081209866338505, 0.11175982076242184, -0.2269092196908059, 0.18448645709099523, -0.025450656390526547, 0.36559538838576217, 0.3534519006691337, -0.6994221009523475, 0.04891778513564265, -0.4364135144759017, -0.5918321873184663, -0.43052715387142804, -0.6426880079607344, -0.4766500914767705, -0.8317410117831437, 0.06995034781121574, -0.3195491362195773, 0.06531271600492423, -0.48779706296823333, 0.14592782109025818, 0.23947053075576305, 0.28908897689740487, 0.3256479979106777, -2.840184031124097, -0.02045157868632759, 0.08032071966802652, 0.039624070807971465, 0.23373217098818522, 0.4361229061107822, -0.2819332399454748, -0.038651408070081064, 0.525431326599486, -0.21114605750422794, -0.08586202368741616, 0.2238613187851068, 0.1388172850084135, 0.34382810955285004, -0.14736231069083816, 0.1494827508621434, 0.15287731519018283, -0.3781256791697105, -0.08527754698914361, 0.05195105763787386, -0.23385086076029693, 0.30308915214479265, -0.21480505837286157, 0.2558800945423432, -0.1732205584436568, 0.14541861464347683, 0.27035791353199917, -0.545953621520589, 0.20620900592845204, 0.7370718731495849, -0.017389834842412934, -0.28456695154321093, 0.3505985691925146, 0.5616609917109122, 0.2798301173690066, 0.8179464615315539, -0.14981444947904854, -1.4660657924534768, 0.27189379979726785, 0.09356278828149366, -0.26876910221936395, 0.3060775645197172, -0.07646532767514615, -0.35413481161136146, -0.39810596549066424, -0.3423954922078885, -0.3714012883269706, -0.13798069333895946, 0.312695431067541, 0.030659304977906046, 0.5981490899124342, 0.04558599876573477, 0.13968733807945954, 0.590480678826319, -0.04275582540445512, 0.12073092535186034, 0.3531318447568239, 0.1215422675400818, 0.1519987222356468, 0.026538052778853963, -0.18595004701348455, 0.0034192852259049265, -0.28594845913158895, 0.7937812422808859, -0.06663772197274136, 0.005697640778626613, 0.10629064071733173, -0.26624509930256013, -0.10312140343749315, 0.13742863393109517, 0.7641971940581245, 0.14536403789982347, -0.3307683254955517, -0.5252150051626483, -0.06083223345535943, 0.2734019939666949, -0.09191263422293723, -0.4735102555929477, 0.1678986852789131, -0.161247047628152, 0.3398060194926809, 0.060031593572652926, -0.43218949061102657, 0.3834945929509062, 0.05352216789271956, 0.10061196789074091, 0.4575511841172261, -0.7513718544517056, -1.125553331366531, -0.07176704485715682, 0.23658681700536785, -0.026752509354653543, -0.24362041916431545, -0.3578816780101472, 0.30338178014016337, 1.1974506698936354, 0.8270101955462199, 0.1887501029812069, -0.5190931897713008, 0.2005572399815574, -0.2830024733581899, 0.6381245743169573, -0.6739613832810257, 0.33351377774304486, 0.9758588176304956, 0.46946275417543293, 0.4428659646967405, -0.25257160220556424, -0.11815496155850665, -4.085366793770848, 0.8442545847978957, 0.21186227330446847, -0.7624973357910128, 0.4826595597462642, 0.2244849101547899, 0.07404505808542247, 0.40310806160292456, -0.31733853089693825, -0.02934307761670993, -0.15860256438003315, 0.13714095319581585, 0.34456606675696905], "config": {"experiment_name": "generalist_naa_e_set_2_r4", "comment": "Adaptive alpha off test", "enemies": [2, 4, 6, 7], "h_neurons": 10, "population_size": 100, "n_generations": 75, "parents": 50, "children_per_parent": 4, "mode": "generational", "cx_method": "cxBlend", "cx_kwargs": {"alpha": 0.25}, "do_adaptive_alpha": false, "alpha_base": 0.1, "div_bias": 1, "div_threshold": 2.1, "delayed_exp_gen": 25, "mut_probability": 0.05, "mut_method": "mutGaussian", "mut_kwargs": {"mu": 0, "sigma": 4, "indpb": 0.3}, "parent_sel_method": "selNonRepTournament", "parent_sel_kwargs": {"tournsize": 12}, "survivor_sel_method": "selNonRepTournament", "survivor_sel_kwargs": {"tournsize": 12}, "do_fitshare": false, "dist_func": "hamming", "fitshare_radius": 100, "fitshare_strength": 1}}
