{"run_Model 1_e2": [84.0, 80.0, 84.0, 84.0, 86.0, 84.0, 84.0, 82.0, 78.0, 84.0], "run_Model 1_e5": [100.0, 91.60000000000008, 95.80000000000004, 97.60000000000002, 97.60000000000002, 92.80000000000007, 98.20000000000002, 94.00000000000006, 98.80000000000001, 92.80000000000007], "run_Model 1_e7": [61.60000000000034, 77.80000000000021, 72.40000000000026, 50.80000000000031, 78.4000000000002, 77.80000000000021, 77.80000000000021, 63.40000000000034, 68.8000000000003, 73.60000000000025], "run_Model 2_e2": [88.0, 92.0, 84.0, 88.0, 84.0, 88.0, 82.0, 88.0, 90.0, 84.0], "run_Model 2_e5": [95.20000000000005, 95.80000000000004, 91.60000000000008, 93.40000000000006, 98.80000000000001, 94.60000000000005, 93.40000000000006, 94.60000000000005, 95.20000000000005, 99.4], "run_Model 2_e7": [77.20000000000022, 67.6000000000003, 62.80000000000034, 73.60000000000025, 80.80000000000018, 78.4000000000002, 77.80000000000021, 76.60000000000022, 77.80000000000021, 77.80000000000021]}