{"run_Model 1_e_set_1": [-245.59999999999985, -225.3999999999997, -225.3999999999997, -91.59999999999962, -225.3999999999997, -219.3999999999997, -217.3999999999997, -206.19999999999968, -273.5999999999998, -217.3999999999997], "run_Model 1_e_set_2": [-225.3999999999997, -0.9999999999991758, -123.59999999999923, -295.3999999999997, -81.39999999999921, -225.3999999999997, -124.59999999999948, -41.59999999999917, -74.19999999999925, -33.999999999999204], "run_Model 2_e_set_1": [-209.3999999999997, -217.3999999999997, -198.79999999999967, -217.3999999999997, -218.39999999999972, -209.3999999999997, -225.3999999999997, -225.3999999999997, -217.3999999999997, -225.3999999999997], "run_Model 2_e_set_2": [-107.79999999999946, -43.999999999999204, -59.39999999999924, -125.79999999999947, 14.60000000000079, -213.3999999999997, -49.79999999999919, -225.3999999999997, -27.59999999999917, -112.39999999999921]}