{"run_Model 1_e_set_1": [-245.59999999999985, -225.3999999999997, -225.3999999999997, -91.59999999999962, -225.3999999999997, -225.3999999999997, -209.3999999999997, -225.3999999999997, -225.3999999999997, -217.3999999999997], "run_Model 1_e_set_2": [-225.3999999999997, -0.9999999999991758, -123.59999999999923, -295.3999999999997, -81.39999999999921, -225.3999999999997, -225.3999999999997, 51.2000000000009, 29.600000000000563, -56.3999999999992], "run_Model 2_e_set_1": [-209.3999999999997, -217.3999999999997, -198.79999999999967, -217.3999999999997, -218.39999999999972, -228.79999999999973, -225.3999999999997, -225.3999999999997, -292.5999999999999, -217.3999999999997], "run_Model 2_e_set_2": [-107.79999999999946, -43.999999999999204, -59.39999999999924, -125.79999999999947, 14.60000000000079, 13.000000000000796, -97.5999999999992, -295.5999999999997, -29.999999999999204, -101.99999999999898]}