{"mean": 69.217706307727, "max": 69.21770630772701, "std": 1.4210854715202004e-14, "best": [0.35617674682078587, 0.025582112657471387, -2.316039669581953, 0.05793243926039303, 0.09895150412167221, 0.2006813877847797, 0.0376795213633716, -0.021342958860387236, 0.017587632794811774, -0.13507962909182372, 0.19673796226034132, -0.18663002606668255, 0.1795204394250647, 0.3969034932519434, 2.8147615861540856, 0.31938385535127123, 0.2641444157193022, -0.03025264073317261, 0.2667010338848902, -0.05186210120172702, -0.13552583544990343, -0.03376980485396082, 0.17252855162670275, -0.04708303949912401, 0.10844417507488058, 0.2580409143229316, -0.057883787269845166, 0.9430921794952926, 0.01550076577658428, 1.7318940429827268, 0.08467870616713606, -0.3642123789114951, 0.13640183885568194, -0.1928997974561596, -0.14003047736733204, -0.310767385962472, 0.30690099982342023, -0.1895076130457532, -0.477461462627748, 0.23263872290617696, 0.08080912967882493, 0.0730839662257971, -1.1713339501903755, 0.9320741597117301, 0.330306871790939, 0.2553528951516389, -0.04370567169201456, -0.4498583112712991, 0.13872305080917766, 0.6612926528729719, -0.1300802571463474, -1.7384935237491894, -0.10624120655774935, -0.09463371937379784, -0.4550471361573045, -0.19319226314586835, -0.12329369029902473, -0.7121964381438983, -0.27588039031602135, -0.4108804216313488, -0.3946041566696367, -0.6544042319932537, -0.06018188527323382, 0.05924021068437041, -0.6209456207388837, -0.2847687453345273, 0.15750606330735492, -0.36311246640858497, 0.41972060148314394, 0.12378673511957755, 0.09224203185067681, -0.05350759112305953, 0.1658619301165947, -5.281031863827572, -0.15444841444259513, 0.150190157705899, 0.3686825909323984, -0.27352715487669454, -0.13400411887809754, -1.250197661463649, -0.15509771046656487, -0.20439793394384187, 1.4127963773719523, -0.1080879471636067, 0.4138638530090928, -0.1769050158407603, 0.06044157320119148, -0.682206356813907, 0.36725630545214216, 0.11995791445041218, 0.53224174860036, 0.3281846404248423, 0.02777712698806505, 0.34591350785031205, 0.06797495871316288, 0.08393631653807612, -0.6507388655497013, 0.4226043644102196, 1.3361714360788841, 0.08877402023225986, 0.11601543561809066, 0.1313173570429728, 0.6182182059158973, 0.811174622113979, 0.48112998073768487, -0.34128743713273185, 0.3792332844558079, 0.05555903011090411, 0.2229112792545629, 0.8673923353768866, 0.14271663266308932, -0.3526896154206839, 1.086560535881623, 0.6370753212622089, -0.06436450817366995, 0.3248050993154571, -0.07648111430872301, -0.18101347236373724, 0.14526984372801846, 0.0019996403775050745, 0.20469851831031993, -0.02732679316064339, 0.06743043963984638, -0.1967787021634576, 2.5275858522647647, 0.03376084434662129, 0.32412735069274606, -0.021943692413579977, 0.17409315085213242, 0.3444784727805314, -1.7939359637935333, -0.2425420845655508, -1.7522498140500216, -0.30269064768602316, -0.6408380338295552, -0.2395415582381368, 0.18396294606878724, -0.15023340015776956, 0.3015156681325912, 0.23296134389165385, -0.28113830104138815, -0.19042721787418748, -0.4138925783463981, -0.09208995004511615, 0.6462648600949887, -0.16843791969605074, -0.80858079319219, 0.13246046441500867, -0.12595657682483152, -0.3303302796209349, -0.10455987309707841, -0.2002824494464508, 0.033823357653154314, -0.5795903335699384, 0.04197684640138049, 0.5398439195665891, -0.06820909306999885, -0.20709343119340085, -0.3965582965073968, 0.07625307861550186, -0.11346258430789871, -3.6075627943499224, -0.32371861389201995, -0.012715758461738572, -0.27644646610090484, -0.26492313661110245, 0.036944485209508195, 0.7204417822552325, 0.18150082575230625, -0.009775640153740911, -0.528195155138592, 0.2104014578349534, 0.2512586120706015, -0.1969318243825199, -0.05104703479717237, 0.09319587781452887, 0.30487604385727884, -0.02286158202699002, -0.06371805149951747, -0.003934633109740893, 0.22859693472338552, -0.2593594439401476, -0.049448036980127785, -0.4626021359249613, -0.09428463267269284, 0.6627909166266751, -0.31474862108933344, -1.5386374512155694, 0.16159159848604326, 0.10493801755918396, -0.8406285448401989, 0.1329691616618651, -0.5456608402411712, -0.21594515245560936, -0.7083747357626816, -0.17162077545203658, -0.3218261543698102, 0.3500538654983639, 0.5311541604240837, -0.1314521321821664, 0.2361888104713826, 0.17227315861261575, -0.225499727948866, 0.2518181246145712, -0.2591518773628215, 0.1231787010272673, 0.254908104489569, -0.5348283051746737, -0.009254967230204547, 0.025145518887540026, -0.23851692141209657, 0.4114126676533244, 0.921551625015106, 0.36812385521001445, 0.4369909244278332, -0.040350501632123975, -2.983456927186894, 0.4388013449180189, 2.5496230251916936, 3.822367956829915, 0.32724337851208374, -0.11367127294712863, 0.11741071787380658, 0.28374425506454365, -0.6031600218532596, 0.0883024460758847, -0.08740904893439334, -0.028809110568465267, -0.022032092346542763, -0.4739082489660751, -0.1641306154256898, -0.25980277226132736, -0.23153291715791144, 0.41679636191506275, 0.37709215132597584, 0.06687379855398497, -0.14395573101003253, 0.3115912373081912, 0.7596768890051045, 0.14887149506124123, -0.12277029402306389, -0.44980866796930785, 0.35825155159186045, -0.07352889368258403, 0.030045988565576554, -0.20170683224009342, 0.16332233823729708, -0.2914801885774239, 0.23560198309174035, -0.15264915760988568, 0.16868276127252044, 0.05993375880008072, -0.02739580555057519, 0.15689771727073545, -0.3737612260819527, -0.6530799792398561, 0.05542734030412045, 0.5679287643843345, 0.09049281828891267, 0.259507203353733, -0.2987292679416254, 0.42021140998166373, 0.727954080622194, 0.15036718103318103, 0.0968957514156815], "config": {"experiment_name": "generalist_aa_e_set_2_r3", "comment": "Adaptive alpha off test", "enemies": [2, 4, 6, 7], "h_neurons": 10, "population_size": 100, "n_generations": 75, "parents": 50, "children_per_parent": 4, "mode": "generational", "cx_method": "cxBlend", "cx_kwargs": {"alpha": 0.1}, "do_adaptive_alpha": true, "alpha_base": 0.1, "div_bias": 0.9, "div_threshold": 2.3, "delayed_exp_gen": 25, "mut_probability": 0.05, "mut_method": "mutGaussian", "mut_kwargs": {"mu": 0, "sigma": 4, "indpb": 0.3}, "parent_sel_method": "selNonRepTournament", "parent_sel_kwargs": {"tournsize": 12}, "survivor_sel_method": "selNonRepTournament", "survivor_sel_kwargs": {"tournsize": 12}, "do_fitshare": false, "dist_func": "hamming", "fitshare_radius": 100, "fitshare_strength": 1}}
