{"mean": 73.38364144643185, "max": 73.38364144643182, "std": 2.842170943040401e-14, "best": [0.1965107626456527, 0.011694489191528731, 0.30908672693838335, -0.3550294488969581, -0.039590364230677313, -0.20061377769630723, 0.8711269966977477, -0.18116824558992184, -0.4777987979187907, -0.2574618335114318, -0.2499648545196874, -0.19005329895024192, -0.02782029666535114, 0.1355122828195658, -0.272074956263756, -0.022975106917047423, -0.033233171066742125, 0.13491602343279074, -0.2975647416160938, 0.026754560686437386, 0.21404843093558654, -0.3480640172245553, -0.06016416587743015, -0.06693339521656273, 0.2755728319236747, 0.07496258841995841, -0.5800199106282896, 0.11741702310431582, 0.004627483199566554, 0.24168277381407297, 0.01408773672037733, 0.20787101800164298, -0.3063974383136969, 0.36609639706193087, 0.23041450792703017, -0.13474306890389143, 0.014545246527108683, -0.27458563411627684, -0.7490018707620922, 0.17277037375992443, 0.3398838854321572, -0.04058888833036592, -0.14802248713984714, 0.9146122562684349, 0.4381996706886746, -0.08741457712798802, 0.47479533808532837, -0.2695131672950266, -0.13692289199944463, -0.2169520057853898, -0.5500607418772154, 0.07355534994635572, -0.012702944345523258, -0.03623765315793348, 0.35274885019073565, 0.013855807879062529, 0.28326983966693375, 0.2559705893394065, 0.1355193477685716, -0.3160121396480555, 0.27410872189622115, -0.03206587111056579, 0.10197985129210212, 0.10073916646082698, -1.6107184547114508, 0.23087194813571493, 0.1625784349249336, 0.24944101973284596, -0.008752538522349387, -0.11378790221688945, -0.024066902769441074, -0.043459505458031546, -0.28351552858114454, -0.6795737206144762, -0.6444028722686391, -0.28536304151844966, -0.12443281065253259, 0.07350852963491201, -0.03600680541482572, -0.018195720107605347, 0.20057719386529904, 0.055642941965268755, -0.49733742145840126, 0.7549203708252, 0.05278744279466535, 0.20949123621983806, -0.3617610214563187, -0.11466464051270273, 0.18873026914544982, 0.18092784403008685, -0.12984192958794005, -0.27097964534829144, -0.008958932060338315, 0.04445628045318587, -0.3404495910876265, 0.15997987026562485, -0.3479064462698563, -0.4774764118671025, 0.20867708402544008, 0.19876794925300337, 1.4721913510463722, -0.31069667780756816, -0.226120148868509, -0.1600364599401682, 0.2197447248197678, 0.21454645552390442, -0.10555403871082453, 0.2829760315180232, -0.004239364063215635, -0.03691360005294142, -0.03665838775889042, -0.03668620800048447, -0.016475064611673203, -0.054594482950067705, 0.10487943786450188, 0.7662008662392281, -0.6905370638496191, 0.08456494228003723, 0.18810684131119687, -0.02367226951399344, 0.0755805322584975, -0.41292201222678643, -0.22392868321112072, -0.04732529693904985, -0.44458600006546145, -0.2628469321074528, -0.1558674193438544, 0.018196270224885878, 0.2033463568883833, 0.04256061903570665, 0.0025602271188282927, 0.18014584660485772, -0.14819573548944862, 0.24385393307425585, -0.10257331532968332, 0.18232934971805842, 0.251361408062818, 0.4679115325185555, 0.3218410851531579, 0.06670092600725253, 0.2605805732618552, -0.42477363318784456, 0.14203752995148217, 0.12148464424534862, -0.4187779232988818, -0.557963630971122, -0.10667648246337089, -0.11063263798831535, 0.012011541462849122, -0.098701431877872, -0.21962748885157074, -0.8008816720520633, -0.38847703047851406, 0.13229138947074506, 0.100671895069925, 0.23752255256512225, -0.06039787964139014, -0.0585480100407639, 0.09013132594163732, -0.35996365838581224, -0.14179257969379144, -0.3609617998760067, -0.19788991872557143, 0.09274790222551416, -0.2403141267484275, 0.17421490103554374, -0.31422037834842026, 0.1257812421418615, -0.1488857613681373, 0.04485440218189615, 0.43343350853979234, 0.22716608459388618, -0.22849647496722986, 0.009416717420635625, -0.11105611439004415, -0.1787843534811357, 0.01568587838191418, 0.2509244992934948, -0.5424344293299694, -0.2679780441678171, 0.08177422762744437, -0.6296639358304986, -0.20103377410387552, -0.1571124224104954, -0.2928463358294791, -0.11862067790195664, 0.04352276314956539, 0.1380518259767899, 0.1614034034868744, 0.0013950448499532103, 0.004793307352473216, 0.3175609503896992, -0.15983100775990022, 0.6044614547698419, 0.009968559320778966, 0.03989309966244689, -0.2362123349161232, -0.4445948457865914, -0.1510151529610572, 0.09743307265486018, -0.17770240887793723, 0.20805592943503057, 0.11615578343041605, -0.5196348016694912, -0.4386091430487483, -0.12584290053557506, -0.6229655252139381, 0.3784621188759063, -0.2747590375046821, -0.15550287470871815, -0.6633500699571453, -0.15085834686286442, 0.18190653097197718, 0.323593218287134, 0.5021377677547404, -0.23600354177433386, 0.3033443398887792, 0.48133141433813936, 0.37715410100176067, 0.07075055028851493, -0.32282486121997384, -0.03554687591699604, -2.5163588578800584, 0.18779123481552293, 0.3977118977498999, -0.25558606300466113, -0.8064297870775006, -0.022505229259088242, 0.3482130259861599, 0.06515280890479855, -0.03954103235883738, 0.4923799840646095, 0.3135663497778802, 0.0211245133695976, 0.3434505766891384, -0.062419719345126766, -0.21926882455756752, 0.5451302012829312, 0.24486295145463283, 0.061267048615562945, 0.22816269472037443, 0.05733788806336394, 0.10186841360618337, 0.2709246814979042, 0.5005125774467268, -0.015180388363199128, -0.5342963651399222, 0.11850358116433676, -0.26903807062884955, 0.1729578660027074, -0.09033312784613359, -0.06595103331699677, 0.2705367856096953, 0.042797846078489375, 0.3839030164554956, 0.18772515698121686, -0.12679324056229185, 0.03749853401837873, -0.3402369913243131, 0.1711288109871898, -0.3113613839219503, -0.4942589869902107, -0.14905671422578465, 0.39333895427786136, -0.10127045009047733], "config": {"experiment_name": "generalist_aa_e_set_2_r3", "comment": "Adaptive alpha off test", "enemies": [2, 4, 6, 7], "h_neurons": 10, "population_size": 100, "n_generations": 75, "parents": 50, "children_per_parent": 4, "mode": "generational", "cx_method": "cxBlend", "cx_kwargs": {"alpha": 0.1}, "do_adaptive_alpha": true, "alpha_base": 0.1, "div_bias": 0.9, "div_threshold": 2.3, "delayed_exp_gen": 25, "mut_probability": 0.05, "mut_method": "mutGaussian", "mut_kwargs": {"mu": 0, "sigma": 4, "indpb": 0.3}, "parent_sel_method": "selNonRepTournament", "parent_sel_kwargs": {"tournsize": 12}, "survivor_sel_method": "selNonRepTournament", "survivor_sel_kwargs": {"tournsize": 12}, "do_fitshare": false, "dist_func": "hamming", "fitshare_radius": 100, "fitshare_strength": 1}}
