{"mean": 79.56159066397453, "max": 79.56159066397453, "std": 0.0, "best": [-0.2511526326610416, -0.026178745884346426, -0.28903646378166004, 0.8452407863060781, -0.2314197252554483, 0.21469738621885706, -0.13896082042410687, -0.29081401071239454, 0.7547620890084019, 0.20498230901839384, 0.01202373068468917, -0.11482918891425789, 0.12888167142840332, 0.03943250369614082, 0.01025904883443439, -0.18682776283488656, -0.0853046659670327, 0.1964149814987397, 0.24070130299590323, 0.001901473049812493, -0.31624497682256103, 0.14072581476291282, 0.2943833477565772, -0.044106788415867036, -0.04376222935797338, 0.1065098290406241, -0.3328382375290924, 1.5409698160437502, 0.051073895568398975, 0.28908605823131045, 0.098511604447993, 0.045191855602470764, 0.1755387081198011, 2.1240272136289016, -0.33877941416996005, -0.009485540332227647, -0.18393931010274572, 0.00869882699700899, -0.10358106192455335, 0.22071490233989713, -0.7182384807753206, -0.4889254061173801, -0.13844555854557733, -0.27800141132006345, 0.10284705962286209, 0.26863834251547714, 0.23415615915839266, -0.16602500807200835, 0.12617932910870758, 0.10073190285602877, -0.029197524440652944, 0.6320337005122438, -0.24363229514854226, -0.4335716625393863, 0.34611043158527105, 0.3172221934657951, 0.5056544120977496, -0.28073673029264823, 0.2524224836936545, 0.06196351951773104, 0.13674908731629692, -0.5500030479175227, 0.026237019598689057, -0.006527335067565609, 0.037273344747774155, -0.14695294939974352, -0.29249370346223674, 0.29994240319467086, 0.16639801494077158, 0.22217261197397248, 2.728812075016628, -0.20247948195282717, -0.10581509018953701, 0.17710316408673152, 0.23294693502879052, 0.2188489823815096, -0.8153813341673785, 0.13061398361744722, 0.3725267876384705, -0.09485279709116692, 0.1959400225903218, 0.031660877887565685, -0.028814083150798003, 0.480600289444391, -0.32694734974153333, -0.26423148868993557, -1.0405505330047091, 0.23136483763607507, -0.04260925423381763, 0.19150150242603564, -0.41406220040429986, 0.11641968336025227, -0.21930550720829178, 0.06905185182984183, 0.10682405520560154, 0.119237148399229, 0.0002109528622034815, -0.8126439019263301, 0.35194323745426886, -0.15713332021661142, -0.0800992718557992, -0.19526397406065957, 0.12101836589404479, -0.1408511731745735, -0.4266058058023783, 0.3329908381479742, -0.329701223728017, -0.08181457653276307, 0.10523343748195901, 0.0024365325358601947, -0.04517501471637333, -0.03566811411907805, -0.29920406710108627, -0.762542550331863, 0.1622939006228991, -0.34100313693748624, 0.07548618305820365, -0.11355738519806537, 0.20156320798477784, 0.02967570976308463, -0.28891047146561594, 0.06251554174061094, 0.3562905210296296, -0.42261104859641063, 0.390297383504302, 0.2351374938729891, -0.45886765722898915, 0.3839452977054112, -0.490172175907363, 0.08274552650317324, -1.8182233199037283, 0.210832425535355, 0.4740107865157953, 0.20481212843846258, -0.2110390592081012, -0.08912653198778314, 0.21568655284755006, 0.27835753211870073, 0.3346692270711003, 0.4807905886177264, -0.0206247438269309, -0.016335692701081875, 0.5010554920376216, -0.196939471863216, -0.44817021438986593, 0.3391521047802202, 0.04224555189352146, 0.39341786458334677, 0.30769192044181176, -0.1758532142432355, -0.003847339347839928, 1.0361738820161914, -0.048895735845652266, -0.469330483830662, 0.07974788065093022, -0.20743600530456474, 0.4833548543918081, -0.17236211242120172, 0.13163814510828176, -0.22315629638851717, 0.10792390052919063, -0.07543793068300285, 0.21632626029780105, -0.26359071853977517, -0.09438455252833056, 0.3215238077012988, 0.06623416582699311, 0.08381406809845282, -0.08245120103202584, 0.037600733201509334, -0.2269324306269437, -0.12345661443478426, 0.19744768306306218, -0.09088542006754151, 0.030701625269980982, -0.3111507180064732, 0.06072984982041778, 0.08714712863507545, -0.20249654717445825, -0.010211166986518064, -0.2835691204788859, -0.36092498917063387, 0.4380059720100947, -0.06137628437433766, 0.05141266990274723, -0.26965445153212464, -0.15031365447496658, 0.04291174994211189, 0.6095871423178578, -0.3638750492595047, -1.0353110716696725, -0.13525656861664526, 0.24353899975051657, -0.5329186502034995, -0.12481570929864966, 0.3896056960059434, 0.003888727818456026, -0.12978611575956392, -0.12244408784126319, 0.14853151673015852, -0.13153469494655545, -0.47547618702879824, 0.34944241588575425, 0.04485567216743188, -0.07215662470239158, -0.17016815721353495, -0.16541987000509872, 0.1514634217768709, -0.15061523492217557, -1.8046343318133762, -0.5182570438942897, -0.21571656312295023, 0.47079757800796007, 0.3899547571069016, 0.3150099238454954, -0.28529218305462806, -1.1740527844051365, 0.0919201902694753, -0.1225878079329995, 0.2653412280154688, -0.16504293086984015, -0.49176246134831963, 0.46430413688931277, 0.2243990447916092, 0.17254781491004112, 0.25309273569406215, 0.34210337882379566, -0.000861794811303268, 0.6071669131014978, 0.3691323637389182, -0.0844403019036349, -0.18484584924949032, 0.2578455763324352, 0.20689497123124317, 0.10874344330473071, -0.5608141334381541, -0.13376788655079352, 0.3160000493192419, 0.407297816476208, 0.14297253846516433, 0.03805281039270838, 0.04221603501395961, 0.007761453938442324, 0.5327372566682604, 0.34710558488101934, -0.4829560286704605, -0.29862750287530515, 0.08616567626327738, 0.08696790765246731, 1.494220836241702, -0.5212750401508293, 0.2952781257384889, 0.11838884993953795, 0.26945238427354123, -0.03078983855458528, -0.44630083473482185, 0.13017496466519457, 0.1183813883902845, 0.008507042306202979, 0.6998563151560504, -0.1186625646757884, 0.009345523962160818, -0.0807269758753382, 0.18600023747386343, 0.3328290977950262], "config": {"experiment_name": "generalist_aa_e_set_2_r4", "comment": "Adaptive alpha off test", "enemies": [2, 4, 6, 7], "h_neurons": 10, "population_size": 100, "n_generations": 75, "parents": 50, "children_per_parent": 4, "mode": "generational", "cx_method": "cxBlend", "cx_kwargs": {"alpha": 0.1}, "do_adaptive_alpha": true, "alpha_base": 0.1, "div_bias": 0.9, "div_threshold": 2.3, "delayed_exp_gen": 25, "mut_probability": 0.05, "mut_method": "mutGaussian", "mut_kwargs": {"mu": 0, "sigma": 4, "indpb": 0.3}, "parent_sel_method": "selNonRepTournament", "parent_sel_kwargs": {"tournsize": 12}, "survivor_sel_method": "selNonRepTournament", "survivor_sel_kwargs": {"tournsize": 12}, "do_fitshare": false, "dist_func": "hamming", "fitshare_radius": 100, "fitshare_strength": 1}}
