{"mean": 91.60047643917699, "max": 91.60047643917702, "std": 2.842170943040401e-14, "best": [-0.012405800380075504, 0.1719908833441411, 0.38103151771201255, 0.04675264954745084, 0.03014356551942166, -0.13422779706047355, 0.062453341074566904, 0.287910205101522, 0.32742930853098434, -0.30509930257398765, 0.005472006292563335, 0.05580201008285085, 0.14409589862270406, -0.24443265640376372, -0.2529263352121264, -0.34938496701716043, -0.3104756683119587, -0.226643050045493, -0.32190812592521884, -0.6322205415521244, 0.33184626464812117, -0.2518311510192186, -0.029915518002953972, -0.015514850873671781, 0.18952361800923045, -0.35502022883202583, -0.3101111746984513, -1.017002791127979, -0.4458089373748695, -0.06978172758899752, -0.08198607613379966, 0.974150793525143, 0.09746599809945876, 0.008817618865964643, -0.25113481439657437, -0.47397139362765106, -0.10414420296252105, 0.06694806362786977, -0.1556565276414742, 0.4433160935498813, 0.07269329024428807, 0.18339283911247278, -0.11816266481085602, -0.20758879703184424, 0.5679459516456374, 0.03493049239423377, -1.3908281551854307, -0.2986116565072527, -0.1665035315318551, -0.06646669291110929, 0.270095360477125, -0.027326322019581177, 0.08144283581011925, -0.4743796550662926, -0.3412754494906455, 0.025995091038031125, 2.745869233120422, -0.14658319226087246, 0.25773253736548274, -0.21299538163842574, 0.21241631246138332, -0.15382116159853193, -0.36848015792822086, 0.3957824852493219, 0.17588903272260742, -0.870134448777401, -0.2793594547482014, -0.14887834644648026, 0.10918786368805654, -0.1390301360134194, -0.21401887690067295, -0.05575680662574783, 0.18346059249338206, -0.22333419801082877, 0.06965452201513112, 0.18560674228564344, -0.2993719716795362, 0.15755826467824885, 0.1855579375851847, -0.07482207144303733, 0.12756702515728763, -0.5360109418389147, -0.31568288605680583, 0.2942929716803215, -0.0010741102751267025, 0.5697558893525037, 0.04227507840662375, -0.15262557025948573, -0.22932717578191603, 0.2529332599095624, 0.13335187447907057, 0.37082034326886665, 0.8119245941930902, -0.1771514586744128, -0.6597230347009833, 0.554873264677263, 0.87422262156613, 0.050386468092594214, 0.036529615169773134, 0.038790486588154184, 0.02888635585578938, 0.5752142704265966, 0.6506875919358864, -0.4726882887465813, 0.07071970487829374, 0.29577362223136133, -0.3840120306793986, -0.039331284085010916, -0.05633423148587313, 0.20904004057728376, 0.13819994200330102, 0.014946088001695869, -0.36934724931260726, -0.18529647875455652, -0.10386995867352394, 0.25945714919825813, 0.27028161648191673, -0.5066163047309491, -0.05406925691210588, -0.37942622994798303, -0.027472578673542386, -0.5210691140688672, -0.2215571785120904, 0.06526478860636209, -0.17792509279319602, 0.29892631944006415, 0.002706395223540224, 0.13657154973448637, 0.15943268882307185, 0.2941602598332217, 0.35908675337613993, 0.2042933120364479, 0.2753635904409616, -0.2643128615642716, 0.04471014192099819, -0.26076351520960417, 0.10039821012824592, -0.08410217666296435, 0.10660776904274438, 0.4956574976630927, 0.3735729399685789, -0.4184614526049726, 0.04868177858716239, -0.2917268881469555, 0.11044290923012107, -0.25137678703701366, 0.6306943268107048, 0.7094141697630928, -0.09268854115466411, -1.0544747075609315, -0.048280143837412665, -0.2004420650118502, -0.18336930311320165, 0.5878671863618455, -0.1634676926088782, 0.5903123188998644, 0.0717221588027211, 0.5910093687454966, 0.05696193390152509, 0.08003041661216242, -0.04425727149131033, -0.08737414498645443, -0.15547580943032466, 0.18168991356446185, 0.09557059808142634, -0.33798313442362493, 0.39935969311896913, -0.7279616696457377, 0.020383057145737862, -0.0030885251951650013, -0.1901186420861316, -0.2564183087844704, -0.38045166882756964, -0.04821797409084554, 0.12106798986431395, 0.12169299266880784, -0.144988256433366, 0.04773142740795349, -3.447389660785031, -0.2949816603153552, 0.004550335098863451, 0.08337274144835796, -0.03828159461833135, 1.0347522419683637, -0.3933817605006908, 0.2236193730281173, -0.1050920103152052, -0.14850278688735608, -0.052539697543541715, 0.22029040784143752, -0.5130043473594069, 0.07808833912390802, 0.804138881601683, 0.09759580190265961, 0.4549632108086902, -0.3038637423593182, -0.4466701310519258, -0.3672848582908262, 0.771086870478215, 0.28692360317065047, 0.13249213459206072, -0.35118325965123043, 0.4251134298452853, 0.17351909687293463, -0.11318897587912966, 0.21372434094656523, 0.1309749408150764, -0.5649420291078493, -0.4581814580905545, -0.02120165276341864, -0.33851691042973014, -0.4893015185694569, 0.5869622564871435, 0.2690352094660245, 0.1770979184084668, -0.0526665707933778, -0.32273040183471385, 0.21019198985114715, 2.137618075535035, 0.3456088278909185, -0.11897793821091728, -1.4388831299870706, 2.2198379439167417, 0.2300781481448164, 0.40658235574878177, -0.36043084552286897, -0.025412129953696953, 0.8462266343384188, 0.6910397344220929, 0.011190559497391457, -0.358041739468945, -0.8376625767314675, 0.2916074087929601, 0.12169034741641653, 0.16211744676790069, -0.3331985240466403, -0.17724080935769168, 0.004568531345669155, 0.4050034509415673, 0.017144685326668116, -0.28552698524430664, -0.6315641682181391, 0.3391843965128764, -0.2853139053246098, 0.5727541498846043, -0.3747548954737241, -0.024427735826087284, -0.12437613069610519, -0.11599972065778809, 0.2018256919562892, -0.3657748307933436, 0.13222796702877346, 0.0016612494790498279, 0.1745639098003059, -0.09768548395946333, -0.4031808606859337, -0.031723211742932314, 1.0183315186070527, 0.29852577145402326, -1.893004328049114, -0.1756140992255248, -0.22037944690645064, -0.008961166425137935, 0.16835929777933575, -0.23971826381465972], "config": {"experiment_name": "generalist_aa_e_set_1_r1", "comment": "Adaptive alpha off test", "enemies": [2, 5], "h_neurons": 10, "population_size": 100, "n_generations": 75, "parents": 50, "children_per_parent": 4, "mode": "generational", "cx_method": "cxBlend", "cx_kwargs": {"alpha": 0.1}, "do_adaptive_alpha": true, "alpha_base": 0.1, "div_bias": 0.9, "div_threshold": 2.3, "delayed_exp_gen": 25, "mut_probability": 0.05, "mut_method": "mutGaussian", "mut_kwargs": {"mu": 0, "sigma": 4, "indpb": 0.3}, "parent_sel_method": "selNonRepTournament", "parent_sel_kwargs": {"tournsize": 12}, "survivor_sel_method": "selNonRepTournament", "survivor_sel_kwargs": {"tournsize": 12}, "do_fitshare": false, "dist_func": "hamming", "fitshare_radius": 100, "fitshare_strength": 1}}
