{"mean": 91.28912632911124, "max": 91.60047643917702, "std": 0.14637752598565804, "best": [0.7359659166884363, -0.35015741973567704, 0.08736995680172417, 0.5857963867213618, -0.1924722298421768, -0.13368498194408607, -0.33183019916648876, -0.3709023299863879, -0.22321943630944263, -0.6505349540471044, 1.1382330749494685, 1.7509613767378727, -0.4919140069999416, -0.0128605140982131, 0.2542074524599787, 0.2777674067455993, -0.9946165198744021, -0.19625498437278072, 0.12033808104085421, -1.0965817147092172, 0.7546168556969064, -0.13534509043577286, -0.05663166996288335, -0.2265944203410693, 0.2670778800094311, 0.07033386279120478, -0.6917814144537281, -0.17179538606226788, 0.8846396674773281, -0.625966757319523, -0.06024429468275118, -0.2922036743697204, -0.14584441414200755, -1.0032211113400997, 0.272341579411716, -0.2946515345838449, 0.7332690416608731, 0.4818694701883083, 2.056075263162528, -0.23836779089470783, 0.1272745407018754, -0.1282936151053043, -0.12977864832801086, 0.2476202689219514, 0.21637153433682793, 0.207512914572872, 0.7449850119277723, -0.887220653981376, -1.1529879218742658, 0.06999704052951428, -0.19572015683678845, -0.002838952000860321, 0.16512984617645343, 0.7909851359502962, -1.5855001254096177, 0.6329072767929019, 0.14466123515659057, 0.6355378853514929, 0.7189208066192928, -0.25486543083930907, -0.02230221456734762, 0.04040628362707751, -0.07468874052765277, 0.6472000861910202, -0.26166054852886456, 0.17247086627870498, -0.4257848902438419, -0.1289329321807807, -0.28019816722463375, 0.12063394028620447, -0.2940410039502644, -0.5306451608935598, -0.0026114407603584537, 0.5305566492567693, 0.3244071120386642, 0.14544060545040505, 0.5030054375924792, -0.7193025441336853, -0.03341026205253868, -0.2614953323982915, -0.08378295546721211, -0.18922220143402166, 0.267366651437332, 0.15441354547381791, 0.4579961361184712, -0.7506457049908507, -0.08517206362483104, -0.2648489822721518, 0.4746405909206154, -0.5454008601116378, -0.17431160333944953, -0.2179907007734835, -0.1829924727358451, 0.050083059461852965, 0.29258967751796977, 0.07085930784907847, 0.387183747659446, 0.1974808803064705, -0.3616513303231677, -0.28002686441464575, -0.13811293997905358, -0.3673368905692418, -0.3450491903183971, -0.4963526273127217, -0.42168623405617967, 0.21078474167879524, -0.07960869222974218, 0.15514461506851784, -0.33311070183308017, 0.7128361572399385, -0.4034261392081819, 0.23635008095748217, 0.5234914096054893, 0.7504174541336844, 0.3778925819463623, 0.3639742491367811, -0.024730775077549488, -0.1460173181905599, -0.7661547094664314, -0.3377631887686472, -0.206080442226049, -0.5075884240747324, 0.7132859146232671, -0.44214605371129595, -0.03526391464582976, -0.33212718142913467, 0.04647213519019745, 0.5312884683682972, -0.002090426883329233, -0.30303311034268454, -0.27845706901255546, 1.3620280558523572, 0.3939961627258133, -0.2847684928957247, 0.12503859781757826, -0.14429330758247036, 0.17764413240576765, 0.5962184247854257, 0.005483819951041954, -0.03511128441369387, 0.14795618188005744, -0.023459596728152673, 0.16436421065645102, 0.08600492734112172, 0.3082940203190801, 0.40955705514335317, -0.26649250535792196, 0.3414832168779979, 0.5183036624754804, 0.007152753371330137, 2.267855377990202, 0.22849949385894305, -0.2590608441607367, -0.11898102320749164, 0.1433215154711617, 0.24525855714985295, -0.15860258765131158, 0.21976820120838603, 0.2571042851716114, -0.04604633122684899, -0.03133304681208215, 0.35922417337870094, -0.03715267118195652, 0.301264826510771, 0.4276333732980409, -0.2545239815025792, -0.272985731602706, -0.10111392171768972, -1.3700148969244397, 0.36056541744419957, -0.3161783846095173, -0.16774745079581604, -2.0920206981920764, 0.07654810522404064, -0.1791212809447677, -0.34917111897692094, 0.17559382150925706, -0.13980519266725377, 0.2228340661148594, -0.18933629446962294, -0.006981894599685572, 0.0655386195297606, -0.5613305374677151, -0.7478498891424805, 0.3493815502763189, -0.07429174501101861, -0.7447443032186084, 0.6745904254940758, -0.7272791423793734, 0.05552019626860306, -0.7839892460621067, 1.2145858574197217, -0.10001947538208476, 0.5211784984712807, -0.07888359496784154, -0.003159492430561228, -0.2530030803524741, -0.6896452091929758, -0.10595844133212155, 0.04137080676984612, 0.29024688229383927, 0.7995605963492355, -0.056471807800934797, -0.04165027275388937, -0.0346274481354442, -0.10541330533703296, 0.29265612240787786, -0.42568237339282977, 0.1041354454899128, -0.4129169481266264, -1.1621144782332413, -0.4131904869380645, 0.43729840959024013, 0.19360135934449912, -0.40352886315994385, -0.5202755117976856, -1.1642300685525477, 0.2454026412562014, 0.27356678688404834, -0.1592021336486601, -0.3666405487238092, -0.23830021858837855, 0.00721879343521978, -0.12638552982808593, 0.509253116100154, -0.16174518977464558, -0.3424431783420929, 0.05603691624154726, 1.5413561814722547, -0.9830839467687769, -0.49814898334228314, -0.5732073814932559, 0.14922335108319318, 1.0784126149172186, -0.01260033191978019, -1.2080975167427273, -1.0798369951927254, 0.09738327081867956, 1.1404592369067272, 0.19175573465338286, -0.11078352211165003, -0.5327327691099668, 0.46909938855077166, 0.5468638723137109, -0.07631033676920848, -0.12770773187727408, -0.2569922309108594, 0.6691311612400876, 1.9894071333749495, 0.09521076169273633, -0.07134095643760692, -0.0009770102672388694, 0.6352155938477655, 0.34503924708607414, 1.6713554564208564, -0.4789561093326826, -0.37467629057582397, 0.5778575319016694, 0.22536795871105003, -0.13720531990367557, 1.0602431162794297, -0.19703715847049447, 0.30138024836235466, 0.7212219053638602, -0.18933121371266512], "config": {"experiment_name": "generalist_aa_e_set_1_r4", "comment": "Adaptive alpha off test", "enemies": [2, 5], "h_neurons": 10, "population_size": 100, "n_generations": 75, "parents": 50, "children_per_parent": 4, "mode": "generational", "cx_method": "cxBlend", "cx_kwargs": {"alpha": 0.1}, "do_adaptive_alpha": true, "alpha_base": 0.1, "div_bias": 0.9, "div_threshold": 2.3, "delayed_exp_gen": 25, "mut_probability": 0.05, "mut_method": "mutGaussian", "mut_kwargs": {"mu": 0, "sigma": 4, "indpb": 0.3}, "parent_sel_method": "selNonRepTournament", "parent_sel_kwargs": {"tournsize": 12}, "survivor_sel_method": "selNonRepTournament", "survivor_sel_kwargs": {"tournsize": 12}, "do_fitshare": false, "dist_func": "hamming", "fitshare_radius": 100, "fitshare_strength": 1}}
