{"mean": 91.17981234143055, "max": 91.17981234143059, "std": 4.263256414560601e-14, "best": [0.4604663799963678, -0.04568043568270351, 0.10487471626374095, 0.16278471302421976, -0.13319978024529572, 0.3924773584932031, 0.11127518558114334, 0.28613978181827826, -0.8056344092900865, -0.39930125495391017, 0.2843599882958776, 0.1461317606972219, -0.29888668192155843, 0.05409982627717715, -0.043490046874006566, 0.19002282817961821, 0.1457770622375677, -0.7543445721256098, 0.23293774813788098, -0.029534920875640254, 0.19381348399294662, -0.33043437041657087, 0.2826762042168152, 0.556627189686298, -0.140694443476757, -0.2155787081793103, 0.7087070452379859, 0.2218981716923787, 0.22128371406388306, -0.4290932543140138, -0.6490366811091572, -0.063737958622124, -0.06662877965813908, 0.2947385745872479, 0.14967492112275793, 0.1871966384768673, 0.10372580955100982, -0.2225668804086953, -0.3258815768679553, 0.37124693823846744, 0.33049416703190204, -0.7255815392676297, 0.48289961517016733, 0.00653554046383614, 0.11801105802270496, -0.1991972831105069, 0.46217352500523745, 0.4145543255159083, 0.15191564034398963, -0.30422729681254757, -0.3015479258070085, -0.45012739343583946, 0.26690303740234606, -0.42494935894303787, -0.15501823019812952, 0.2809606570631669, -0.5765679211515972, 0.0691475336820421, -0.18413023281756397, -0.17536229530186603, 0.2047759921427007, 0.40958589341156276, -0.1802620608964573, -0.14434932241946885, 0.056745177834345406, 0.4999161794550858, -0.04410587417967783, -0.24435322129501197, 0.11186953951564915, 0.8838628192633072, -0.9670655207285597, -0.35903769030955945, -0.04636983014080774, 1.441727297720601, -0.6443080476820636, -0.5299817390981743, -0.11019170936456577, -0.1661424436990211, -0.38927010702866294, 0.0995215321786426, 0.2351142053081614, 0.35854606713390436, -0.10323353875725413, 0.667121964640084, -0.09367696789095484, 0.18296526419447653, -0.06357368887233558, -0.3227417182155884, -0.7431841019249021, -0.10609424598052353, -1.1141524044128146, 0.21920340281551134, 0.04710836742289839, 0.20361172505614922, 0.23391044648715822, -0.06013980390226177, 0.4406267424515392, 0.07956707993862486, 0.12944405795261404, 0.12245397727649437, -0.36778099130692676, 0.19227083391536576, -0.1333415135637731, -0.11589095194659138, -0.40462072209372896, 0.5215129481758775, 0.06526036147490845, 0.035173234462807554, 0.051081768476485365, -0.053584998846823696, -0.05711031589961035, -0.36991358119523576, 0.18035617795252235, -0.19399803670015114, 0.20840662183700906, 0.3088345764431417, -0.4402748120992427, -0.08915840052161954, 0.1875628393975407, 0.05066344290668479, -0.04275052716337207, 0.14104036334066167, 0.01656733004822453, 0.48894169627520967, -0.17175420748666353, 1.0121734596986205, 0.8976276330490922, 0.1236861843762008, -0.0746342840237893, -0.2044103800437143, 0.2621498926010032, 0.8663982314848395, -0.2710164263371632, 0.13312951832874798, -0.334174302464725, -0.07925488917276534, -0.9430369629353106, -0.12497011776134523, 0.10763763439184335, 0.39614402298041473, 0.16387975077326028, 0.31187443765285483, -0.5764646145880128, 0.653888600327098, 1.2877690488115765, 0.06034643389345379, 0.050215130966716794, 0.662116397266439, -0.413130981822293, -0.2986507531395856, 0.16583974396180473, 0.2895497742482459, 0.024430420472764145, -0.26373863103252543, 0.3634588793855339, 0.1626838730888019, -0.02532625291898307, -0.13779656741942592, 0.3115677958091952, 0.13886703733241507, 0.1683355277552252, 0.18793183835052596, 0.02657609283378742, 0.06333758514137725, -0.015565849710305545, 0.060394270551473735, -0.14826014748486407, 0.13168811261923047, -0.09184026321096292, 0.36090803551781775, 0.17441784238942273, -0.038281959989864944, -0.10631497069316459, -0.4204013882794497, 0.6096985056339219, -0.09297548286191043, -0.3777609973207753, 0.27323544546128264, 0.6094036780760075, 0.3904583317566064, -0.5518725206425981, 0.43099016152184644, 0.6057395334164106, 0.34664732163798506, -0.4224780028351869, 0.18656599674092844, -0.25608790556741234, 0.2573348250503136, 0.19885155915881045, 0.06435774369823646, -0.019049554920453928, -0.7063949955196102, 0.246046420811753, 0.3339722740539372, -0.46949487141833895, -0.8789307793646196, 0.275063021675484, 0.19059260467556166, -0.09370809759871161, -0.019855400354689964, 0.43977512196558416, 0.08962217648662635, -0.5158553296919728, -0.4293751804806531, -0.028846600513882353, -0.027469781049131958, 0.43230397113414754, -0.2471837322503834, -0.19918672073654553, 0.06426071480842259, -0.6670210778411717, -0.5407006776280592, 0.5196836071785893, 0.5592544467021269, 0.5566310863466368, -0.45920995928632474, 0.04240313245782917, 0.2910305124930947, 0.8517327390545626, 0.6166969688420361, -0.3537142347987834, -0.36563249232802525, 0.17227853210404637, 0.19727441994878686, 1.2678269549450494, -0.45136034534449737, -0.22805592551649556, 0.05259778416296833, 0.38093597898156745, 0.16446962594475809, -0.3326286209133134, -0.16003309861185971, 0.5954729753951049, 0.021459262873451165, 0.24678349149751858, 0.1178551475944137, -0.21543835930126526, -0.14708831712962012, 0.14183684812069577, 0.2482827078446546, -0.6083419532924346, -0.605994250954125, 0.7310790092775934, 0.789852972794746, 0.9587791911185237, 0.41635986008183296, -0.12170973396589928, -0.12720153101787307, 0.05078958842059652, 0.8482434869978392, -0.5283648894002848, 0.10582988544589736, 0.26343629062299, 0.5174262780756241, 0.41446282086018343, 0.05120231274739992, -0.8365490089329534, 0.32937889560905914, -0.14724628275055784, -0.22551974759430365, -0.45474374052942224, -0.04575540372608718, 0.10233026989903432, 0.48051560264288834, 0.36889937666357614], "config": {"experiment_name": "generalist_aa_e_set_1_r4", "comment": "Adaptive alpha off test", "enemies": [2, 5], "h_neurons": 10, "population_size": 100, "n_generations": 75, "parents": 50, "children_per_parent": 4, "mode": "generational", "cx_method": "cxBlend", "cx_kwargs": {"alpha": 0.1}, "do_adaptive_alpha": true, "alpha_base": 0.1, "div_bias": 0.9, "div_threshold": 2.3, "delayed_exp_gen": 25, "mut_probability": 0.05, "mut_method": "mutGaussian", "mut_kwargs": {"mu": 0, "sigma": 4, "indpb": 0.3}, "parent_sel_method": "selNonRepTournament", "parent_sel_kwargs": {"tournsize": 12}, "survivor_sel_method": "selNonRepTournament", "survivor_sel_kwargs": {"tournsize": 12}, "do_fitshare": false, "dist_func": "hamming", "fitshare_radius": 100, "fitshare_strength": 1}}
