{"mean": 70.93827259213298, "max": 70.93827259213295, "std": 2.842170943040401e-14, "best": [0.22820651119818805, -0.007223309833638326, 0.11576972125997892, 0.10394736937151763, 0.019788369679461522, -0.1238627888689833, 0.061780993079720174, 0.04575247221558031, -0.1547400591048265, 0.2529645159181923, -0.43986229619950884, 0.05967904968460167, 0.11836262814924603, 0.21543733320013672, -0.01451864230793442, 0.051155313135553625, 0.24441287866332187, 0.041044863384695235, 0.25328572361446094, 0.06509162166160341, -0.1815285017830942, 0.5968036352245705, 0.19295853917210218, 0.14638024876209746, 0.12602269410028985, -0.2501249820791191, -0.42097553125780823, 0.3800433190397977, -0.33945357004118704, -0.00482078885661091, 0.46865966136372167, 0.1939624245278836, 0.19117426991655223, 0.32497486678077214, 0.2423102651497946, 0.20979390945801218, 0.1873459482428892, -0.07582431441998504, 0.04459399154810037, 0.2963041294796779, -0.11110781049349806, 0.08343649920713773, -0.14730030231711438, 0.19531399622180418, 0.135290473520987, 0.0846833396104493, -0.04938805454811295, 0.03484549108189446, -0.1502226699051936, 0.2271267460718085, -0.09421974370659618, -0.5103418174259521, -0.252689601827949, -0.059615291854551805, 0.06509887070326957, 0.08328272964418053, 0.040532675268665004, 0.046545107157365075, 0.1940035798417161, 0.018577351664491475, -0.26356687743840407, -0.35971865433057437, 0.06410641712331054, -0.21679889402860483, -0.141309624363219, -0.021854242014723982, -0.03330992702505857, -0.31001875049996536, -0.03259178236426104, -0.0977273348798279, -0.05072190245520923, 0.2604362263589251, 0.056575170693988916, -0.07847616028839877, -0.04093266254982652, -0.05020610371804748, 0.09645837366829235, 0.44063327515627737, -0.10391278474347529, 0.6812982268252968, -0.24917497841466563, 0.07417155837585936, 0.11557506117387582, -0.29564999703583433, 1.6543003464036352, -0.19807463682349263, 0.11082931614351622, 0.02491227923717354, -0.3478021242366655, 0.06469359509396497, -0.3621084049989242, -0.054164248012305106, -0.22013609708139234, -0.46756725422641376, 0.05479159424700682, -0.1724964468971496, 0.07091296043053692, 0.09992568965062038, -0.13357221466078517, -0.16263159781003822, -0.06685059510776702, 0.059045951300172365, 0.4606548048460737, -0.13437585326015122, -0.25111994633248896, -0.13979091476209612, -0.18980672048473812, 0.6221175928814462, 0.13662794299225073, 0.48194833978023316, 0.022199988295745265, -0.050006775570651536, -0.0049701927489147115, 0.08692203483085399, -0.0965569809485203, -0.33784229264070853, -0.09284115236056982, -0.5945034505420088, -0.13988428397807848, -0.037155688074176386, 0.19837561215126273, 0.2328495453598357, 0.09517368137611865, -0.43571378735596716, -0.061590589127706555, -0.32435995721303423, 0.151117445058512, 0.279360066019057, 0.024578870643205943, 0.3235319059314442, 0.16860544473481795, -0.09271699908193819, -0.17201040968756512, -0.43230115333848945, 0.05265822994740556, -0.34100378078696725, 0.4403900805773768, -0.22707059804267746, 0.23029634503311247, 0.5820418565425237, -0.37189589326324135, -0.01725327647192877, -0.07708423231533083, -0.4487112299103363, 0.20743725994495343, -0.11204243741309042, 0.1392452333213937, -2.0980545980907723, 0.0818399059570303, -0.3516535530894796, -0.24225506241384098, -0.14049498579291292, 0.3100413138249396, 0.09023583338713653, -0.0036338571493803947, -0.21826068552823735, -0.05239967882623023, 0.3756858512685446, -0.4404251760866008, -0.2685588568373081, -0.042909271783072814, 0.8289294445607353, -0.08815806517062157, -0.12105642107039596, -0.10544283152897592, -0.18510708998871134, -0.035792099951502336, -0.27469909414355453, -0.3539972937479185, -0.41089643927827746, 0.35240593370516665, -0.15385684434059752, -0.3407604110632961, -0.12303284877837381, -0.05135501470807149, 0.25996418900858587, 0.12969417126636779, -0.1112277969613242, 0.10596692104251482, -0.0768832283366932, -0.13495119914734252, -0.024370944872114532, -0.4324814350203383, -0.09946628377017434, 0.4071703767258651, 0.0417646104184267, -0.19517087625263102, -0.31993662335534173, -0.5947878105823508, -0.21397537873646336, 0.18607742292698243, 0.030569370222124637, 0.09156969903487869, -0.29251910410369575, -0.0067947021508095165, -0.6228129808611196, 0.2089980339100248, -0.02033816467216022, 0.43617945655074447, -0.04887441543821511, -0.039298787224218854, -0.040362307916989484, -0.3993860106798337, -0.4637873716163214, -0.16236561107426595, -0.45201710925950694, 0.5458535148662678, 0.0026412947865712888, -0.3415531269550013, -0.17234571722335704, -0.1878892080900678, -0.35192976280590427, 0.034748485312072926, 0.4548553815940162, 0.2709886119534523, -0.35872441068453587, -0.2481391667691958, 0.22130936529863832, -0.22064051994153502, 0.25699911714758156, -0.16372141925964845, 0.4958290431888816, -0.2587904639499154, 0.18236127460695697, -0.13853335647841916, 0.0308844076947195, 0.13697180037360157, 0.2301288486013152, 0.45442622142671335, 0.17946176958669935, -0.26653368033950225, -1.3622368117700252, 0.3949725255787601, 0.25340786574768226, 0.2558747098286958, -0.08182412795069241, 0.2281156373304747, 0.3552888908587367, 0.2841794139366575, 1.8718190751834922, 0.04816286454876129, -0.41322724508871833, 0.10372206717927321, 0.21669833514143988, -0.12143426283895634, -0.27624560259317676, -0.26652711784614425, -0.02427020882830564, 0.17800484281629664, 0.4284607440805356, -0.5757923329625102, -0.2116943964890162, 0.2801159151280073, 0.13998995497461134, 1.0007682690819464, -0.20244389720209593, -0.08400962005246967, 0.09662450603297519, 0.07937367327098305, -0.25667440114462414, -0.014756722594287647, 0.408420667406471, 0.1276388201300621, 0.12233622519373973, -0.0033548217038254355], "config": {"experiment_name": "generalist_naa_e_set_2_r4", "comment": "Adaptive alpha off test", "enemies": [2, 4, 6, 7], "h_neurons": 10, "population_size": 100, "n_generations": 75, "parents": 50, "children_per_parent": 4, "mode": "generational", "cx_method": "cxBlend", "cx_kwargs": {"alpha": 0.25}, "do_adaptive_alpha": false, "alpha_base": 0.1, "div_bias": 1, "div_threshold": 2.1, "delayed_exp_gen": 25, "mut_probability": 0.05, "mut_method": "mutGaussian", "mut_kwargs": {"mu": 0, "sigma": 4, "indpb": 0.3}, "parent_sel_method": "selNonRepTournament", "parent_sel_kwargs": {"tournsize": 12}, "survivor_sel_method": "selNonRepTournament", "survivor_sel_kwargs": {"tournsize": 12}, "do_fitshare": false, "dist_func": "hamming", "fitshare_radius": 100, "fitshare_strength": 1}}
