{"mean": 71.12477073515322, "max": 71.12477073515325, "std": 2.842170943040401e-14, "best": [0.0990626268199434, -0.0777323156675187, 0.15588425778068157, -0.3002800685185091, -0.07028477346450389, -0.18391029594341393, -0.29132776032850216, 0.06349660078005082, -0.07436330019536556, 0.18019407870371423, -0.12298701561786354, -0.35877554586653937, -0.1387152084383729, -0.24547471544991362, -0.03391971111371601, 0.015399599555368296, 0.05833175798994283, -0.3201895805504672, 0.344445715357011, -0.03053445038969112, -0.13866726865430043, -0.05723045401504395, 0.4167931956972606, -0.5032518672766721, -0.12230380646328884, -0.1373412759560691, 0.14763701150779912, -0.030252040509575955, 0.31159959280059346, -0.14297472141629014, -0.16142504975946295, 0.09660355491832913, 0.022543911236893484, 0.11073131130201885, -0.19462642944615918, -0.17765886765287492, -0.02592322503141514, -0.24885695484613957, 0.2039811860749594, -0.10396749864842028, -0.09929881004998582, 0.023813215307545633, 0.19183040896501966, -0.5262758721298649, 0.40341524081545, 0.13301913206715227, 0.03588370243069871, -0.12846318633454742, -0.23461008665451868, 0.06659222777587206, -0.3454916609814498, -0.2665485551087836, -0.2911442951320493, -0.2594994639825864, 0.19874077031150533, 0.1874613420293771, 0.021699208762665123, 0.23985218537212294, -0.19702722245944188, -0.1442815505437116, 0.28997499130926313, -0.12414576407171388, 0.011968252625321928, -0.05971387653374691, -0.195623203292278, -0.1401045440787649, 0.045861687346051686, 0.1111753379328037, 0.20928137100126074, 0.0756999183914267, 0.0001610754489328715, 0.18489419299044424, -0.16853320346776293, 0.05957993334463975, 0.03554722810112307, -0.09615770840679193, -0.08933467542483459, 0.02628120105541715, -0.09579775454652782, -0.18974430900975772, 0.11623533138155337, 0.08073241115605477, -0.06565014193592918, 0.1433124795215834, -0.3889611310249675, -0.034204427561569606, 0.12013354237086907, -0.017716549679822793, -0.11514818546407685, -0.13053090751540997, -0.047946300345206444, 0.7228767511704295, 0.13094760549248652, -0.27768615290273774, -0.13737765020793652, -0.08224581416444013, -0.9181038323775226, 0.6759670587283355, 0.05125154418017833, 0.16090689932862995, 0.11450393170773678, -0.11021988374465475, 0.4243616820919862, 0.014043072692006582, -0.38069568153083655, 0.08700211899099324, 0.2990248926687231, 0.07328495351302247, 0.15297010162155203, 0.16860969478332516, 0.3302441424178175, -0.022187878912431777, 0.44351304164646393, 0.2128509761394873, 0.16974121564014832, -0.11542536042665254, 0.004674630182499718, -0.045311161500582856, 0.1077167493826902, -0.029748021345876372, 0.1321972225633636, 0.06426175997739231, -0.10862967698949988, 0.1047478637170892, 0.1515762595430204, 0.3042954485323183, 0.0166407641589206, 0.2138925607970876, 0.17792875089011184, -0.11317584958175943, 0.0585355838681913, -0.31652201319612094, -0.24540578747794403, 0.1887704047733993, 0.09257099784361572, -0.046211238488757314, -0.004321810789286319, -0.16018672602358042, -0.17634011021552848, -0.3506627398076664, -0.10494040966537155, -0.17413840270295033, 0.1021326800189218, -0.16228894247487585, -0.024658671608985456, -0.1465028642712591, 0.151666290211927, 0.5631822339242962, 0.09239619510585295, -0.05414218701009183, 0.16788582431825974, 0.24311943716981338, 0.1544098144935449, -0.5248725245573527, -0.45387373877284987, 0.05760457914361513, 0.13883696757880762, 0.24136376106037355, -0.11902346203718941, -0.027725611554982765, -0.0392358653963347, -0.4221406968386043, 0.08849218885721513, -0.26878737220748783, 0.18290328593867702, 0.02579894844712316, 0.26134854040389827, -0.050712201523469044, 0.012877490047958757, -0.5214804111470852, -0.022078733764831063, -0.11175366016690523, -0.1862268408948368, -0.08878124435901436, -0.10236681391290524, -0.08599526978140339, 0.11688879911396571, 0.22110198888265736, -0.06885897587272403, 0.29842567617121785, 0.19533686163420497, 0.0031359854325729397, -0.10454936403054302, -0.009970188600240903, 0.13211038348819495, 0.04578186189524533, 0.10125211172011873, -0.2787343726271216, 0.2776239371998359, -0.22898164215475497, -0.2049314455163609, 0.030530947374377317, 0.11675125576540782, 0.12348700806370781, -0.16133502441034178, 0.05238203311509137, -0.18148979769507045, -0.2186856116298365, -0.052232103141760106, -0.23420486636527935, -0.14680335700076744, 0.03151478073158063, 0.06639780736312187, 0.042683607289273506, -0.39389084956024534, -0.3020778693290352, -0.05626250567045439, -0.2205455747398804, 0.16113232835542138, -0.22434573113380782, -2.1940812344447758, 0.008928046526899495, 0.26468847186876704, 0.3441285485893778, 0.22382354639085741, -0.4908112789801612, 0.21331487451384873, -0.03284215638560042, 1.0888550177010936, 0.22698435038912546, -0.08846987673665735, -0.13557700405350437, 0.07689453099298119, 0.35434667475657733, 0.005913672883429765, 0.0668905627925842, -0.04038278008912421, 0.34156445903896016, 0.1414054310409986, 0.4398772835447146, 0.2218577803319554, -0.4407173927939143, 0.2843435905717733, -0.08675395308589019, -0.04830729117265882, -0.18869113391102965, -0.46314975139998116, 0.0977147581430449, 0.5989891565895515, 0.23883279565436463, -0.4587106805200434, -0.06035133130072458, 0.30789416190422153, 0.03708742746142337, 0.3671374624690373, -0.22250906282685057, 0.24245064235207048, 0.10246450808332647, 0.14235042005261406, 0.4774660201970583, 0.10930357889168915, 0.09675329088386837, -0.07818574372308423, 0.21963715036198025, 0.45846877308358147, -0.07448139518030616, 0.11936617856913855, 0.16225905908059873, 1.3394379242984609, 0.31014943050812316, 0.09786818617990188, -0.3632263320899996, 0.1554671814602335, 0.12645246535474935, -0.06011434735327761], "config": {"experiment_name": "generalist_naa_e_set_2_r4", "comment": "Adaptive alpha off test", "enemies": [2, 4, 6, 7], "h_neurons": 10, "population_size": 100, "n_generations": 75, "parents": 50, "children_per_parent": 4, "mode": "generational", "cx_method": "cxBlend", "cx_kwargs": {"alpha": 0.25}, "do_adaptive_alpha": false, "alpha_base": 0.1, "div_bias": 1, "div_threshold": 2.1, "delayed_exp_gen": 25, "mut_probability": 0.05, "mut_method": "mutGaussian", "mut_kwargs": {"mu": 0, "sigma": 4, "indpb": 0.3}, "parent_sel_method": "selNonRepTournament", "parent_sel_kwargs": {"tournsize": 12}, "survivor_sel_method": "selNonRepTournament", "survivor_sel_kwargs": {"tournsize": 12}, "do_fitshare": false, "dist_func": "hamming", "fitshare_radius": 100, "fitshare_strength": 1}}
