{"mean": 91.18311234143056, "max": 91.5098123414306, "std": 0.03283458542451972, "best": [-0.19948205802909144, -0.7364228584181948, 0.12266919928975054, -0.04947271558555207, 0.11531980624842271, 0.6340609329187299, 0.3708796443451424, -1.2668865780767757, -0.503255120816273, -0.3316613703422837, 0.37782375447118266, -0.04119134280149963, -0.2708070052651549, 0.07678941932679914, 0.19907556417858055, -0.03322930705320925, -0.28750662593599335, -1.007323554622007, 0.30930024897510844, 0.4455679377077827, -0.16476245382103544, -0.36318806097069906, 0.33805281944099497, -0.25386283706652313, 0.1408316134929672, -0.08974245292330907, 0.3294268466236936, -0.41795875983681013, -0.14155249990971036, -1.8655740534697511, -0.012095106853971086, -0.5126618848426573, 0.47573605613433995, 0.16112875834508072, -0.06301979539497882, 0.29177558733142706, -0.37260435729490493, -0.11877010660868209, -0.08421996643606078, 0.2597811374975233, 0.9244711336676485, 0.25861210858597916, -0.25163121620862827, 0.03538991382788418, 0.15148241535508034, -0.40246224789735474, 0.631233495885403, 0.1411896012928544, 0.24835663247982248, -0.13248255547892146, 0.42613433070761253, 0.0036251432448082335, 0.2090082358444583, 0.0549722135176153, -0.3458859709152826, -0.5533030347968085, -0.5321813104791813, -0.15705210832852656, -0.5082956218705931, -0.014199647443318426, 0.9031158589229534, -0.3504470902437165, -0.10092658120833997, 0.4235333074254697, 0.45681437062009994, -0.5002613272126364, 0.784532215115923, -0.5899075804260625, 0.42601270830997745, -0.14871767898918206, 0.3184004493129923, 0.1853338556123984, -0.2632403078831742, 0.021348160548041575, -0.049339408352071304, 0.08662492329039834, 0.6760852664841176, -0.4337066507899675, 0.426763649635968, 0.08523605378558892, -0.45744421206200825, -0.027981978919113422, 0.07738042469168538, -0.4338880318203347, -0.8782115243663415, -0.06742742350011582, 0.1063784198861753, 0.19736271062637412, 0.43987430262336746, -0.11829873983781786, 0.015716384360632343, -0.20792028861771575, 0.05549662612641851, -0.6092676852997896, -0.9019791901408276, 0.6852776593447991, 0.9411129591945213, -0.6720071726301978, 1.1890218656364329, -1.1749467755894887, -1.0337706536141205, -0.17654257485554403, -0.052157280513617024, -0.30770169222916094, -0.10942455351175256, 0.32222094382360533, 5.706841844602433, -0.3328389907144458, 0.495720241042768, 0.7083135250495809, 0.2857215023739514, 0.7676930851302098, 0.3205192865191231, -0.6811418224957275, 0.6038095490812516, 0.9066040445169199, -0.4402872654820828, 2.129025202820932, -1.3391690330526027, -0.2674109182516652, 0.4187926646914833, -0.08992243496395214, -0.32109120111995965, -0.1792881101237578, -0.31503002608638847, 0.11020236485584955, 0.9189201827627227, 0.002441445771481872, -0.8917243468627011, -0.21731856601752275, -0.08608379592166433, -0.3394280041972389, -1.6900956410362302, 0.21784467897384208, 0.21227804528830904, 0.14748529721702427, 0.29266680205093615, 0.4026069122741447, 0.2551729148233635, 0.3308043050699519, 0.3553793693465755, -0.34734800582448555, 0.09212669946471183, 0.19699358401373757, -0.5401663055357665, 1.2803627639661164, -0.5172390773440582, -0.2696381141722881, -0.49242539343650443, 0.45030999139914946, -0.2537717041008928, 0.12154831362010898, -0.11417920120784356, 0.10023592714619468, 0.15441912440009367, -0.48918521753611116, -0.35208108880561667, -0.13197808863348162, -0.15039290476192585, -0.5205334471415669, 0.2279066987337843, 0.3531967803037068, 0.05589393855756361, 0.21867236449102176, 0.20504433816027506, -0.6886947800917463, -0.5228039001732969, -0.3786269255134269, -0.1157627595789128, 1.5884625591662431, -2.095082177220866, 0.0030805423837501605, 0.09350538035073282, 0.02740616847808365, -0.32126500442617695, 0.30258643052329354, 0.217220216077223, 0.03522472211107497, 0.22920965880047833, 0.5668574302410714, -0.08760510576034072, -0.6500981447874173, 0.31367349885347423, -0.11121130707559332, -0.2734402877854739, -0.008546008995465051, 0.2653666882242688, 0.032064081820372736, -0.049760673380115424, 0.3203516990416276, -0.3283351738040844, 0.4441882604427624, -0.43091670387642106, 0.9991169106263871, -1.2050137415002855, 0.04093226070313687, -0.7609625209188006, -0.034130450587803604, -0.711631555709519, 0.03195354838242614, -0.5044264971052504, 0.19157280236279106, -0.4788970076833799, 0.0207537658131893, -0.05577584220171116, 0.3014346387958624, -1.8604369132249512, -0.012875492340977752, -0.5656367275959594, 0.057325518656693955, -0.49135761719218596, -1.6542931760392854, -0.008111468859207405, 0.5534091766073815, 0.2188709319057263, -0.879590364379672, -0.013552670690657426, 3.0413132199474116, 0.8879770556600275, -0.42350694263634353, -0.4831692373266908, 0.24080167870436725, 0.3443138788616441, 1.016588341032651, 0.4302617723124801, -0.8686536924439321, -0.5359716393489976, 0.2263813939525036, 0.20131557920365373, 3.6754503051619127, 0.2526528386468036, -0.4647360028416683, -0.0020075120616853247, 0.17324037626994704, -2.558477873911529, -0.5447856614759262, -0.294421753895999, 3.068749545349112, 0.10750865982968565, -0.3734298794733888, -0.23926491750800333, -0.9726890555591012, 0.34413782230246226, 0.7197902927563219, 0.03267765383903706, -1.5322962815778374, -0.09555551723004985, 1.1074441339328256, 0.42162945316048245, 0.2123865278077876, -0.34610286697064796, -0.5597934362966892, 1.2125106461915345, 0.48503984003030587, 0.1348812973642554, -0.7309202934470812, -0.19072880811409781, 0.4472311368886896, 0.04204641206958287, 0.32366725062824303, -0.6714976542772599, 0.004509435662265582, 0.4991801362662188, 0.4424815856284786, 0.9130351730872197], "config": {"experiment_name": "generalist_aa_e_set_1_r0", "comment": "Adaptive alpha off test", "enemies": [2, 5], "h_neurons": 10, "population_size": 100, "n_generations": 75, "parents": 50, "children_per_parent": 4, "mode": "generational", "cx_method": "cxBlend", "cx_kwargs": {"alpha": 0.1}, "do_adaptive_alpha": true, "alpha_base": 0.1, "div_bias": 0.9, "div_threshold": 2.3, "delayed_exp_gen": 25, "mut_probability": 0.05, "mut_method": "mutGaussian", "mut_kwargs": {"mu": 0, "sigma": 4, "indpb": 0.3}, "parent_sel_method": "selNonRepTournament", "parent_sel_kwargs": {"tournsize": 12}, "survivor_sel_method": "selNonRepTournament", "survivor_sel_kwargs": {"tournsize": 12}, "do_fitshare": false, "dist_func": "hamming", "fitshare_radius": 100, "fitshare_strength": 1}}
