{"mean": 92.00047643917704, "max": 92.00047643917702, "std": 1.4210854715202004e-14, "best": [-0.37719237834390323, 0.6647561328510396, -0.22976624089275766, -0.027229186149225714, -0.16231553423178904, -0.534353743250019, 0.06281356189838487, -0.07981504323109774, 0.4158354474672298, 1.2184780813460268, -0.20629153272218329, -0.5382420393045345, 0.15399677789183433, 0.2838965159298768, 0.6792670439161008, 0.23124948676009321, -0.1390244472006894, -0.5286498429327484, -0.5267746190113191, 0.9482082092420442, 0.44591052695828165, 0.2511359470144857, -0.3630998444692368, -0.47922838754612174, -0.7219105826546686, 0.027376633980215514, 0.598907972762844, 0.029795968302946334, 0.15704016369175255, -0.3855039272942502, -0.29781368171520695, -0.30864249932251187, 0.2970142435444996, -0.5784659045179141, 0.23734816922243399, 0.26067854300801624, 0.7189445644111216, 0.3422251205651731, 0.6029966414016197, 0.2606294861473114, 0.21936468365046324, -0.05582581815796675, -0.11151982531735594, -0.5636638326467884, 0.13306307405851417, -0.6224936228811838, -0.5263121432514799, -0.024722821283163637, -0.4044938561670699, -0.24988448260886575, 0.13613452672599397, 0.4505307062119988, 0.007192264253344517, -0.31767523041960494, -0.1437344678226487, -0.23315330723541222, 0.2746449748046977, -0.11076349422344328, 0.31181229101847646, -0.48887392244346317, 0.6522948774882883, -0.7657014202285946, 0.35563909763660717, 0.3489728020816237, -0.27822685201060715, 0.008900748336142026, -0.0010029252117177594, -0.13705220148143765, 0.23111066315404838, -0.27485450897664765, 0.31540134879527915, -0.4715941662296319, 0.03822958308031695, 0.4147045325177714, -0.5543129060420171, 0.3451984740898231, 0.7887170392320364, 0.4523830484583362, -0.28899693865372533, -0.5696439259854666, 0.07231074455756839, -0.264748441233096, 0.36076843272440307, -0.25180546563181094, -0.4324840607291372, 0.908906283882529, 0.13746519288163941, 0.1650792794597063, 0.5794876450616789, -0.1439134106149709, -0.5382399531060037, -0.053052772275299837, 2.401081462000155, 0.4571714659778175, 0.8764692182103214, -0.36756632432948927, 0.10471385993394096, -0.5601091463551684, -0.1488282808146198, -0.2822596345075383, 0.10009082025680902, -0.46944234225496084, -0.02113979601757329, -0.13820202811455407, 0.566030694050008, 0.535055821312197, 1.130694319082167, 0.44428153972731377, 0.5566561576203537, -2.540843349549956, 0.33146382486565834, 0.533143246710127, 0.5300626347096161, -0.4249524629625011, -0.31139085856457516, -0.13515580664451282, 0.3278515252916279, 0.1980932720727486, 0.08831792640222388, 0.13798912730516585, -0.15900822363063877, 0.3341288309412256, 0.01549049550977409, 0.44491856370364913, -0.3301246222347529, -0.19821602216399214, 0.09603469355451069, -0.020979695499953252, 0.17044463470197732, 0.3135810583020718, 0.15077238019541206, -0.1323880349353026, 0.1100146670615309, 0.5010988265364804, 0.006879372177688288, -0.2124656589998266, 0.6226828708999572, 0.5071993082567496, 0.144371737066066, 0.20885535849145478, 0.05205661204115667, 0.23255892624581678, -0.17264452669250613, -0.2626835587000065, -0.09892785714288488, 0.7815314981013731, 0.20397059968468884, -0.14680087798403765, 0.062382439220825425, -0.12203644951887549, 0.14830338572509433, -0.11373621230369899, 0.22242191712328774, 1.256912768235104, 0.5228920170760945, 0.034971977076718605, -0.151352182437556, 0.12864824819008783, 0.1411691888127347, -0.3387576225331904, -0.5172799190837365, -0.26179730999792783, 0.18388980501903904, -0.020839494264198122, -0.34715792006469925, 0.1875391535108494, 0.1410513749989165, 0.12905616946755713, -0.03342852440021153, 0.45713293571649843, -0.3492539391212451, -0.48156006562290804, -0.1420618407161095, 0.07227553855482348, 0.08738807074176483, -0.052310434646321, 0.45954265638170866, 0.049397980539409456, 0.13741436821976705, -0.06010293701419791, -0.2121826442244906, 0.7986836490059448, -1.212477436940506, -0.2841248513216169, 0.5775950277724015, -0.14608230763524527, -0.11412744011795561, 0.036875522516742934, 0.2744609138241292, -0.18606195221318053, 0.10610555730751445, -0.036121592995019, 0.3303510572706517, -0.5145978790986354, 0.17101690507796458, -0.4504867087571958, -0.3919932067767898, -0.35755536263822185, 0.7669001935944365, -0.12908086182132422, -0.4049295465428256, -0.1484110477312799, 0.0562125232067171, 0.11922300476202907, 0.14838689985567985, -0.7972197643098211, 0.029011717946108954, -0.770460196353854, 0.3267982157938473, -0.1514264831105022, -0.7148228243561849, -0.42227758530790604, 0.47508539670840455, 1.9221182225812274, -1.036877234994543, -0.12053407447079717, -0.5552293910865369, 0.7853520604317149, -0.16426197931624395, -0.031565005469491106, -0.09369845573419754, -0.28273973414935527, 0.2323972561846482, 0.7715211237147548, -0.2112628091052062, -0.15970829915585746, -0.3025283150495961, 0.1482507341459337, 0.0647656268072658, 0.6091971683677628, 0.07647382779027066, -0.35465033496064113, 1.4570364809467449, 0.22288219331746928, 1.9846348418900557, -0.21198689233162293, -0.1599852501217591, 0.336629870316272, -0.7138825872005856, 0.051153400863562286, 0.049797720292918964, -0.3417807730977261, 0.5577582218115601, 1.625038712687746, 0.4645528301585135, -0.5773407005885902, -0.7001545804536062, 0.2732477135005899, 0.37378515231485987, 0.0933109586255983, -0.38952411742457804, 0.03830808116253009, 0.4065802217043099, 0.46404817413571836, 0.33762937179641445, -0.7144308533441845, -0.17820457698542516, 0.01879696032192998, 0.11901231113708971, 0.0704380069017744, -0.9645838431357371, -0.5658005901938736, 0.9473209217299667, 0.462252699779248, 0.5201249324023745], "config": {"experiment_name": "generalist_aa_e_set_1_r0", "comment": "Adaptive alpha off test", "enemies": [2, 5], "h_neurons": 10, "population_size": 100, "n_generations": 75, "parents": 50, "children_per_parent": 4, "mode": "generational", "cx_method": "cxBlend", "cx_kwargs": {"alpha": 0.1}, "do_adaptive_alpha": true, "alpha_base": 0.1, "div_bias": 0.9, "div_threshold": 2.3, "delayed_exp_gen": 25, "mut_probability": 0.05, "mut_method": "mutGaussian", "mut_kwargs": {"mu": 0, "sigma": 4, "indpb": 0.3}, "parent_sel_method": "selNonRepTournament", "parent_sel_kwargs": {"tournsize": 12}, "survivor_sel_method": "selNonRepTournament", "survivor_sel_kwargs": {"tournsize": 12}, "do_fitshare": false, "dist_func": "hamming", "fitshare_radius": 100, "fitshare_strength": 1}}
