{"mean": 64.52748016786681, "max": 64.52748016786683, "std": 1.4210854715202004e-14, "best": [-0.28739450387965526, -0.25593808527414486, 0.14335743985557772, 0.2962693766195319, -0.3329152269465823, -0.23314780837615887, 0.15455485895230803, -0.4217434102295041, 0.12979157434084487, 0.1785984073049802, 0.3357126856264363, 0.047445362495917076, -0.09134890911826385, -0.02360867712742696, 0.058891752884626794, -0.10765361308034241, -0.4723991902266291, -0.1551310667386329, 0.1394015584827039, 0.426808716506008, 0.02717549796101896, -0.22152277708343854, -0.4379679826583521, 0.17285024628746232, -0.06717023400873222, 0.3865721832584462, 0.20600555210687616, 0.11136954804864951, 0.9530701355080899, 0.02749715397595064, -0.08806616077270626, 0.049696011906161935, 0.03845427019869438, -0.12507088454814758, 0.13449813556763077, -0.32357601579186585, -0.08601795942001698, 0.06989290856111019, -0.04966996464374122, -0.1566974942756711, -0.08429558417043238, -0.3031411625269178, 0.08703865709593844, -0.20912635430074422, 0.06990743684943969, -0.3658573050072501, 0.18502050628643815, 0.25745690389309595, -0.0881775447942998, 0.021555901027366035, -0.14025862166330394, 0.05048251864128359, -0.18878515579222038, -0.24521428052541397, -0.35921064301359695, -0.0050666060116106625, -0.10334418075185178, 0.07558124392713664, -0.0016528170790749595, -0.1422187616345505, 0.48682556663895693, -0.13697651617741025, -0.10128478175833362, -0.14356678386590538, 0.054326530447267526, -0.20261476088937003, -0.1782562205807017, -0.1300222999056151, 0.06923376201868314, 0.2321641220689287, 0.44309137551105965, -0.2026968591355072, -0.15633379766120545, -0.18627603577966964, -0.07093754602498822, 0.20969447678016898, -0.2149545228296757, -0.7644701221743406, 0.317486757909146, 0.4617087362749756, -0.35875848592378706, 0.13549520990088978, -0.2270230990983445, 0.11987731494356674, -0.6030926196567047, 0.1460468979349162, 0.3214664355025671, 0.143546732392707, -0.0022446220431319454, 0.07232136034487141, -1.9037379194527224, -0.3552458150290789, 0.04703910377315808, -0.2820368524886603, 0.2373062784111202, -0.22675253740024368, 0.02838084742310703, 0.16050649254876428, 0.4306888696653841, 0.32136686551624516, 0.10810553852413463, -0.005260359537404101, 0.2503255610145936, 0.2767801331623303, -0.31379861834337136, -0.09333040368954792, 0.4308436732055433, 0.033013322658014634, -0.2184057839079494, 0.015165215222649627, 0.6555153725252645, -0.3370977155806328, 0.2204520102143445, 0.004028381366107741, 0.14576591516763981, -0.09197159782934361, 0.16936092067414732, -0.19774101829457752, 0.08859730037254405, -0.2698396084273781, -0.20376156025322822, -0.17690294247771055, -0.0785707127556487, 0.2504607837928988, -0.19224284425138846, -0.2770412569826476, -0.033338121884075235, -0.08391199156305851, -0.003657508958120836, -0.28113906498995195, -0.03374671140655507, -0.04460436965581115, -0.40227035521915444, -0.09072064914525871, 0.04245498307693616, 0.016382473627368225, 0.5957774405111167, 0.2710707234464445, -0.01206658719186311, 0.1746429092850909, 0.05233394945704563, 0.07666649415747294, -0.20717821525119884, -0.2567208934041777, 0.3865794213016149, 0.2467948355221037, -0.2548157597831971, -0.09690850790948273, -0.07446404610464431, 0.2061920804532286, 0.3713750528459691, 0.02689872191697679, -0.24991472732013661, -0.000892050389330729, 0.01874075973015343, -0.0028475441929231454, -0.07817639627491013, 0.05074644823341963, -0.09397123911472764, 0.011820012844086236, 0.13938682729752133, 0.17244799060113283, -0.037502454696840166, -0.2568504719901325, -0.06577126711567062, -0.447238121951914, -0.025947865735425797, 0.3632782086202936, -0.030106566115024647, -1.0423873403078923, 0.3603709685083247, 0.16301799660612407, -0.054839778759336995, 0.13878976130582044, 0.05382711132699575, 0.1629631094786146, 0.13301659216213094, 0.17082986386433144, 0.2148861313056633, -0.3640662611990594, -0.2527257638701376, 0.3368538040529542, -0.04143841439683179, 0.13354939084575948, 0.03458415990201821, -0.12653151597699364, -0.06680543514301404, 0.3117725805691601, 0.13482443148206433, 0.2523284938049221, -0.12880919410026437, 0.17850180696433282, 0.14633812462294465, -0.3322976471387172, 0.09552496083230355, 0.2618438944156547, 0.12331688480138017, 0.34072551645811205, 0.2791374034661438, 0.2934911991329735, -0.15084709613295524, -0.14923904199514001, 0.13000505510674581, -0.2663959280201137, 0.037650600091149816, 0.004093844148861925, 0.27308341821215465, 0.12913038704781565, 0.1493413684292569, 0.03968478280646611, -0.5228880922526199, -0.14247843916250247, -0.2132215953010635, 0.42564102626629075, 0.8091904838965003, -0.3735396874889623, 0.04257449626528491, 0.42720821978811524, 0.2794079037642189, 0.13080558032256734, -0.2707055105000202, -0.008728736805215624, 0.057781761390299426, 0.2358829663535425, -0.05427929539630358, 0.040967989874115034, -0.2549477750045487, -0.22506913435504783, -0.15097253751704987, 0.8753255645769679, 0.3168323115344817, -0.11306912877936826, 0.35072399034863894, 0.668387448794788, 0.2629598325566686, -0.2530856913878953, -0.04260631286964463, 0.024579269063102212, -0.26142978013606283, 0.03868775416109422, -0.6187309226094062, 0.08466227060351797, 2.3124261692554664, -0.09420229041561863, 0.4103543734654129, 0.006828912243650669, 0.07672576327550701, 0.20194140377252368, 0.17145912939294586, 0.6125205058690091, -0.31242759728947855, 0.7192270340123977, 0.5335939791134372, 0.11213598387092014, -0.2185481567202481, -0.21801025854032874, -0.11159952818607316, 0.14874913817325672, 0.6586553684658903, 0.38572895170905847, -2.1536436740480687, -0.3653978059331153, 0.21865673832231552, 0.24799186979423776, 0.21460909942573178], "config": {"experiment_name": "generalist_naa_e_set_2_r3", "comment": "Adaptive alpha off test", "enemies": [2, 4, 6, 7], "h_neurons": 10, "population_size": 100, "n_generations": 75, "parents": 50, "children_per_parent": 4, "mode": "generational", "cx_method": "cxBlend", "cx_kwargs": {"alpha": 0.25}, "do_adaptive_alpha": false, "alpha_base": 0.1, "div_bias": 1, "div_threshold": 2.1, "delayed_exp_gen": 25, "mut_probability": 0.05, "mut_method": "mutGaussian", "mut_kwargs": {"mu": 0, "sigma": 4, "indpb": 0.3}, "parent_sel_method": "selNonRepTournament", "parent_sel_kwargs": {"tournsize": 12}, "survivor_sel_method": "selNonRepTournament", "survivor_sel_kwargs": {"tournsize": 12}, "do_fitshare": false, "dist_func": "hamming", "fitshare_radius": 100, "fitshare_strength": 1}}
