{"mean": 77.204697478568, "max": 77.20800031512758, "std": 0.0016676612547275582, "best": [0.4011159295832256, 0.25200621758433495, -0.35886820258636193, -0.4114136330569682, 0.006414955198375927, -0.498735746143118, -0.16266092648646807, 0.1667615388277381, 0.11207402851527412, -0.2889635499628575, 0.09935197903338247, -0.2671920609624433, -0.077694199514201, -0.8255493983765362, 0.09698775627221246, -0.1097422584132379, -0.2309097428797753, -0.09261015953131331, 0.6249489241650914, 0.2347034163148693, -0.30146613000855194, 0.6224567930321655, -0.027803818257839216, 0.002330173310760083, -0.6198305107259454, 0.1881297276386815, -0.02444447568326026, -0.43610258971364213, 0.19427884876580476, 0.19486907682479224, -0.0390325329616393, -0.19334656504082454, 0.0504566070827349, 0.13676323284542538, -0.16496975771387618, 0.016107723445233754, -0.21258824708579258, -0.00943738956562408, -0.04307389556773021, 0.13787097079315283, -0.26926190942541584, 0.3779932272483164, -0.07389150163764394, -0.28429137665609383, -0.6836017791382232, 0.11819307727974096, -0.50167050397017, 0.11782733196851418, -0.23380831072173347, 0.6472340066262324, 0.013745408140978587, 0.24604489346723474, 0.679081410677866, -0.14902741261160904, 0.14920427113822565, -0.1698829509882851, 4.162996611414092, -0.5996143171210556, -0.2919604898973916, 0.20793462983472466, -0.23656654150616013, 0.0466979509623886, 0.3123651532582125, -0.6073959714817243, 0.20766658150569964, -0.18118031159010134, -0.6454280548486362, -0.6981165402614758, 0.12835624088191658, 0.6003104756063559, 0.12094817036979544, -0.38023063278861235, -0.5101432730503488, 0.08351357511280488, -0.22437389292507998, 0.10855318463128463, -0.38452377133393534, 0.19222895117236577, -0.1672305400401733, 0.18213265537125747, -0.3603342468447217, 0.20133513245159915, -0.4076368774412147, 0.22548642235898286, -0.16774537578110116, 0.11758184466862788, 0.15140672171092726, -0.17707223507011308, -1.3824701783843756, -0.28723910405556907, 0.15817540524199034, 0.8941320636196042, -0.029134986528442236, -0.09976869533402477, 0.11926974569749271, 0.3318828414789686, 0.26929271941332217, 0.08203069028260715, 0.2055172115184714, -0.4055776294979048, -0.34610726272177106, 0.02456671917247277, 0.014221537028548165, -0.2014423220491131, -0.21410411894784176, -1.0367301272861484, 0.05628218353873551, -0.3289963626875964, 0.6612409830624209, 0.38797060337575806, 0.22199012850567457, 0.041533571790976505, 0.10212744190628902, 0.47694906354703237, -0.1183237820883954, -0.288607961691288, 0.38579570649468087, 0.05937906883812166, 0.08440949656402985, -0.11951930312048883, 0.02887940292089522, -0.3051741373938378, -0.03940272781260447, 0.13063019019300937, -0.36432531554149794, -0.08824148409413426, -0.2519320273663639, -0.22229015542066521, -0.08355150980521461, 0.07239720144214247, -0.08158425329853336, 0.17592451018046, 0.18817445766176907, 0.08801301487929063, 1.0327205089595126, 0.30639165013981945, 0.08358279006733611, -0.11056130874942119, -0.048740099716173005, -0.12635677903505116, -1.1479176815312366, 0.03763650304155283, -0.49827938246628756, -0.3032764437646118, 0.0910865399686122, 0.08799746749749804, -0.3248932478379761, 0.21870871171118236, 0.07379093931586518, -0.08040961029544115, -0.4758449171341249, -0.3570707940598511, -0.023398681235835758, 0.1403711904150425, 0.019045049343724068, 0.25805973118537673, -0.5443421409635639, -0.07088905979893675, -0.45246070814427847, 0.12605235749403276, -0.07916875111388494, -0.09116807139764573, 0.656754094921191, -0.013752204107477527, 0.2137373619816828, -0.26394993495772506, 0.22897657363410784, -0.0009802228077007773, -0.9411043773052199, -0.060516766783654245, 0.07395846725592566, -0.40740917354030853, -0.13153652542413072, -0.17460010340394774, -0.18606004636483445, 0.22577657186429917, 0.21484371595595705, 0.1668453607679814, 0.0066206458675388625, 0.5601184547232384, -0.04098344633724499, 0.29981908781194744, 0.24038704247017129, -0.03572462673577829, 0.1770761261600961, -0.05360036269910587, 0.29098037417993294, 0.6600509162557244, 0.1375241413229139, 0.10741504197090294, 0.16017171336835617, 0.7090338603898902, 0.253860028598752, 0.18833914955605702, -0.09846780572068554, 0.10361603126107016, 0.6912254082520431, -0.32704153190390023, -0.017236401450470423, 0.2658670838522839, -0.2347362390811461, -0.39738444189603467, 0.45120671969385306, -0.01814304070102144, 0.10127284830183617, 0.2509177762630226, -0.10049234530791064, -0.23857390531037906, -0.6547667987490162, -0.12447178435049484, -0.4589704192180381, 0.3599791707777453, 0.1258246366450856, 0.41719495801011675, 0.2990328322676706, 0.06685519874553233, -4.832903481135733, -0.17045304804514602, -0.11350035141491635, -0.08878614270141647, -0.8262468433071675, -0.10121759465538792, 0.35730982759697305, 0.104054173577211, 0.36127615896799425, -0.40545853454007896, 0.03282301428404339, -0.37000565486161036, -0.09680039123755951, 0.10251673829063654, 0.09106864513653637, -0.4581179635959383, 0.23973918632161273, 0.49927459862983253, 0.29523034441794244, -0.25503773362512905, -0.1710727943635947, 0.66801128581584, -0.036224203291940385, -0.026533121501162982, -0.3189177057207707, 0.28854208695121514, -0.16383096306440265, 0.5406400946747925, 0.509092748149384, -0.08617824884896232, -0.27571355415226234, 0.7423272792700291, 0.09005630123864639, 0.29706851151609304, -0.8084906944123523, 0.22831894394299962, 0.05153974347566358, 0.8266349740076638, 0.5358983039457904, 0.1589349770337501, -0.5139168817913966, -0.17904726323484302, 0.001877044355205477, 0.08804239279384489, 0.004213116704999232, 0.5261095435216783, 0.4084282015020938, -0.0011580933504179043, 0.5612460806033749], "config": {"experiment_name": "generalist_naa_e_set_2_r3", "comment": "Adaptive alpha off test", "enemies": [2, 4, 6, 7], "h_neurons": 10, "population_size": 100, "n_generations": 75, "parents": 50, "children_per_parent": 4, "mode": "generational", "cx_method": "cxBlend", "cx_kwargs": {"alpha": 0.25}, "do_adaptive_alpha": false, "alpha_base": 0.1, "div_bias": 1, "div_threshold": 2.1, "delayed_exp_gen": 25, "mut_probability": 0.05, "mut_method": "mutGaussian", "mut_kwargs": {"mu": 0, "sigma": 4, "indpb": 0.3}, "parent_sel_method": "selNonRepTournament", "parent_sel_kwargs": {"tournsize": 12}, "survivor_sel_method": "selNonRepTournament", "survivor_sel_kwargs": {"tournsize": 12}, "do_fitshare": false, "dist_func": "hamming", "fitshare_radius": 100, "fitshare_strength": 1}}
