{"mean": 71.14877544927882, "max": 77.12111888932374, "std": 1.938486583062799, "best": [-0.22756828676044416, -0.34722290436600506, -0.28192876774137965, 0.07960207932512511, 0.15021380302932302, 0.2917139711273771, -0.03416144017720062, 0.03198198700656538, -0.7587901943818083, 0.6168293554790929, 0.1825496892674138, -0.9194863227481203, -0.12407925497382934, -0.0695179104561306, 1.0277952988189787, 0.030198001874358966, 0.05085244613186432, -0.11658118638015855, 0.13658440592318005, 0.07273348546950173, 1.5353332161785311, -0.310787895186409, -0.027839508928716464, 0.2035802294977982, -0.06231659009291579, 0.2417611861898261, 0.3516114249775686, 0.2590669250841232, -0.2693275952324756, 0.07809235339210847, 0.2337004687677174, -0.2208538741847132, 0.11376087427175784, 1.4459969052571904, 0.7818262829449169, -0.12756513975037576, -0.010308857899611064, 0.010595699179257054, -0.2672856563237166, -0.5357943366371929, -1.2794043289848134, -0.3554019062382725, -0.1564765644141129, 0.7476520955937632, 0.44326243354815015, -0.25001187032710537, -0.020384325759268747, -0.1452630627949061, -0.03429460728697572, -1.7150449093580735, -0.5278006741356731, 0.1539770749582002, 1.8290404944805012, 0.3319944786595553, 0.7507376501417726, 0.04519427900189254, 0.08650805956682905, -0.27636322666531754, -0.15200592882266878, 0.47690680594195356, 0.19538971265901642, 0.2658201733246632, 0.8184529371360771, 0.07647639298693364, -0.2247498495734156, -0.6524118586118598, 0.6272880487666574, 0.38359779665549776, -0.3996591395808819, 0.2612054294115248, 0.1890155734397992, -0.5995364783624844, 0.1573555351593892, -0.03313658304331957, -0.19353513609063466, -0.07199879714738228, 1.1757618885083205, 0.8442071440169466, -0.42973587365424704, 0.17180323693909239, 0.2110805119127325, 0.26326623694576684, -0.15959819701060984, -0.5430331755800358, -5.065404059834504, -0.05113797391996264, 0.27786469385046203, -0.12951159292950776, -0.06174527185332514, -0.24531501074092701, -0.4001245843266294, 0.2707663831132291, 2.062489219140005, 0.6621102396660908, -0.01773485556575201, -0.36553131314579096, 0.24944346229715197, -0.26882414965701246, -0.15176748884436433, 0.3099355788387882, 0.125940213978894, 0.6544587329053395, -0.16364583090067622, -0.10805897093172723, -0.6292708908200139, -0.3073186861456634, -0.17022045859495777, 0.28784175288106834, -0.35068071336232, -0.04489175436542902, -0.01683281706196053, 0.28000654172801703, 0.3639666581509228, -0.3634063986425524, -0.24444727831836213, -0.0019742606047404377, 0.1727976928874988, -2.603435376726569, -0.047412524647206813, -0.507909789955263, 0.00046230894992252414, -1.2044195324724913, 0.23536526765550814, -0.019177893586304486, -0.4701618173247474, -0.24732935671668427, 0.3264708055007613, -0.1020795470360687, -1.7193888528329984, 0.25416858297559136, -0.34370914818942916, 0.2896179786484827, -0.11595232700134805, 0.2335426201611454, -1.288724641246826, -0.32414454078946187, 0.5409186120788227, 0.0768394008445382, 0.07690293916299168, 1.5448278477767508, 0.07216287865778052, 0.19023535659460178, 0.36088547294639084, -0.4356508347060788, -0.011007939424882988, 0.45980305362039847, -0.8804667092826028, 0.027876937299099895, -0.007859607609172797, 0.4599659558702048, -0.039845721781111156, 0.6708974276703229, -0.17609064628838594, 1.0433489206583233, -0.19788779870251652, 0.06638417999507816, 1.1740752282799356, -0.03036423733918949, -0.1467436558186167, -0.4179478069408808, 0.16195641896640467, 0.2365045790414385, -0.015910561018107915, -1.5231003642067666, 0.12782553825905968, -0.24621140831228053, -0.29650354844667115, 0.0880705909643393, 0.04133127093792197, 0.6099532720167373, -0.5052895146134435, -0.1332156703653033, 0.43924542171431913, 0.03387541254388419, -0.7094112525206472, 0.05387519700211142, -0.5801425021321412, -0.27379276320062795, -0.2807202929731835, 0.16703272864155716, -0.1470104992419759, -0.05554549212470285, -0.25876710780111456, 0.45878105848009837, 0.48577754132069617, -0.24615029178124473, -0.18530426850732928, 0.5356549963300357, -0.8495887488948561, -0.2553951792194132, -0.09630520940593412, 0.455962621665195, -0.34763551930962977, -0.06681629568197939, -0.44169510980725424, 0.11313079467465648, 0.00034764161971775074, 0.26722788300410266, 0.08710038415506345, -0.253402106259113, -0.3907802111112273, 0.15381872738340438, -0.6030726933118071, 1.097685342262206, 0.1570567806473554, 0.518793876575774, 0.2266999210547882, 0.022797083847213094, -0.36669889329003846, -0.16711725504082847, -0.6308882776356357, -0.32025335772443425, 0.14178959458969986, 0.12271664803422268, 0.2518265637826415, 0.08631775633081203, 0.5807256129548336, 0.6083108467064845, -0.22727674579672666, 0.008622245969091408, -0.5796338789817028, -0.4279096229299445, 1.0441784703306047, 0.39739571365697146, 0.2682275395647447, -0.9337479449597523, -0.09054205417136738, 0.38916422595063266, 1.023633182095596, 0.08381324550357176, -0.32422179848083205, 0.5750528139053529, -0.6491909825893014, -0.021898874253171514, 0.40508718069464916, -0.3330103958331231, -0.8656156443634659, -0.1661297785048228, 0.0033751558560428606, 0.10720420564559988, -0.24125634455397968, -0.14578567954313282, 0.08901194409778772, -0.03311741659742609, 0.6264113421027417, -0.7092229576153024, 0.4816249136972781, 0.28173233593809877, 0.6341423365779799, 1.3910574718589772, -0.13812433495829154, -0.07462815671060051, 3.6121703276084025, 0.11573264853953473, 0.2769512161559972, 0.012489637490229652, -0.49674115233914673, 0.37673203689982426, 0.3060268398594567, 0.7305661015799654, -0.2144988644445197, -0.5579600231123524, 0.24851172947734618, 0.9443760221036481, -0.11331717671455954], "config": {"experiment_name": "generalist_naa_e_set_2_r1", "comment": "Adaptive alpha off test", "enemies": [2, 4, 6, 7], "h_neurons": 10, "population_size": 100, "n_generations": 75, "parents": 50, "children_per_parent": 4, "mode": "generational", "cx_method": "cxBlend", "cx_kwargs": {"alpha": 0.25}, "do_adaptive_alpha": false, "alpha_base": 0.1, "div_bias": 1, "div_threshold": 2.1, "delayed_exp_gen": 25, "mut_probability": 0.05, "mut_method": "mutGaussian", "mut_kwargs": {"mu": 0, "sigma": 4, "indpb": 0.3}, "parent_sel_method": "selNonRepTournament", "parent_sel_kwargs": {"tournsize": 12}, "survivor_sel_method": "selNonRepTournament", "survivor_sel_kwargs": {"tournsize": 12}, "do_fitshare": false, "dist_func": "hamming", "fitshare_radius": 100, "fitshare_strength": 1}}
