{"mean": 52.87924839126309, "max": 52.879248391263076, "std": 1.4210854715202004e-14, "best": [-0.3228276007226596, -0.4392664313613772, 0.2556749160958023, 0.04495245041068925, 0.24648638773433484, -0.37554145607076017, -0.35075522504359463, -0.012024943002854446, -0.016922500927178008, 0.16010161259243577, -0.7702992768981514, -0.3237893679122457, -0.004632957761105148, 0.4065435371142161, -0.10334096729890792, 0.03117324075724647, -0.0725694782878661, -0.32914902339096425, 0.014615339361538193, 0.026361000654178797, -1.0573464415698048, 0.22885586692419316, -0.05895185531162883, -1.0795256138952332, -0.33814143722889145, -0.9783412509886575, 0.004623265595674141, -0.1141874417077703, -0.4009850530990713, 0.6571207014224909, 0.19068026239667954, 0.5485885353652022, -0.2419375493200031, -0.7659668946455922, -0.8840321902188387, 0.3824851544566994, 0.26735741720328837, 1.0467263770752622, 0.029962538101866908, -0.40397474119459953, -0.7280016429574143, 0.24772460284564637, -0.11634279573970757, -1.1838409333565623, -0.5146987866382099, -0.009457739877702692, 0.2001761642395796, 0.3620482234531295, 0.02015791436676286, -0.08094474208190103, -0.12870797543530596, 0.07383871428799565, 0.07566916752134005, 0.5230236513212448, 1.2653090842993642, -0.027082548912683725, 0.5079420797179218, 0.13673221263069685, -0.49768949688320785, -0.22991092415552328, 0.05560455136702128, -0.18266418593367376, 0.19254533734293997, 0.2550457310954082, -0.27331190363814195, 0.14222125099748853, -0.1352940487916076, -0.0030146700605179944, 0.38370136511512704, 0.025336431406467297, -1.2604519750520708, 0.09620018396089483, -0.02442607724748538, 0.1801011937623024, 0.1885007456634878, -0.12374089043999902, -0.20827755169928452, -0.4439874072632053, -0.6185171314395498, -0.327935667789765, -0.25651562143590934, -0.3329824695628379, 0.1340192391462808, 0.017898565668445412, -0.4765885385158413, -0.045847579174924505, -0.2352261157446809, 0.03383295235283911, -0.3472463747193572, 0.02219180882502232, -0.13061466687502252, 0.5014446443014526, -0.07379581113161604, 0.8911560124434652, 0.4412208804153055, -0.004726221795584577, 0.01879641283153121, 0.15867914145643836, 0.10252580724109568, -0.09478297644817206, 0.2338914116264441, 0.3865221235704963, 0.25433628666107033, -0.11139981059103782, 0.12383675554442668, 0.4706945359080855, -0.42507507297876856, -0.9267646930234708, -0.13314112161602887, 0.19478196985609222, -0.2125180727767879, -0.16626298993736902, 0.4814767609375148, -0.3070561982446715, 0.6602469394054427, -1.0463169983322156, 0.12053002106039466, 0.20431879456628887, 0.4248885702345153, 0.1211128957943282, -0.1329462394436211, 0.06927525260889664, 0.2550718194754012, 0.3074522539282797, -0.07989827407893929, -0.13719982613701237, -0.09337673882438427, -0.11560391578808474, -0.05617567578619541, -0.9987299732763286, -0.21406112673959873, 0.33980832550473095, 0.060981134843148724, 0.3531333306293934, -0.027814687652377948, -0.39833607205602894, 0.44625976815074386, -0.09433095669525253, 0.0885781533694601, 0.127526830847668, -0.4810022461877126, -0.054892227289922595, -0.13671512099836985, -0.5873103166732413, 0.1293256246370781, 0.03765401356315671, -0.4321929400268395, 0.4910064004082617, -0.9670542734887151, -0.04198677575031442, -0.062061047871095266, 0.2990337100372349, 0.6544942093351962, -0.1548156120929068, -0.044491980239267204, -0.3974225064292351, -0.12446960681067244, -0.18164574351897078, 0.2790919374265051, -0.2613803378592665, -0.2373004809700028, 0.302071040459053, 0.1819961200820635, 0.2974886664741946, -0.32479571433270527, -0.5933507323128977, 0.1771033014174896, 0.056831898282413265, 0.2739395602158227, 0.2630496282474638, 0.08546158126631162, 0.005698377220144215, 0.06762939659687056, -0.1566949138064447, 0.17958582516072472, 0.02584579791531688, 0.21572847738268136, -0.2350184717765491, -0.11215560032034526, -0.597565046944662, -0.2594319955131479, 0.15437150076663408, -0.07240914943523236, 0.26713993189000873, -0.38706973087152513, 0.07496406758617215, 0.1790167280761175, 0.23697159058659673, -0.035554632353580376, -0.021232330026430636, 0.37739494874459434, 0.31906302580649637, 0.41021668749743956, -0.37061259570696514, -0.2345692967790109, 1.3280302508947541, 0.33742582350937733, -0.11205534646579052, 0.03851501368377906, -0.47746882463254037, -0.23955033865856262, -0.32644422498754777, -0.21802049156385056, -0.034843742641594, -0.32991405375377497, -1.0701934856389639, -0.7880159872401609, -0.12524621914712517, -0.2765258587224258, 0.6869237721642452, -0.5382456095972502, -0.15300845659830623, 0.6698427743306605, 0.29836184720341796, 0.29775965329551857, -0.3789573855606825, 0.11094741703834521, -0.3983780021585808, -0.2550282894018286, 0.18553529494551563, -0.9474793473630017, -0.33685325324628446, 0.13834845200567267, 0.6161540408670988, 0.5447660743065795, -0.041228054280223685, 0.06245464695312634, 0.23262320138116557, 0.33445336120957303, 0.1933303303790581, -0.1653097000451729, -0.40778492314543247, -2.8781532007832222, 0.36486053801644946, 0.3418556455111462, 0.1472006689179293, -0.1677673190793413, -3.158454171425319, 0.26340944965075225, 0.19605040031035165, -0.4645702927469043, -0.3883917657132222, 0.584870534282012, 0.3174319815873197, 0.751825085595526, -0.2695063112691731, 0.0314893393370757, 0.3460799127776171, 0.2741778276409287, 0.028579455857498815, -0.3721951412779752, -0.4815643473113888, 0.221025506127673, 0.4794181045407681, 0.9981759897748443, -0.40239854535439074, -0.5009261858922762, -0.2824523757883294, 0.19508948829784337, 0.26378566619199373, -1.1247052080937274, -0.11790877075203848, 0.20106652541541292, 0.2565779856944067, -0.29800708609432147], "config": {"experiment_name": "generalist_aa_e_set_2_r2", "comment": "Adaptive alpha off test", "enemies": [2, 4, 6, 7], "h_neurons": 10, "population_size": 100, "n_generations": 75, "parents": 50, "children_per_parent": 4, "mode": "generational", "cx_method": "cxBlend", "cx_kwargs": {"alpha": 0.1}, "do_adaptive_alpha": true, "alpha_base": 0.1, "div_bias": 0.9, "div_threshold": 2.3, "delayed_exp_gen": 25, "mut_probability": 0.05, "mut_method": "mutGaussian", "mut_kwargs": {"mu": 0, "sigma": 4, "indpb": 0.3}, "parent_sel_method": "selNonRepTournament", "parent_sel_kwargs": {"tournsize": 12}, "survivor_sel_method": "selNonRepTournament", "survivor_sel_kwargs": {"tournsize": 12}, "do_fitshare": false, "dist_func": "hamming", "fitshare_radius": 100, "fitshare_strength": 1}}
