{"mean": 52.55642706363593, "max": 52.55642706363592, "std": 7.105427357601002e-15, "best": [-0.1880641042234601, 0.40760474227398114, 0.16119410531219355, -0.10265308465743393, -0.07823572484393608, 0.2070291238364173, 0.133109296117529, -0.9681584690199032, -0.24040591917977477, -0.1543405523250099, -0.055156847436846984, 0.2264297550854269, 0.0739469800762078, 0.22693667233189635, 0.11230788866165833, 0.007944166357464935, 0.1358940663031368, 0.2936398941973257, -0.41679638956797305, -0.19029229588211455, 0.16954059653829953, 0.3190889149337235, -0.28255441036154555, 0.03588060562407809, -0.18327774328814278, 0.35249247485941726, 0.09209948876780524, -0.14671426476678692, -0.03027357995182696, -0.46551569605945603, -0.5536580758994138, 0.13294460384660128, 0.00838481432396218, 0.6975233949712524, -0.2398477648936316, 0.0590211810252878, 0.6395609665073494, 0.6883129532083991, 0.32946953736160467, -0.2357984680595365, -0.20520678883027083, -0.16344899129077334, -0.062203727937830494, -0.061030027028178335, -0.16761841219071633, -0.04028549607314943, -0.05025749078885648, 0.06915955843145787, -0.31682075017173245, -0.060198143527256956, -1.0449364566152382, 0.12987830802299602, -0.094248042539782, -0.15404717325146863, 0.0387139225036532, -0.3109637795090962, -0.01500801504287996, -0.026629479372452684, 0.8023085571529099, -0.390005286091623, 0.19635003519962332, 0.19211743307124357, -0.16198123016198213, 0.08911409960380898, 0.20985001794255936, 0.32776442986081195, 0.15362188355684658, 0.06597195145820108, 0.2937350313625644, -0.3549513809777984, 0.11969417364494951, -0.22309179951846086, -0.11590665193070132, 0.26351932121157257, -0.11362613300049362, 0.20511751767958805, -0.43307302258561575, 0.3508140663206624, 0.2864196714943181, -1.0206584017965394, 0.0971360042547206, -0.08122665553525871, -0.20347480964467043, 0.06609074100473866, -0.2716396136848981, -0.12552802999777724, -0.2633085190297404, -0.32747403429286176, 0.17601486117857623, 0.10074726882049576, 0.01926617059685413, 0.012464632140053982, 0.32511779358126086, -0.15827624224814862, 0.10676177711246229, 0.1435169994784437, -0.3035930675820603, -0.12032439845138024, -0.1275699432362844, 0.1025387022631209, -0.17965619917064307, 0.04801085422792652, 0.1042191179421542, -0.14434651778007168, 0.1726216514071765, -0.1629627413239039, 0.0537977075271016, -0.0561983205818797, -0.038245095044770895, -0.03606469922290366, -0.6167440100851553, 0.37256517680262735, -0.2575613712728286, 0.17916524833063957, 0.08185244478125217, -0.1975305007931002, 0.10505398571800151, 0.28196634920533137, 0.1967092946057766, 0.045695018457516716, 0.8578062451025746, -0.0813665328185059, -0.07054419860704159, -0.04068188027353397, 0.048843066425888794, 0.3236236016721314, 0.2630989743692104, -0.037632902599403356, 0.15701961579817877, -0.3954013290040784, -0.3660388236808933, 0.09759223811888493, -0.25937153615341996, 0.17694956065649983, -0.04125029871644342, 0.15668858694978027, -0.16132462227050998, 0.09770727081026195, -0.05879055831554732, 0.069309955505068, -0.20164259749706478, 0.39078992982089866, -0.2171306886914045, -0.10928758045670668, 0.43542842114619584, 0.15340895721779904, -0.09661405141936721, 0.4078545179145334, 0.08882707321234602, 0.39036821857065696, 0.08586638284616685, -0.14009536860289398, -0.03743938167380702, 0.13144336692413217, -0.21732537688333475, 0.12163903232726536, -0.022534880618404182, 0.05254606702121904, -0.28206701986819177, -0.0639036190555078, 0.2522972063115291, 0.09562768431332586, -0.13637247616821585, 0.48488182178691974, -0.06603017826932961, -0.16628216724842182, -0.09514734421968944, 0.426458371260258, -0.21024415516085215, -0.11664579008165196, 0.09508051076177766, -0.02691619973927376, -0.46103340838988316, -0.15666550788462932, -0.2329235561807101, -0.009706384151256263, -0.17772890019242957, -0.046910286632102526, -0.053066842719261716, 0.12453971007817373, 0.026494777048039368, 0.26710854459184147, -0.04203911833698792, -0.055875388921978277, -0.006647432945507809, 0.20880405898873833, 0.09625024985447574, -0.016595495471804136, 0.1795357847099463, -0.029437748114721222, 0.16556129570772662, 0.38345268535926763, 0.18277240928701, 0.11500789357417131, 0.2614674387080684, -0.18407051150226095, -0.20048278324978303, -0.12210238459117939, 0.13032078269404707, -0.19452327591974, 0.10985364716187694, 0.017611467955536284, 0.13543584073606305, 0.18201006336782263, -0.22480964662129743, 0.0027272693262670963, 0.06311896143408632, 0.31826325052281285, -0.10661940293535083, 0.29401701998032426, 0.03565677560723251, 0.08162323208909526, 0.24467538946416298, 0.38354907635355745, 0.3310434291872769, -0.40477116487960346, -0.058276752394663026, 0.18334916340254132, 0.24468126512921676, 0.019781810500695662, -0.23471201081154497, -0.32773724147832406, 0.4202017396023836, 0.018752181269796546, 0.22497152317230035, -0.2102850860702336, -0.23157685222575164, -3.7307366687324537, 0.5878853241033717, 0.23142750234907727, -0.5792413259088819, -0.1931119946458713, 0.37506290401243114, 0.20754941408745836, 0.37965508810090304, -0.6191249312494224, -0.11285588238389964, -0.013465174494128894, 0.3326545780069082, 0.2998408477425044, 0.12545241379558225, -0.3102357101359914, -0.10989162788451444, 0.40076655487135066, 0.15858882932282248, 0.17228537280511053, 0.21962872613136092, 0.17630310691110723, 0.35320683197802194, 0.28212510062950824, -0.23189463548291445, 0.07235625906392906, 0.2603192514512029, 0.16223282563249058, 0.04552581954468883, -0.4840528467073599, -0.36305127958560546, 0.003691836436307951, 0.7234448514343513, 0.27453420195066947, -0.03337286460407298, -0.27446295397740045, 0.1888944003060103, -0.0346533265814188, -0.17173844620378276], "config": {"experiment_name": "generalist_aa_e_set_2_r2", "comment": "Adaptive alpha off test", "enemies": [2, 4, 6, 7], "h_neurons": 10, "population_size": 100, "n_generations": 75, "parents": 50, "children_per_parent": 4, "mode": "generational", "cx_method": "cxBlend", "cx_kwargs": {"alpha": 0.1}, "do_adaptive_alpha": true, "alpha_base": 0.1, "div_bias": 0.9, "div_threshold": 2.3, "delayed_exp_gen": 25, "mut_probability": 0.05, "mut_method": "mutGaussian", "mut_kwargs": {"mu": 0, "sigma": 4, "indpb": 0.3}, "parent_sel_method": "selNonRepTournament", "parent_sel_kwargs": {"tournsize": 12}, "survivor_sel_method": "selNonRepTournament", "survivor_sel_kwargs": {"tournsize": 12}, "do_fitshare": false, "dist_func": "hamming", "fitshare_radius": 100, "fitshare_strength": 1}}
