{"mean": 68.93369503908022, "max": 68.93369503908023, "std": 1.4210854715202004e-14, "best": [-0.6489157592855072, -0.06038297262244962, -0.49302895517435097, 0.0925355572662608, 0.1289435666930741, 0.14867219614281238, -0.016837645456891086, 0.32846299681808255, -0.07004890025741485, 0.05563991700876961, 0.009533392703752771, -0.07646855705201612, 0.05535646767293887, -0.3684090866322236, 0.04898105855472153, -0.002940564448589883, 0.05003967712272868, 0.03678656215832643, 0.13470642785556844, -0.11317099914266063, -0.7097478877132101, -0.13498476864737605, 0.032829810614371284, 0.4560571961457752, -0.44021350045159635, -0.10294820376655407, -0.3207031943932162, -0.2010387303239659, 0.15807643724207487, -0.08471166463210075, -0.0987661300012445, 0.5494647227108477, 0.00993542220072445, -0.33660568221843745, -0.2192576298651722, 0.3192767578729818, 0.08705846948014091, 0.4877169702092637, -1.392693407309477, -0.09139282304486929, 0.5161640963544443, -0.34632330103436726, 0.5760908211432441, -0.09208371860337555, 0.29675687598749484, 0.31711834486663876, -0.1373997152484483, 0.10695061495640981, -0.20896267613487204, 0.28907436229166106, 0.09151855678019505, -0.3882198483429928, 0.2089764348173401, -0.002673054535288344, 0.044904089230002595, 0.10535089685391862, 0.41380779315074667, 0.11361562131463257, 0.10846012282104289, -0.38482030068065787, -0.1790951132733905, -0.0008309788898538331, -0.6098800133534727, -0.005918146006601449, -0.1473426001324263, -0.006743193407335129, -0.13143425001956804, -0.029740900315306254, -0.037215979823711456, -0.11397432793019947, -0.016038912766266292, -0.16953623056900297, -0.1481759449353403, -0.03622069249424453, 0.06299749381068913, 0.039293669935129096, 0.06574510821586768, 0.49068621387082906, 0.07131849328874627, -0.11662767471795674, 0.13752219151761158, -0.2807869212880053, 0.050862619197657825, -0.02361348249384789, -0.0181058294477692, -0.06672676386475906, 0.10240288609938145, -0.22174931107079476, -0.06598495110321961, -0.18625403661963474, 0.08865673377600551, -0.3554888911662164, -0.06257817580607797, -0.04783839003460608, 0.04511413990725763, 0.14205350810480682, 0.2296120954679289, 0.04480924266726516, 0.5325151822508717, -0.13395825266012468, -0.18961779052396643, 0.10210569978266787, 0.16978463296111385, -0.00789844657155446, 0.26670368344012274, -0.10467077468450747, 0.20845209751184562, 0.0395822705019395, 0.07929706215269938, -0.12345501710442085, -0.22698989120201235, -0.004380492502031083, -0.060310826760179355, -1.0839771900585708, -0.2562581611159445, 0.4577537065890429, -0.06900580368579766, 0.16671795595616065, 0.3724794917408899, 0.2194912528983588, -0.2649670842200558, 0.15344153643711492, 0.48038582404470853, 0.288503571396096, 0.22235122469575483, -0.04439246809573691, 0.17902667980506848, -0.4532411502231953, 0.24359352872288623, -0.007053806504587434, -0.11862016114981808, -0.313717201580837, 0.11077012256892868, -0.3239819719484719, -0.014110768651790635, 0.15530578480815216, -0.22517577876273026, -0.060121690268401196, -0.011076769419575475, -0.0040327657960865446, 0.35637647741625667, -0.4159207959464061, 0.06922504417646369, 0.11926200876191742, 0.06574877703538028, 0.074769091382504, -0.13217602538256215, 0.3154478582585978, -0.08453674468501234, 0.008371901349580175, -0.20214373091852383, 0.10716096391954251, 0.14595901334035266, -0.09633930369979866, -0.25426411524119175, 0.12866394376622844, -0.028406164586966598, -0.16102799862588307, 0.05978833814101591, -0.03314582679767648, -0.2731906129902459, -0.288605456337395, 0.5206142916777965, 0.42415042329725394, 0.30367771640374197, 0.01369438818184313, 0.11984599768636867, -0.029831152697945576, -0.5327970952745463, 0.11768206474566571, -0.25470152563277426, -0.6635837025834905, 0.009163434429636502, 0.21672968039594326, -0.4075051332363457, -0.19145618479380863, -1.1652918953783873, 0.011005537905975131, -0.48066201009006365, -0.2963591390618321, -0.15757413211301544, 0.3707439580972148, 0.03486231415536798, -0.1860702544458627, 0.4995238395580881, 0.13519283959577433, -0.25615413534929143, 0.06719101231096371, 0.2793205007741614, -0.013906003784065823, -0.03688962768629041, 0.01849394921213287, -0.16829656314373462, 0.0372570587606382, 0.18882792469244963, 0.008102119129689715, -0.2324644404318909, 0.29361470051127286, 0.10501601049496623, 0.21151941029237661, 0.05689788741959701, -0.047955387840213554, 0.5788611883067966, 0.13379009041049944, -0.144749352849481, 0.2054749897373812, 0.5123952840067691, 0.6023226696544488, 0.10388587590691498, 0.009195849889519582, -0.20770216058507956, 0.12698341658417742, -0.08915897287944574, 0.769964822671702, 0.21248823452572804, -0.21339241128698277, -0.35214494368507077, 0.740776559608862, 0.08432805839242609, 1.2487016827922388, -0.6238847985220514, 0.12515850988810445, 0.20564211031505858, -0.1869838804974399, 0.27974764586814105, -0.15692464709765724, 0.3379351209086168, 0.06032497651947499, 0.1693131237531475, 1.0800984972243914, -0.007374373245036042, -0.2921547951668768, 0.30291015108623, 3.784062761189363, 0.42917264803405075, -0.37615591366110984, -0.36581397742630406, 0.021979325745374298, 0.30034606130014146, 0.0059233576420226405, -0.13778493782633883, 0.2582485328882393, 0.23592528785087408, 0.49064568941194986, 0.18137465150493007, -0.22517191131222852, -0.18468921041501568, 0.07104516953090544, -0.02351745865519062, 0.11122893271890026, -0.46214232036309066, 0.13359122183097832, 0.11735564456873106, 0.43929566375402374, 0.5899487422979236, -0.01981491068904439, -0.7800624697629622, 0.15613619738797807, 0.14861479452645746, 0.0293559239408509, 0.042505672459894006, -0.07387468204983551, 0.11015036178865745, 0.1641964093546249, 0.07256327431982162], "config": {"experiment_name": "generalist_aa_e_set_2_r1", "comment": "Adaptive alpha off test", "enemies": [2, 4, 6, 7], "h_neurons": 10, "population_size": 100, "n_generations": 75, "parents": 50, "children_per_parent": 4, "mode": "generational", "cx_method": "cxBlend", "cx_kwargs": {"alpha": 0.1}, "do_adaptive_alpha": true, "alpha_base": 0.1, "div_bias": 0.9, "div_threshold": 2.3, "delayed_exp_gen": 25, "mut_probability": 0.05, "mut_method": "mutGaussian", "mut_kwargs": {"mu": 0, "sigma": 4, "indpb": 0.3}, "parent_sel_method": "selNonRepTournament", "parent_sel_kwargs": {"tournsize": 12}, "survivor_sel_method": "selNonRepTournament", "survivor_sel_kwargs": {"tournsize": 12}, "do_fitshare": false, "dist_func": "hamming", "fitshare_radius": 100, "fitshare_strength": 1}}
