{"mean": 69.61596626025566, "max": 69.61596626025566, "std": 0.0, "best": [1.1905444085448098, -0.01964345213327931, -0.20448146106047133, 0.15370788184391954, -0.03448454417097328, 0.07601800955586487, 0.13149862739452242, -0.42975799447657576, -0.1423199437204386, -1.2911972222297918, 0.07324214994671634, -0.06532877139745044, -0.7637019695377649, 0.38224860869139143, -0.06484442752254707, -0.500791451288547, -0.10539608947846903, 0.18828377422048914, 0.009081849849957007, -0.10899393845932902, -0.1280061880911286, -0.1055207182062659, 0.16446182878376203, 0.5143995914742555, -0.07905342162692792, 0.04036833511180541, 0.03460211263405914, -0.12443765736496262, -0.127548493639442, -0.15199832047275366, -0.7810362912319946, -1.2650083098288385, -0.6181267478048394, 0.2745232961759305, -0.013892015324484211, 0.07913082490477408, 0.33393743971685275, 0.0005246649751475594, -0.10133161368867429, -0.22232018722963043, -0.6102258239769967, -0.11650477418404132, -0.2812011212890323, -0.08058192887729926, -0.31039329948293226, -0.02437264869078914, 0.21539279103737372, -0.3898926854361343, 0.5794394776768497, 0.0982802899023557, 0.11234790427474949, -0.22749772985000116, 0.3873449415575978, 0.21364776033852662, 0.5559412147790687, 0.2721788315938941, -0.3679554926798235, -0.15609802490030877, 0.07394131985907434, -0.35561153528998296, 0.11593815592876819, 0.017835571215786956, 0.4097644387680104, -0.22921285010016454, 0.09630416847985163, 0.19267104883124067, -0.857633824146695, -0.36310134493759216, -0.24364645162298262, -0.013923511221793115, -0.10137599853774679, -0.3669340161892479, 0.10712761817047564, 0.4876365293018678, 0.23810713572697745, -0.1156663976960826, 0.06964156812044348, 0.42441122255546937, -0.10414622819048452, 0.13914517133792204, -0.38501354431287604, 0.3379559947597759, 0.21806657901743998, 0.014963571625606364, 0.1433202025261671, 0.3054300110210544, 0.14341101622110228, 0.14453479689915488, -0.24701195766812145, -0.051901949010468316, -0.6535169505995437, -0.27021939729396643, -0.8636801058180902, -0.028055503222838507, 0.23990809446581327, 0.23324957737795293, 0.4577477306566778, 0.10535256084629328, 0.19288779989162064, 0.13258229898367913, -0.09653203270862765, 0.26813270262823213, -0.041021640862608816, -0.32865566314351624, 0.024921263396981856, 0.08438425581280089, -0.11624420806836205, -0.2691225708319935, 0.3437035202721468, -0.5907152371029996, -0.06920377824789076, 0.021089687462999267, -0.0954358280430195, -0.31366013506263657, -0.008885424601119397, 0.045182037358982116, 0.013761854718746028, -0.23659732194818847, -0.01400892311785964, -0.758950552431585, 0.018911184616119094, -0.04059189146208275, 0.14422621356736595, 0.3712338988842099, 0.24423719396389437, -0.6916784078333973, 0.6669507419916083, 0.13394587897945012, -0.2602232242617628, -0.11857301505104705, 0.37616441965934655, 0.09800427694740334, 0.02940101771024997, -0.3091133997228481, -0.9990540876429638, -0.39840931210059827, 0.26872934503186335, -0.05964188601695408, -0.004256762570331284, 0.1555615408882589, -0.5090607672125749, -0.0016129316109612431, 0.8345132142432805, -0.017764519694272982, 0.06417648245616586, 0.00832302823303386, -0.06826816492368108, 0.41006422450513574, -0.003761423823534624, 0.3181790258961618, -0.07069255555245789, -0.08873932951143895, 0.19112022222932668, 0.02312720615876895, -0.33630031701765495, -0.004697972446868299, 0.23658435251158136, 0.18269932131762734, -0.24722027616550185, 0.34639900216160024, 0.02883925786216976, -0.1428120437037443, 0.21607762581142725, -0.1062042675466076, -0.06378276562115948, -0.0655233009082515, 0.19188303654333672, 0.266326917156215, -0.02747278801786487, 2.3994922507011616, 0.0533778193899744, 0.15557508317885788, 0.3507881134569735, 0.09263929352831948, -0.08800222070233114, -0.1194567008073617, 0.0613642864784538, -0.7817713867521124, 0.12667506174224663, -0.00415572419595525, -0.5619753906691995, -0.00037678291108122813, 0.9579362091807906, 0.24693176490623103, -0.30936804265496526, -0.06096789010637711, 0.18882746797987565, 0.1145362631651551, 0.31838819875832575, -0.37469023012382663, -0.0299363310869178, -0.4865629858639071, -0.3254550913804554, 0.41505282861332304, -0.13910480364756053, 0.19165443444282643, 0.24935110178919323, -0.6673340849141767, -0.8531507972224315, -0.14659896797471178, -0.25486594193582096, -0.37295371702797503, -0.11043002732947296, -0.34054202339832773, -0.11177932350295022, 0.6476242716037475, 0.18103154252779055, -0.11127729563759994, -0.07435272814349446, -0.3664011215015884, -0.9751967270727999, -0.19271189098624206, 0.3994281377301265, 1.4352292305043208, 0.15877001998889012, -0.14774285127024167, -0.6625195851613587, 0.22362141033445632, 0.3569220292302478, 0.3119054201598733, -0.13207515084832627, -0.21533232149501094, 3.755869168548546, -0.054143195922475795, 0.04692482478592076, -0.37782723523245193, 0.4248737655528734, -0.019134048545504035, 0.23175810844661043, -0.043846239305414265, -0.5761579490367525, 0.11626082363505232, 0.08936201186388969, 0.41869212013327034, 0.29868625912515145, -0.23875777399798115, -0.3789586696906003, 0.36912395985972746, -0.06404628784782664, -0.0032119667776543273, -0.28463549666782967, -0.2945688321316808, 1.8489953865123347, -0.07795897832134777, 0.42247079609726834, -0.1892729004842597, 0.4207719477049848, 0.21490663863302614, 0.06490734003497908, 0.3664286410563629, 0.12210377373090033, -0.3242979786875245, 0.10124850654468975, 0.4515303923618718, 0.39321141572024104, 0.2867124102162186, -0.05135825469439543, -0.10544452177541885, 0.1384451932898813, -0.19332596019116816, -0.7298408540567314, -0.03431031269450853, 0.38786513211172124, 0.4021863465538981, 0.06342364231426947], "config": {"experiment_name": "generalist_aa_e_set_2_r1", "comment": "Adaptive alpha off test", "enemies": [2, 4, 6, 7], "h_neurons": 10, "population_size": 100, "n_generations": 75, "parents": 50, "children_per_parent": 4, "mode": "generational", "cx_method": "cxBlend", "cx_kwargs": {"alpha": 0.1}, "do_adaptive_alpha": true, "alpha_base": 0.1, "div_bias": 0.9, "div_threshold": 2.3, "delayed_exp_gen": 25, "mut_probability": 0.05, "mut_method": "mutGaussian", "mut_kwargs": {"mu": 0, "sigma": 4, "indpb": 0.3}, "parent_sel_method": "selNonRepTournament", "parent_sel_kwargs": {"tournsize": 12}, "survivor_sel_method": "selNonRepTournament", "survivor_sel_kwargs": {"tournsize": 12}, "do_fitshare": false, "dist_func": "hamming", "fitshare_radius": 100, "fitshare_strength": 1}}
