{"mean": 91.17981234143055, "max": 91.17981234143059, "std": 4.263256414560601e-14, "best": [0.16590300301132713, -0.3842773481296583, -0.637667788886007, 0.39845292629166984, 0.17513609041750705, -3.1737531932779204, -0.019770640524724117, 0.10414866075660068, -0.5316262728843436, 0.24188055212471962, 0.6599089446878459, -0.4050374547585847, -1.274929932064319, 0.14031707758392897, 0.22083057187482738, 0.034665994209368674, -0.14424013711984424, 0.0029751793270794396, 0.461431917066879, 0.03140046354493719, -0.24623077919746528, -0.18444778387194183, -0.5056251752220299, -0.028956313770968706, -0.25718461950588245, 0.06990753207979938, -0.2935847152163537, -0.05912796082660505, -0.23963294403388144, -0.34266761416059066, 0.3477424040302706, 0.2263458822014613, -0.02102743773915241, -0.025657199161703895, 0.41349934419786366, 0.32089655879641377, -0.6645712841453297, 0.10584704963193031, -0.20260703381741743, -0.117234318705321, -0.07871701097414682, 0.4379334150060452, -0.12360905173257683, 0.31586450592367504, 0.048997497033436865, -0.11559113588683616, -0.22025052384411906, -1.1539289837744866, 0.31211394119427577, -0.34185253336145843, 0.06850805854166599, -0.11913274053966304, 0.5355013614262608, 0.1674998248053642, 0.3186301020031973, -0.08416994277690598, 0.028812019503691496, 0.4588674737740359, -0.619934570156554, 0.14976092742296185, 0.2945904105381583, -0.02650773853024942, -0.22069568659664845, 0.7387751931673782, -0.3815626427373586, 0.3514569128655889, 0.5011029351399185, 0.15725276522935547, 1.4617033740331586, 0.182736651943046, -0.283883527429145, 0.2522624942007416, -0.15015773595187432, -0.0737050134988209, 0.1157212478066979, -0.4514176661326297, 0.26667375556240447, -1.0605219544523474, 0.1514898016503618, 0.07726872128529101, 0.8897445626512643, -0.03432083573446651, -0.09109930649046173, 0.20158784063092777, -0.05737738753780762, 0.013609006174745492, -0.06134763640713798, -0.16562777952418398, -0.1494822750146565, -0.14127202367834102, -0.022416907242191683, -0.42997567385800517, 0.9697665107967666, 0.19810447595609615, -0.15134980113322244, 0.61868344718222, -0.4172827939411181, -0.14534921045770402, 0.1460122958597095, -0.07506431778597716, -0.44604216170042976, 0.1233786424253513, 0.1350324914371955, -0.21873682295258473, -0.19496768892051874, -0.09361902384300222, -0.5061910109876208, 0.23326281719417688, -0.6499852382193094, 0.12684462312569014, -0.07699878115411833, 0.36437459880875395, -0.03985355506579261, 0.058026729180790215, 0.10270925534324274, 0.31425917784607493, 0.010938385958946301, -0.11757032076124574, 0.14594522465638354, 0.3346180395653908, 0.14900237419558116, -0.3695045077217506, 0.011922431095124624, -0.11290562422664162, 0.5728558891438827, 0.17898501402154404, 0.11540688606411661, 0.0034507409019021358, -0.06958967338270497, 0.1334821401808034, 0.15390945141809667, -0.24181079742521785, -0.14692483084113192, -0.15453645357619505, 0.37322925696834175, 0.454522139844514, -0.404866898855804, -0.09239819884412859, -0.09333555810324837, -0.03030421913748906, -0.42910646762964166, 0.18020247059473257, -2.184274119751685, 0.04514994326987221, -0.4600533235899122, -0.4796171828762937, -0.10069605128274088, 0.040293239072385564, -0.35156393872531744, -0.11788844075034478, -0.21541435799647085, 0.41682995884776697, -0.1432916266629161, -0.09386127712520792, 0.11676274473090839, 0.2547459371570815, -0.13245370110191582, -0.14342369659834586, -0.027139013588225944, 0.07673955899827532, -0.10151757004463274, 0.2011054504088894, 0.19673692178205127, -0.09023372291735016, 0.074983542773577, -0.16278374533835488, -0.41629301894937565, 0.2442720508445964, 0.16930403013514747, -0.4324416568644625, -0.08680154346409703, 0.2209836950156297, 0.29538346830905426, 0.2608540514386411, -0.1595235208467524, 0.04112959469671992, -0.3567616434543459, 0.18452165750845445, -0.09100765672457506, 0.32437286319223635, -0.156860174116067, -0.07125836307662767, 0.4400989542740133, 0.039438532153736904, -0.01652307940862379, -0.07870710066205339, 0.16023173581538938, 0.057890500555794346, -0.14218694448312127, -0.2863951202729459, 0.28047745232510507, -0.00639986870261301, -0.2896419155613763, -0.052015804057346675, -0.4055487446683382, -0.1128470045996081, -0.3331487338840974, 0.00915043150013634, -0.12675960755219876, 0.03033551740105751, 0.04839068505905305, 0.04318870865692527, -0.17714196133011617, -0.2662305539824561, -0.12253800576652857, 0.1586285622618667, -0.235283981785232, 0.15362795411198177, 0.08094501027771303, 0.13595429998296243, -0.41137291658995734, -0.4596092424090313, 0.283013910166933, 0.38957778041609264, 0.4351209122750844, -0.18794898507449695, 0.03165124025942445, 0.37060734594476974, 0.21354766249826548, 0.24542670883772147, -0.39659686096718405, 0.010293699623355867, 0.12469524403483323, 0.24593056263343951, 0.18304538453612196, -0.9173767238183774, -0.08164990853406763, 0.3500134138836624, 0.12127172214402623, 0.3941627572115501, 0.12752633123909926, -0.788150597260875, 0.5558542668484091, 0.2676630519226047, 0.07156244702792058, -0.3669219929644296, -0.21224653540770977, -0.2901699449665099, 0.4410605506461089, 0.06066072120230963, -0.2097336659845215, -0.5139041123193373, 0.4266757955413225, 0.2153514212169206, 0.1821228492249197, 0.15917417963267372, -0.732431643053475, -0.07825403642941364, -0.04278197978878298, 0.12029851764262736, -0.3089356436913917, -0.19184668403371016, 0.003785928985048006, 0.3969528097998357, 0.6207025170626672, -0.6301444526492251, -0.239216722780685, 0.14526365461821447, 0.3940728466866282, 1.3805170496846544, -0.16651281180263855, -0.5731726499925934, 0.1472938285065825, 0.3146943083372948, -0.004578268980624756], "config": {"experiment_name": "generalist_naa_e_set_1_r2", "comment": "Adaptive alpha off test", "enemies": [2, 5], "h_neurons": 10, "population_size": 100, "n_generations": 75, "parents": 50, "children_per_parent": 4, "mode": "generational", "cx_method": "cxBlend", "cx_kwargs": {"alpha": 0.25}, "do_adaptive_alpha": false, "alpha_base": 0.1, "div_bias": 1, "div_threshold": 2.1, "delayed_exp_gen": 25, "mut_probability": 0.05, "mut_method": "mutGaussian", "mut_kwargs": {"mu": 0, "sigma": 4, "indpb": 0.3}, "parent_sel_method": "selNonRepTournament", "parent_sel_kwargs": {"tournsize": 12}, "survivor_sel_method": "selNonRepTournament", "survivor_sel_kwargs": {"tournsize": 12}, "do_fitshare": false, "dist_func": "hamming", "fitshare_radius": 100, "fitshare_strength": 1}}
