{"mean": 91.17981234143055, "max": 91.17981234143059, "std": 4.263256414560601e-14, "best": [-0.1980877712503955, -0.3208358482396263, -0.40338855420873765, 0.43119247279289674, 0.08489554413406016, -0.28613359889083156, 0.06664637770687913, -0.07798093646829707, -0.041752155215930564, -0.13706246008807518, -0.4112964071801637, -0.15341300571622618, -0.11113170627428448, -0.14817916324652294, -0.12907461416811447, 0.47061479835419506, -0.42269024300189406, 0.2393051737517269, 0.03714597302485753, -0.1513987712357372, 0.060062793980774784, 0.32750246973529407, 0.5594879545807676, 0.27489785721826215, 0.1964215993447635, -0.12037652934828603, 0.7481560647080653, 0.5166494741597678, 0.3339550169146292, 1.9489856775881933, 0.20416497010820153, 0.5802722058349975, -0.5530864966638384, -0.289290522396181, 0.10410235241178431, 0.0034975163293394316, 0.1734762881171404, -0.3870886236774682, 0.3223035610334142, -0.2653624970818476, -0.11272910324220112, -0.07614059379674204, 0.37863948686557514, 0.299457556573037, 0.18022965374396654, 0.06426996114990995, 0.06917330538124167, 0.5046735326461002, -0.07472465125953022, 0.2221534962262522, 0.11535517132653994, 0.039177867449602, 0.12244095454481921, 0.21440659662316328, -0.0006929291251472455, -0.1729057367389075, 0.40255040688441845, -0.07434253895888088, -0.093545237442408, -0.16059858595269694, 0.4444993113787792, -0.26847496368414925, -0.2009436647163555, 0.03480598833087088, -0.09726174307754804, 0.3851507823357888, -0.8311217198149875, -0.44350395261227793, 1.23721639470186, -0.6762307693259998, -0.4658375989331046, 0.339048573999209, -0.07819103033317323, 0.4580560602758129, 0.378839498329925, 0.2613533780459259, 0.1434583002313645, -0.9739029909492821, 0.20027907565197062, -0.4880424101856884, -0.1225305142241143, 0.5823197536730248, -0.577436624331081, -0.2481032818852661, 0.1056079154723644, 0.2707509722645963, 0.177114451341731, 0.17751062856924346, -0.20428120992624008, -0.06071281885412641, 0.014472956434648625, -0.19017322760847064, 0.14888304736607919, -0.35666492191524324, 0.8469832942479472, -0.5184367605970102, -0.0535120775505305, 0.5801023258385167, 0.6957344150815116, 0.3352162786969419, 0.30064708973124227, -1.026115963982931, -0.06302008611411578, -1.981204157146505, 0.8691077738447568, 0.19736971586674568, -0.2817538804082739, -0.27362209728449444, -0.11205615153763533, 0.005842390129084121, 0.13321697424033901, -0.20103422843092328, 1.1460568698816793, 0.07584574107234915, 0.06838295100986737, 0.30548439374303676, 0.3848616133384244, -1.0661931038335186, -0.2215352218951378, -0.4030946855703443, -0.2903576344271425, -0.03192364878017842, -0.07060630110732893, -0.3385314231586069, 1.0945138795325864, -0.041704925945595925, 0.10529424916680748, -0.3675853058330741, 0.03380610656149702, -0.12497199633896555, 0.3427822550659435, -0.20986019110127294, -0.07895170292859717, 0.004736977274406598, -0.0231692340629142, 0.16206052618581768, -0.07672066637655041, -0.3158643549921137, -0.10349074446372167, -0.12006437845776785, 1.1033549477270679, -0.3719917947271355, 0.2211033457539913, 0.12120673056201178, 0.5495785505336429, 0.6802578768470227, 0.0005791957089830753, 0.06302393853860962, -0.2383257086596221, -0.17962236619928887, 0.04310895544651201, -0.20199586202181236, -0.4142307493199734, 0.49305899238734024, 0.11431361123240999, 0.13999291275057946, 0.4282152456851784, -0.27161538365996213, 0.04410133398514487, -0.7099535694470336, -0.08409199742114415, -0.05446066991335202, 0.06702580359606636, -0.32622368351424924, 0.6385498740749497, 1.0710530965147504, -0.018665944345561247, -0.4464305732114491, -1.3464820423014012, 0.34664525070265895, 0.06306634234452527, -0.2107345597118158, -0.18122324575486498, 0.035512772947755886, -0.427919191536284, 0.3658991161054669, -0.13817643039806332, -0.07881590838752252, 0.32715906891673857, -0.0626441171336915, 1.839702244997624, -0.01046176516829274, -0.31847465088196925, -0.26513443661621017, 0.2399276669354366, 0.36978948969633474, -0.07259643318948758, 0.08992715850232048, 0.29119779835871273, 0.7376605719141575, -0.16172782240963188, -0.3626325972378079, -0.057737707782335584, -0.09888589623254733, -0.2926403805850572, 0.0077859776343324, 0.07089597141002889, -0.27422731698710406, -0.022587597284092764, 0.6691094787156527, -0.0668730625464587, -0.6896936085234038, 0.2658803631108443, -1.7072567885629861, -0.007229910274726248, -0.15250994809857796, 0.45932218185358487, -0.15349560804782592, -1.1907681998548967, -0.12761586299156186, -0.33249594909729374, -0.4758978455005184, 0.5270333686300597, 0.406798787844621, 0.2204918193931836, -0.23721118291433907, -0.6041962297753252, 0.4354583039152077, -0.2343256528869478, 0.06839037767866686, 0.243045244446853, 0.10631814740024634, 1.8803484691490695, 0.04059307255839062, 0.14486137002803684, -0.07150926878701706, -0.2600229514182299, 1.3716749724711983, 0.24516647319548576, 0.2113882748322152, -0.3345446024258256, 0.30295102134203894, 0.6791190630291072, 0.17508742491705687, 0.1508399669838251, -0.6226390294340738, -0.44966187144056785, 0.0061814947571667885, 0.8158372685712982, 3.4224622384247443, -0.6888901479931168, -0.2059805046593132, 0.31562195445745134, 0.3225120321907271, 0.14632255300275626, -0.36517276429159273, -0.5142823081308933, 0.052658628448550904, 1.1297979935252198, 1.4755529154290836, 0.09544197891644858, 0.31328686402110223, 0.006278800958795837, 0.004981293186733879, 0.23822531695227087, -1.4408054570805655, 0.10691148890744878, 0.5023615071638385, 0.588930792975836, 5.380145595782265, 0.10851826037313417, -0.28845934936739887, 0.23146532440971654, 0.2399160570274818, -0.313933334778784], "config": {"experiment_name": "generalist_aa_e_set_1_r1", "comment": "Adaptive alpha off test", "enemies": [2, 5], "h_neurons": 10, "population_size": 100, "n_generations": 75, "parents": 50, "children_per_parent": 4, "mode": "generational", "cx_method": "cxBlend", "cx_kwargs": {"alpha": 0.1}, "do_adaptive_alpha": true, "alpha_base": 0.1, "div_bias": 0.9, "div_threshold": 2.3, "delayed_exp_gen": 25, "mut_probability": 0.05, "mut_method": "mutGaussian", "mut_kwargs": {"mu": 0, "sigma": 4, "indpb": 0.3}, "parent_sel_method": "selNonRepTournament", "parent_sel_kwargs": {"tournsize": 12}, "survivor_sel_method": "selNonRepTournament", "survivor_sel_kwargs": {"tournsize": 12}, "do_fitshare": false, "dist_func": "hamming", "fitshare_radius": 100, "fitshare_strength": 1}}
