{"mean": 91.17981234143055, "max": 91.17981234143059, "std": 4.263256414560601e-14, "best": [-0.09319599610912029, 0.18963827204394204, 0.15312823842469475, -0.10361190066159821, 0.15115715968984056, 0.2833646105463372, 0.0108460310413927, 0.15348640520985796, 0.1756329967151999, -0.36431505924142404, 0.41329148456737796, 0.25084440407891073, -0.10919889613658751, 0.19596089747119133, 1.136148977871766, 0.12672069119749185, 0.041893183532240974, -1.4744078494256505, 0.07226764479719443, 0.08695874783276918, 0.3291251587923216, 0.021449668664891113, 0.37713725080250016, -0.9772092458890455, 0.30830273034085887, -0.028018825368589493, -0.37760050676988965, 0.5219618018458241, -0.19557928947440992, 0.2887006692166955, -0.1857215395973375, 0.3647494660833664, 0.34078184425497354, 0.06848873660386536, 0.12665489627707477, -0.2620198935282927, -2.422841651319442, -0.056744197456735784, 0.12323372117880918, -0.34393613045578025, 0.22104614546659437, -0.4228711816006704, 0.6222323775109168, -0.20740665252562673, -0.19419675148560217, 0.1753429108106802, -0.03214088406277575, 0.1096941691452387, -0.20524101008791612, 0.23345211089942536, 0.1122620563117863, -0.18983844813011796, -1.977794878653698, -0.11607344039353337, -0.40414778004534935, 0.22874626384731778, 0.24985691747520195, -0.07776302165802265, 0.0059848402716980035, -0.4349634126892358, 0.13261926681032762, -0.34372730293575715, -0.23225690696252482, 0.3390146610634688, -0.10869584608310563, -0.2062683994527701, 6.6752886795225095, 0.3126658218609957, 0.011216226075331022, -0.1639258655838657, -0.015636587750407563, -0.0451616993387012, -0.1612280815664281, 0.24915265810524, -0.44709588807882794, -0.21890527386643943, 0.04839187172128313, -0.22210801166515481, 0.288358010715278, -0.48654615913005106, -0.3530051054091288, 0.3346454053541071, -0.17031814631168685, 0.05696210438166821, 0.7635039635640635, 0.04152069608872207, -0.03439358171250311, -1.9665663977335122, 0.10733259416210006, -0.025360097291932206, 0.11851855779873326, -0.13468460252576436, -0.20392035961079535, 0.07380813392785375, 0.2754784959249622, 0.06505880020179788, -0.011888906367024506, 0.3374841332600938, 0.037325746533330637, 0.15490883292379715, 0.11386959693392686, -0.5029070801824034, -0.25369877076623404, -0.07752952152531929, 0.18559905582853123, -0.08498507587747967, 0.22506754732752463, -0.46750695261168584, 0.032753155712491544, 0.27844272501817097, 0.11920657100089524, 0.12070878245104986, -0.28601917758645135, 1.3127102993347226, 0.25904261450633126, -0.12851921700675034, -0.12088029628396522, 0.16751430576497311, -0.19704669400610492, 0.2877167883983766, 0.4182834769925244, 0.22903103280631637, -0.04464406615829009, -0.5777794008907858, -0.27201503727446263, 0.04650776503889791, -0.614923355561411, -0.08491828564484027, 0.3221868773427957, -0.08191607497831234, 0.06921808751356122, 0.31073617176932083, -0.24571228503505782, 0.4719922953451134, -0.3016715120340504, -0.12870248832077683, -0.0718791912843357, 0.15034779208636978, 0.46273733177478665, 0.0025769924985877303, -1.0466792256417026, -0.09687784707942199, -0.0998423402715519, 0.5171622196502434, 0.08984426454404898, -0.016072478045775815, 0.16355077909890225, 0.11589475254121336, 0.08865050415898276, -0.22776701704457836, 0.5604556512905298, 0.013481711980813379, -0.443862166470839, -0.28534658221308656, -0.11200696398763821, -0.20165680102831218, -0.24925236211397697, 0.18908394839815587, 0.23630677445510764, -0.40278832865060865, 0.06097251551510177, 0.16132997715984257, 0.10379338832723992, 0.9676939292777678, -0.06806054517320946, -0.0597029674795633, 0.028362099209428143, -0.2814128628653073, 0.11237866020385631, 0.08294782193061365, 0.0027801858139505677, -0.2556592368304788, 0.07895992623995199, 0.1169531635754797, 0.3550752287274907, -0.02613328491578793, 0.30059059341194877, -0.46745242576134316, -0.5757478775118259, -0.07630918185955494, -0.7961007196385437, -0.21135489194051538, -0.08770790436859101, 0.191383049782142, 0.5115036712597858, -0.5706885255442286, 1.1979870899299887, -0.14036298679800213, -0.12532318204524928, 0.20102690489747893, 0.21852975863214116, -0.03940711926196984, -0.25732522321331974, -0.0410730424231343, -0.008042750806114649, 0.25551672237711154, -0.1254782608018351, -0.08809214255481107, -0.7891411291299901, 0.05640682859630747, 0.3413856499904162, -0.16781999958359584, -0.5378949244238298, 0.20171128062914814, 0.14129039831590706, 0.029843340167372067, 0.07018181489383696, -0.1499554389590044, -0.10046630946986641, -0.25560340487845, -0.3458958219718133, -0.07959325236447515, 0.4952359782814003, 0.21489947971445844, 0.06834809473495077, -0.7063526760125789, -0.16707688213012725, 0.06222575030583172, 0.42930772389008043, 0.3107657686452928, 0.17225067379743295, -0.1219861998963811, 0.015438107780622157, 0.3283047584234785, 1.2918344282155219, -0.44151470608777366, -0.4204996097401538, 0.11478118311621123, 0.5102972731067996, -0.07879960417656144, -0.3786709544295939, -0.18005860014563843, 0.36638586260310324, 0.4058396322422667, 1.0038926498031273, -0.8750188791775589, -0.6782432099701907, 1.931964754197776, 0.1401944116775154, 0.2880987033195538, -0.24466306648839314, 1.6766970637683993, 0.7540540378378505, 0.7714440802176139, 0.34960192128327267, -0.6507110030848754, -0.18335084848677258, 0.2222426685335921, -0.05062726212651181, 0.4064098168803125, -0.29684650531550627, -0.43296157456278495, 0.14529990857382155, 0.21091522938959822, 0.32931058092176807, -0.34326835372725717, -0.184124004816241, 0.36068879417537275, 1.601364890899191, 0.02473215650774249, 0.17915177636787535, -0.10268217281556752, 0.27564128158450896, 0.18375958390525932, 0.2080906342585672], "config": {"experiment_name": "generalist_aa_e_set_1_r1", "comment": "Adaptive alpha off test", "enemies": [2, 5], "h_neurons": 10, "population_size": 100, "n_generations": 75, "parents": 50, "children_per_parent": 4, "mode": "generational", "cx_method": "cxBlend", "cx_kwargs": {"alpha": 0.1}, "do_adaptive_alpha": true, "alpha_base": 0.1, "div_bias": 0.9, "div_threshold": 2.3, "delayed_exp_gen": 25, "mut_probability": 0.05, "mut_method": "mutGaussian", "mut_kwargs": {"mu": 0, "sigma": 4, "indpb": 0.3}, "parent_sel_method": "selNonRepTournament", "parent_sel_kwargs": {"tournsize": 12}, "survivor_sel_method": "selNonRepTournament", "survivor_sel_kwargs": {"tournsize": 12}, "do_fitshare": false, "dist_func": "hamming", "fitshare_radius": 100, "fitshare_strength": 1}}
