{"mean": 92.36203150100386, "max": 92.36203150100388, "std": 2.842170943040401e-14, "best": [0.7318203192440255, -0.6135528146843351, -0.22863862106694074, -0.0871554152154049, -0.18818172184525983, 0.018292287852414373, -0.09050975006850523, -0.3210650296923717, 0.14748452577421367, -0.047066527728858956, 1.2311562268138823, -0.1308288604673949, -0.23625280481749217, 0.17512672615909694, 0.047769297240539715, -0.09776920212444437, -0.058856952944849564, 0.3129584016912534, -0.036080751419994124, 0.06976290109128888, 0.3579129881560544, -0.4013059632825968, 0.1672258733688003, -0.3130657032484543, -0.12933299211274427, -0.11919337360737005, -0.5861748730649895, -0.2210518963846163, 0.18545185214480409, -0.10309260029912025, 0.35936231782628575, 0.0928320351986072, 0.15788716875083086, -0.1787748312963126, -0.23923250936378526, -0.28136904938516477, -0.033721175054881265, -0.09760952514566061, -0.3195897312026109, -0.0666066417144675, 0.2365388652936516, -0.13840217972959082, -0.28396404198950975, 0.1361284833788028, 0.2684536113436692, 0.3644794141318173, -0.19119338724576315, -0.21628774409343338, 0.7350607880724661, 0.15925232547935878, 0.08593663354783494, 0.15779686911527716, -0.15181479250609997, -0.45138096833859864, 0.5747575436794831, -0.4435896636972217, 0.10829552482424266, 0.1605214321131353, 0.36793231066211846, 0.026529431850785316, -1.297281740328919, -0.34439563975466214, 0.006575105742769732, -0.3943557906837854, -0.31246036232398566, -0.42121421825550576, -0.4917658923211494, -0.522065389537454, 0.5012080540386714, -0.3897769773674885, 0.222501473724938, -0.1514857300822908, -0.09457147772707931, -0.2527099809462389, 0.19429531671207176, 0.4157790552398031, 0.15812323143553056, -0.04278364009689707, 0.5376433915732622, 0.3675942017426474, -0.27556832050828617, 0.07060449012654442, 0.08171887964231585, 0.019610988639048622, -0.05064651408931332, 0.12415243149425052, 0.03491477820385924, -0.3732678174923319, 0.20385585683333923, 0.298737361581076, -0.2217432734218869, -0.03579426601137561, 0.2727209725058277, -0.1291324390741542, -1.2120583365458537, 0.24246776285312013, 0.45608913671022244, 2.745759299137351, -0.007995587086675601, 0.09226352818005759, -0.05822859695385466, -0.08226662236190377, 0.3283250798367059, 0.055991836660128955, 1.0319157264456091, 0.03205571702747368, -0.1581908638240525, -0.13296023739293503, -0.8132927339076288, -0.20383647133413962, -0.23991810518874876, 0.07078909903741491, 0.43537234518817225, -0.10948007407024044, -0.0943409503639142, 0.8341806808746383, 0.14286389083084655, 0.2361866167802245, -0.12425862830608644, -1.1744965553055278, 0.764113780088841, 0.14645595040686948, -0.17956071259534803, 0.13460541485205443, -0.1699318003214726, 0.1702980316015687, -0.15917364964002156, 0.15646514030102893, -0.09082208721783673, 0.11285435189961708, -0.3051810183535368, -0.19098805715657094, -0.631117697744703, 0.38999693533431123, -0.010464012151676482, -0.1373891666878134, -0.05140602048431746, 0.2521074621734576, -0.04499394548284728, -0.5360444985818366, 0.19084665140335472, 0.3775183414203147, 0.28490129038558637, -0.23838638673333845, -0.13435417226131868, -0.2013169603958949, 0.2520443287109774, -0.1806565957202501, 0.050020219277801516, 0.30436310695941016, 0.06474392589590389, 0.3277366959367467, 0.561517439009283, 0.06850695620790116, -0.03812875589840525, -0.373018464943028, -0.019226049151993094, -0.2029969428537179, -0.012494788542016421, -0.33596718980285295, 0.2540334704570948, -0.09571833457212511, -0.0027646269852946975, 0.00022961169551877046, 0.09605155223792486, -0.20004861494405937, -0.2729208297962579, 0.09233746527582797, 0.48731672559942063, -0.006230136085313194, 0.008795086739504012, -0.4384445124659312, 0.035495500238248504, -0.14505130658036938, 0.194559249143912, -0.07916600731957353, -0.11291389842395466, 0.0920986756505284, -0.865110943232469, -0.4620838263487807, -0.02419328229076877, 0.3635794543312767, -0.12354466617283204, 0.05975088164340363, -0.2057891072174247, 0.1450398050372887, 0.0782041500845797, -0.2823215468462873, 0.6637162253529101, 0.18842017287725696, -0.25063016209472433, 0.2738346812546531, -0.28020722009686183, 0.18339495422903757, 0.12070804448916977, -0.20374588475038727, -0.0911508933061336, 1.1749538010774032, 0.3725764348413917, -0.2923459849798131, -0.0007381064936188809, -2.1728101230891035, -0.07816944273182741, 0.016419158734718928, 0.16950115220123327, 0.5414892575366772, -0.4877681274904221, -0.16048845155826197, 0.21064529318313732, 0.027164327883192396, -0.9690371338171822, -0.33011420544538206, 1.2477970142803463, 0.12180190791840806, 0.03522790839422248, -0.6418744857930534, -0.004320977621632022, 0.09053544680447935, -0.05270137831595807, 0.05732715608713107, 0.04114249393703627, 0.5021913372802267, 0.12182102367965861, -0.12911391693049662, 1.4220400532784019, -0.5134387490196783, -0.08499397832351281, -0.39044961614691587, 0.19461527112674928, 0.12631496228643208, 0.03674702913673962, -0.14469388691457327, 0.38295232640022153, 0.24870808859984783, 0.054911876759510696, -0.43480185255355824, -0.36929005139215976, -0.05580008804312672, 0.4106162334887459, -0.06126371833973912, 0.28034319554376286, 0.060199546726067366, -0.0277475258615155, 0.4579217079204676, 0.13850353078834035, -0.17633540161554095, -0.5182098766345962, -0.13589469134183066, 0.12380063339005715, 1.0984178779608569, -0.4336675627169157, -0.37941875914696627, 0.17534595621609828, 0.9915767073591006, 0.39804107480073064, -0.8356783188123869, -0.5695936412033441, 0.37022115366042624, 0.4891150592628006, -0.6347166695740841, 0.22624933194565178, -0.46630253559860146, 0.0993940885497633, 0.6094178516152726, -0.26878651834176703], "config": {"experiment_name": "generalist_naa_e_set_1_r3", "comment": "Adaptive alpha off test", "enemies": [2, 5], "h_neurons": 10, "population_size": 100, "n_generations": 75, "parents": 50, "children_per_parent": 4, "mode": "generational", "cx_method": "cxBlend", "cx_kwargs": {"alpha": 0.25}, "do_adaptive_alpha": false, "alpha_base": 0.1, "div_bias": 1, "div_threshold": 2.1, "delayed_exp_gen": 25, "mut_probability": 0.05, "mut_method": "mutGaussian", "mut_kwargs": {"mu": 0, "sigma": 4, "indpb": 0.3}, "parent_sel_method": "selNonRepTournament", "parent_sel_kwargs": {"tournsize": 12}, "survivor_sel_method": "selNonRepTournament", "survivor_sel_kwargs": {"tournsize": 12}, "do_fitshare": false, "dist_func": "hamming", "fitshare_radius": 100, "fitshare_strength": 1}}
