{"mean": 91.58623885319875, "max": 92.07112495834741, "std": 0.20790976370120814, "best": [-0.15794929534398933, 0.14008450936593894, -0.25696950612348796, 0.21287438995415692, -0.19776331893481436, 0.1790000130633298, 0.2630105089984069, -0.43256946862930234, -0.21689222564844404, -0.17996469713950747, 0.010631820451619972, 0.044047573391417, 0.3365210214756763, 1.2141752627431637, -0.22169668612650498, -0.19792767141740691, -0.24110304485688935, -0.01325788502673883, -0.0027963315896313637, 0.16228085384811192, -0.366581003290168, -0.07225651280295789, 0.5639232645140299, 0.4632267916270601, -0.24929221444194424, -0.24580333825163742, -0.30005192445887163, -0.042725585061090025, -0.3303229290995525, -0.03246842500869281, 0.34448481242206186, -0.3642606944712544, 0.1300483203027339, -0.28767849929707373, -0.16575335393581814, 0.045421933816731874, -1.0032168375761483, -0.19738612760843238, -0.0482622811746003, 0.03451313319429584, 0.1272368763695898, 0.039326881722515986, 1.1138591299211869, 0.042377382010702576, 0.03337951555470894, -0.12879324289702745, -1.5133737869523582, -0.34738714665830933, -0.1849747098767506, 0.4383185980223213, -0.19146652024618976, -1.0699955164684174, 0.17817761431355297, 0.33112659288845203, -0.24981008201586266, 0.14806766467725627, 0.03520009599920354, -0.1341022027814592, -0.41329154326122336, 0.3486825665203948, -0.16534358632715807, -0.25849453974259134, 0.4891295599050105, -0.06107188708919143, 0.10740416550821366, 0.203790155729969, 0.5877150037225086, 0.19278497910292605, 0.014401108566599433, -0.1940539753212563, 0.08886052142222098, -0.19768986409176476, -0.2859587834271886, -0.11949517414541772, -0.06869691034041371, 0.19929339018455075, -0.23583996426955162, 0.14157181196677165, -0.10832881391522027, -0.6560477725572177, -0.16016125641159426, -0.4610701730324255, -0.24373967796680268, 0.6823945976237835, -0.3713818170346197, -0.15094313787847952, -0.20887877465247592, 0.04633200767813994, -0.18216373130216862, -0.022615216509737093, 1.5951969723803454, -0.07231152416748392, -0.04891728181843011, -0.05183880326710887, -0.3417019842098996, 0.06299942366230407, -0.16360274664007143, -0.0372375778533588, 0.19199649421713533, -0.18525428833600188, 0.4653314242851795, 0.2922143747641317, 0.1379511782470559, -0.04567757373153104, 0.22282611035521116, -0.18298297653293114, 0.28584021427618483, -1.006155925245884, 0.2974870308962219, -0.014327640568460285, 0.032537214589811625, 0.5092737836897522, -0.08353620012006682, -0.016179054402785664, 0.0036812004318031027, -0.5307673195597441, -0.030123160126691046, -0.2756340003803645, 0.07173926763208652, -0.5902336261870789, -0.41538320573905874, 0.090455454175453, 0.4543371655150363, 0.030910850412741345, 0.3147125442762663, -0.15974139263083914, -0.715999769455274, -0.060473433704910824, -0.11634566564935944, 0.18453463179547908, 0.9028192751754713, 0.26719541395555296, 0.09674252476083707, -0.2002412421352065, -0.39841943524380585, -0.19360702784282888, -0.06591178453718263, 0.15376576945633963, -0.66658938588569, 0.14224396863747155, -0.3846386544311673, 0.24908631035904089, 0.06479867683950893, 0.25431026574893056, 0.017317193411321662, 0.3273053178361217, -0.31236413926639783, 0.15810037150427836, -0.18468667342591338, 0.5044709572014968, 0.4308204734632221, 0.23084283582821336, 0.04272773554702301, -0.20564030300655434, -0.41307775194599183, -0.39508246704990646, -0.1541642305899531, -0.3671870396644953, -1.1074961174133788, -0.03186426116805569, 0.22151771375721493, -0.6808076049224556, 0.023011988750784675, -0.3015910240092285, -0.3964716962129517, -0.03465677519024783, -0.4617139498188616, -0.5832500925817191, -0.08381669491375945, 0.4869690969571602, 0.06140940388564051, 0.07980313699258978, -0.28438537650067924, -0.02599658489625533, 0.015822986861315485, 0.03412512381902248, -0.010102864075847824, 0.019359548937517172, 0.2770664091337848, 0.22142709466182955, 0.10160909618576881, 0.20461468495857843, -0.22274126002304687, 0.15130206747317884, -0.036186461495747425, -0.21233091856459288, -1.1490081840085877, 0.03886708851613196, 0.9330225837280938, 0.19258607209126757, 0.10380206102805688, -0.05350449525255109, 0.19757896217714, 0.212692850541556, -0.2701036159948588, 0.22808859694125996, -0.046035841568182974, 0.16817825607056475, -0.13774550461264054, 0.9210753470991869, 0.25652563451429067, 0.24618239499476569, 0.22556636288107865, 0.23111247130487103, -0.2132543878578291, -0.10311842597842223, 0.2214662830005536, -0.29986896121967926, 0.0652783586272981, 0.08739680347093323, -0.8962787706780384, -1.0427350708328589, 0.09288281646078028, 0.4134811497289929, 0.057204403393494016, -0.27263896016076844, -0.1429697215008473, 1.8065269782470048, 0.4347574389358362, 0.33652452550031725, -0.11292828465543993, -0.0012932754042306047, 0.3455533357540469, -0.1717434615106723, 0.4255152810118119, -0.21086108595386016, -0.4986235226216525, -0.20650875944850142, 1.0228378610246607, 0.2377377582266788, -0.31687314297511376, -0.0263448417821725, -0.195354088255458, 0.12311060784295223, -1.328797645313613, 0.47357961824146044, -0.0040526630549696015, 0.31678491184204977, 0.008894703718840699, -0.09514459873619303, -0.3053310937599506, -0.04508255860415591, 1.5844991393414098, 0.2149669072212266, -0.30718881071401194, -0.15866992769384278, -0.09566516009867512, 0.37024201950586677, 0.07015899773909713, 0.4854845323276179, -0.18369325394435904, -0.5630710432516637, 0.4383141597885766, 0.14775489062444194, 0.23034690957166196, -0.11856137912235465, 0.04858174070416284, 0.30897469424711277, 0.35023292220454183, 1.0329269134724315, 0.05906646762259639, 0.41543684153412724, 0.8063373451985647, 0.7642539017716184, 0.1588897623175941], "config": {"experiment_name": "generalist_naa_e_set_1_r0", "comment": "Adaptive alpha off test", "enemies": [2, 5], "h_neurons": 10, "population_size": 100, "n_generations": 75, "parents": 50, "children_per_parent": 4, "mode": "generational", "cx_method": "cxBlend", "cx_kwargs": {"alpha": 0.25}, "do_adaptive_alpha": false, "alpha_base": 0.1, "div_bias": 1, "div_threshold": 2.1, "delayed_exp_gen": 25, "mut_probability": 0.05, "mut_method": "mutGaussian", "mut_kwargs": {"mu": 0, "sigma": 4, "indpb": 0.3}, "parent_sel_method": "selNonRepTournament", "parent_sel_kwargs": {"tournsize": 12}, "survivor_sel_method": "selNonRepTournament", "survivor_sel_kwargs": {"tournsize": 12}, "do_fitshare": false, "dist_func": "hamming", "fitshare_radius": 100, "fitshare_strength": 1}}
