{"mean": 91.17981234143055, "max": 91.17981234143059, "std": 4.263256414560601e-14, "best": [0.0859025457114912, 0.15336310897973993, -1.826281553411342, 0.4292439484416474, -0.4031162063879838, 0.055805457478235704, 0.11948461864736104, 0.20460879507108112, -0.23351647945227283, 0.2528984696678436, -0.12403200918698984, -0.05068805287952461, -0.4516321207777002, -0.07494999026134137, -0.26076737300017844, -0.016145720939758676, 0.238142323369448, -0.06165023669609355, 0.5655072794284779, -0.27667461867511245, 0.2170525141290115, 0.27489336792221347, 0.17593680164095085, 0.3254687502836945, 0.07316995882389803, 0.11672129259523267, 0.2682665804620864, -0.19837280944571586, 0.01654684607798805, 0.15398753065906745, 0.8174425991967317, -0.3469808787867076, 0.21689940784571957, 0.1937018384147166, -0.14158461066054265, -0.024657772408872514, -0.43220719731083523, 0.09045520466089793, -0.4232374669691803, -0.29293356683860766, 0.2613834811927282, 0.07720528342016761, -0.1206397767766812, -0.40472681913043534, 0.18184725067571456, 0.5851826146456917, -0.05327159895897403, 0.16777927703482043, 0.1997548591421086, -0.39941380011994615, -0.44112277204048944, 0.46737918816067797, -0.43658323971029916, 0.3917854668311933, 0.48996379294682413, 0.17358108104753145, 0.17953697396733942, 0.7058996790857559, 0.11012638288664092, 0.06651206937254966, -0.4276368586203411, -0.08896987620627796, 0.2813045907880226, 0.4093233302870716, 0.20408764906674504, -0.2966357308646383, -0.2527531417739256, 0.4553037273828772, 0.17552869963245357, 0.21777770319202122, -0.14023178912139728, -0.03667249285561725, -0.015476285491096683, 0.6763649315151261, -0.33397364812825525, -0.3288954961900607, 0.1402718270015338, -0.1681357579622162, -0.002691559313596437, -0.12943176984135094, -2.033388593953538, 0.10357953364538221, -0.14649955486108887, -0.22775836066581695, 0.015006051967538162, -0.5978276623152369, -0.053121036104744425, 0.08071561942596599, -0.06289002382573376, -0.01988643978641011, 0.2860449019459901, 0.027052948731561534, -0.046693015452660434, -0.14660198318549134, -0.27204757514487504, 0.01157487622566812, -0.049606982498890756, -0.5373289423904976, -0.20555592020524271, -0.2278993658326025, 0.030203085168308316, 0.06181112152933104, -0.09695568998684766, -0.6236354680160863, -0.02350755008528338, -0.13792567509893663, 0.37251586559215444, -0.022744069837186534, 0.5653912371724509, 0.5449962026658038, -0.1669184044878662, -0.24298177191850842, -0.32371831691057906, -0.14455771032620568, -0.061057126542452364, -0.24132983649857273, 0.45938362666756133, 0.40289262278730076, -0.43099146641615543, 0.07680535121703565, -0.2120741178580896, 0.11984880742305565, -0.08644385305600015, 0.10155689900783148, -0.010830350584390483, -0.11282193016401271, -0.9008146352347104, -0.20994110494629392, -0.16013484464800626, 0.5199263891527592, 0.4400481371138195, -0.546662798771688, 0.2975726913552018, 0.1471863029098378, 0.046691360206799176, 0.18576897983095314, -0.28252943049276297, -0.04158369163423173, 0.3613516552464213, -0.4577017131531035, -0.27476782749676465, -0.171659103141988, 0.03967871457333731, 0.053557978529474276, -0.32589450664155395, 0.3937053241792419, 0.030772010603038136, -0.25084632091172204, 2.2223075777196244, 0.913680570928019, 0.05824218813125051, -0.2254091199983306, -0.13426229147358165, -0.08883131175599533, 0.024295129928263007, -0.0374300412542752, 0.2156226916318808, -0.1892323373726848, 0.060812652068323286, -0.19108003244993613, 0.29344840941781786, 0.0787149484764417, -0.8064535605835386, -0.19039145058119616, 0.4713941170635992, 0.28295678119393486, 0.1156135557021814, 0.0044389133970573515, 0.10017451939407887, 0.1353003588616302, -0.1377605273590955, -0.19834339654811364, 0.4247337709336045, -0.002128242649858467, -0.034511017227893515, 0.032315669941936666, -0.552432698000725, -0.2214674528969576, -0.17051181319945946, -0.03425752545951692, 0.12951739099639709, 0.3376201497429026, -0.12161163568623527, -0.0019215822139095006, -0.17542298186134128, -0.8376410687826146, 0.0707432018911742, -0.06551826451060286, -0.09529217766764495, -0.17367111512941566, 0.6413686884062987, -0.006681242167046552, 0.6921513483216855, 0.6704562787377698, -0.4269952104415107, 0.04023793783149262, 0.3966283641323221, -0.050696335053065505, 1.1545922221809664, 0.3555808378234734, 1.0575546528300739, -0.2923463095678397, 0.13841813819850327, 0.6659905859899158, -0.5099099314108833, 0.08427569155733625, 0.33174992421161326, 0.07963305627224175, 0.25414219802264804, 0.17397827839335583, -0.8658085320419233, -0.26676047649819745, 0.1331566426236115, 0.43655825131089826, 0.2865551476292332, 0.15965749559602457, -0.09564248562977803, 0.596403986332255, 0.24465524634287172, 0.450236456182559, -0.23333153384774327, -0.4009963061261237, 0.3488101435236499, 0.31728266773433783, 0.3660766634050602, -0.18836617617048024, 0.20114152925359505, 0.10317995630563813, 0.15887712910344953, 0.2842872304556209, -0.2379732655858485, -0.5218608099703952, 0.17995280909996647, 0.12578167959885436, 0.35793321624320734, -0.5248137483594657, 0.04266765028679452, 0.4093687813880202, 0.3977208654830418, 0.08623870213720733, -0.8448370311179516, -1.1109154904279346, 0.42711765108571736, 1.0694713849156574, -0.10623081467062107, -0.0456902002200434, -0.26765540847010466, 0.14326188569551696, 0.35183266401346835, 0.154498623831817, -0.17579480717901116, 0.012281625562713158, 0.5032864193617957, 0.26687574747414883, -0.011200298080383203, -0.35481270991020203, -0.5905710542556968, -0.7256880994252558, 0.6263978469921397, -0.2136731437485968, -0.5645179977752539, -0.2244408435212902, 0.16516790250389835, 0.39815984492399825, 0.0148133825200263], "config": {"experiment_name": "generalist_naa_e_set_1_r1", "comment": "Adaptive alpha off test", "enemies": [2, 5], "h_neurons": 10, "population_size": 100, "n_generations": 75, "parents": 50, "children_per_parent": 4, "mode": "generational", "cx_method": "cxBlend", "cx_kwargs": {"alpha": 0.25}, "do_adaptive_alpha": false, "alpha_base": 0.1, "div_bias": 1, "div_threshold": 2.1, "delayed_exp_gen": 25, "mut_probability": 0.05, "mut_method": "mutGaussian", "mut_kwargs": {"mu": 0, "sigma": 4, "indpb": 0.3}, "parent_sel_method": "selNonRepTournament", "parent_sel_kwargs": {"tournsize": 12}, "survivor_sel_method": "selNonRepTournament", "survivor_sel_kwargs": {"tournsize": 12}, "do_fitshare": false, "dist_func": "hamming", "fitshare_radius": 100, "fitshare_strength": 1}}
