{"mean": 52.536140193961586, "max": 52.53614019396157, "std": 1.4210854715202004e-14, "best": [0.35591994808969857, 0.13078593661588384, -0.16724707957919804, -0.1391084184452637, -0.02343753591698277, 0.1415075956467463, -0.03507507158064079, -0.16041987497661497, -0.05191584847930769, -0.6078161345401695, -0.10497584081990423, -0.12891358782932372, 0.19952812787789298, 0.3669090078566033, 0.062490202737707945, -0.10980686242949739, -0.40553618553952825, -0.12402883069761637, -0.1677969761959058, -0.07936892010176988, -1.17618808756837, 1.3246232291506421, 0.6267995944927376, -0.4052813613748117, -0.31928015104168, -0.05174041045853285, -0.9475582823739848, 0.03701467184568951, -0.15574249211756483, -0.3709409691168497, 0.23138225054771655, 0.3973369110883976, -0.37886294819119726, 0.06887761939935073, 0.4027464929993105, 0.5469312722910867, -0.5457429447695402, -0.1743421455834847, 0.3402992340405219, -0.29437272353220983, 0.04042825727095595, -0.9725321573492451, -0.4197442154759094, -0.42482111103237297, 0.21364890494911684, 0.11525156552272492, -0.29755679454327433, -0.23730008971037367, -0.1946471139730036, 0.5846374612594571, -0.11910302146212495, -0.132726148975351, -0.023220413209664864, -0.7753952181681769, 0.07444495840016954, -0.40433751535198326, 0.19182189108823405, -0.003318628870776232, 0.12743560798362585, 0.8206978884011893, -0.5780999791974185, -0.00808989305466067, 0.28624152749271004, -0.5212390981766436, 0.031003224399946513, -0.11174039936995928, 0.14074335836794755, -0.2468123970304028, -0.44698550448455193, -0.12739224678868402, -0.3302847411017924, 0.35846500799668424, 0.08191646171571926, 0.16182908040771024, 0.29633322862421185, 0.4254560179427136, -0.2723492909570544, -0.20852526285470244, 0.6405320471614486, 0.19989451460255264, 0.3353839437543845, 0.3889253884077495, 0.25296819471551824, 0.154390700153113, 0.04809714348595498, 0.24047072670819142, -0.5543013526276981, -0.042050168931650596, -0.1110275268861832, 0.4685510963853895, 0.4177684960568069, 0.7322026517141105, 0.25653401250633767, -0.05380357861947001, -1.1941364486390205, -0.5600947440286167, -0.5883363636793102, 0.022391813585916243, -0.10007921240486552, -0.05921097060102241, -0.1971956144729211, 0.1413969865205869, 0.21360688381216672, 1.2211263384842581, 0.3270020519959796, 0.15547939306864747, 0.22914405246826197, 0.6911857282891125, 0.17889997742957253, -0.43071840221571045, -0.0031882058895854413, 0.4355432657891928, 0.39950787439703483, 0.1582376388884562, -0.06697717870818436, 0.031144628461714917, 1.3362100304995568, 0.24242758492089928, 0.2995762655543914, 0.33714352703501493, 0.30542110133700007, -0.27426546291031434, -0.011603634051502106, 0.4289351520674098, 0.39522179058429374, 0.7052700605349722, -0.09744961712779977, -0.27297575647378625, -0.2048065769292908, 0.3504994088019296, -0.32432915509743626, 0.11901864388631868, 0.15246584904726587, 0.3428215661041419, 0.16715769525012775, 0.09164419867121115, -0.2516830384473794, 0.29691128003540346, 0.3057318603379598, -0.32264366887775714, 0.5679227123328963, -0.35359923177813, 0.03146027018247075, -0.41404249930638587, 0.04645110524942838, -0.046009804776853, -0.15391719381398888, 0.17640391207127032, 0.28342166389074164, -0.37392937950942917, -0.1726719638006379, 0.28508646737647436, -0.18907871876751461, 0.04554420267844378, -0.3008129748359317, 0.3462653834895095, -0.3135113229946051, 0.18391348397705926, -0.04146205516782249, -0.2827379955983966, -0.22852328898393315, -0.7301748834970856, 0.3464298992940619, -0.15640130056592103, 0.013523370911650113, -0.038788467854299076, -0.03137662044991026, 0.12965228528116643, 0.19111452164789616, 0.3906764149952372, -0.028559830871081097, -0.10327757812835073, 0.12311715924809483, -0.34490720278631964, 0.2543476502114441, 0.06553357552232168, 0.24785151737627314, 0.4698151784279233, 0.06617908410122857, -0.16495129646497414, 0.3605373372893188, 0.47857926161367115, 0.26313715413544275, -1.0752682817493084, -0.049586516671118845, -0.42221709767673116, 0.0047167386936389916, -0.18663290292941842, -0.2711432940882353, 0.8552543382138074, -0.12300855363007066, 0.29535595622638006, -0.25281875179006097, 0.2680562206992738, 0.0010950541927324219, -0.426505171962395, 0.19550001144861265, 0.39318802526583374, -0.4060165303987343, 0.3343939874848327, 0.42778188996627053, 0.1731974681921415, 0.06953363557203485, -0.06919981023577601, 1.3278104399094293, -0.6348233463204445, -0.027998446436824583, -1.8480179889652888, 0.47157432640230357, 0.17292868833553565, -0.40001801439284856, -0.8597306010523179, -0.168123800487337, 0.24421050367171343, 1.3217642146789228, -0.02661991378781869, -0.0516327960298404, -0.02912751815886138, 0.6031515198160861, 0.36996048925739955, -0.09017219043331337, -0.31266424228221096, 0.5589344282066746, 0.8052620898230589, 0.35803829221448663, 0.03203322787267813, -0.6468725754678238, -0.1283477054813307, 0.45687382781624186, 1.2021815046250475, -0.38037006252596595, -0.1405938016893323, 1.2859544581745759, 0.0909193970221265, 0.2554730987688666, -0.25577916484222546, -0.9902707357587498, 0.2278416083331531, 0.5478318906773367, 0.11040374030307587, -0.2755962366007273, 0.05019235562628559, 0.47741605218773253, 0.250363179867445, 0.416145768617983, -0.17278144755757288, -1.536260603103918, -4.694185862276981, 0.3059959010520181, -0.1127299534165692, -0.433538999828913, -0.232342370529489, 0.5937879719117567, 0.6597160399956776, -0.307717616337343, -0.47189467747848446, 0.18753978497751933, 0.9341540814787164, 0.39301542495454533, 0.050274070049263285, -0.5345070018314219, 0.32457082108076335, 0.23359571905989052, -0.2426972589394703, -0.03791774453040042], "config": {"experiment_name": "generalist_naa_e_set_2_r0", "comment": "Adaptive alpha off test", "enemies": [2, 4, 6, 7], "h_neurons": 10, "population_size": 100, "n_generations": 75, "parents": 50, "children_per_parent": 4, "mode": "generational", "cx_method": "cxBlend", "cx_kwargs": {"alpha": 0.25}, "do_adaptive_alpha": false, "alpha_base": 0.1, "div_bias": 1, "div_threshold": 2.1, "delayed_exp_gen": 25, "mut_probability": 0.05, "mut_method": "mutGaussian", "mut_kwargs": {"mu": 0, "sigma": 4, "indpb": 0.3}, "parent_sel_method": "selNonRepTournament", "parent_sel_kwargs": {"tournsize": 12}, "survivor_sel_method": "selNonRepTournament", "survivor_sel_kwargs": {"tournsize": 12}, "do_fitshare": false, "dist_func": "hamming", "fitshare_radius": 100, "fitshare_strength": 1}}
