{"mean": 92.62305612818095, "max": 92.62305612818096, "std": 1.4210854715202004e-14, "best": [0.21827073345263237, -0.032774570506493295, -0.6564413968851107, 0.3432442044993264, -0.15904477018857727, 0.017891995289518205, -0.05922188686208581, 0.22771392825152856, 0.0397108365205728, -0.13129584544702202, -0.27669721118469787, 0.110273423312643, -0.16578331594397677, -0.27655310994995763, -0.05939349914170391, 0.21734962864565427, 0.10306746943274048, 0.16320017713094692, 0.13597820899105742, 0.2674331604190028, 0.14020749551867534, 0.2082551106621247, 0.014145040030892045, -1.7253937373837522, 0.021360548214388063, -0.09750231638036529, -0.17073602391906334, 0.26768492857476256, 0.14340684610994875, 0.4380402191117551, 0.13962949891821302, -0.1738397377535237, 0.22759297102509612, -0.02389540363113049, 0.07205515600934095, -0.31018055687250906, 0.24826342144133515, -0.6424973565786718, 0.020970406825334017, -0.24841213790020328, 0.24241395789508263, -0.17834690129927425, 0.07428587299441648, -0.24692283948393867, -0.33852736578393716, -0.15718740292111305, -0.014147867651303513, 0.09775196554673174, -0.041197637149022116, 0.38180375188236687, -0.7268914423534171, -0.3263215113430658, -0.01654103861224509, 0.13790709878716184, 0.2586585925687234, -0.2610620624026452, -0.22424404350588054, -0.10038589544458609, -0.008939970827062384, -0.17066018725277518, 0.31953158155262873, 0.06030356068699268, -0.40974124617382346, -0.2052633211883346, -0.2656816710521175, 0.18206603335634503, 0.0638016960557736, 0.13166056115115982, -0.2801433823184182, -0.37606495683323815, 0.07734283200162541, -0.2553103525578661, 0.23637302182354775, -0.14993251998024507, -0.2869000577363193, -0.21659550635312938, -0.28209833340469587, -0.19465079638333044, 0.02605874079708235, -0.7967423202628794, -0.2536301371008375, -0.0365565951167373, 0.34796529385505437, -0.17583988415696875, 0.17273431061281788, -0.06922331330070883, 0.19123129373097328, -0.026801137590251017, 0.23807355785629258, 0.4669019702677328, -1.1007292370094204, 0.06891195083100497, 0.3718705605610018, -0.10429060804126816, 0.13537317176676222, 0.4399077348694908, 0.2790258883270874, -0.024040948955659933, 0.15515308636186104, 0.17205486166419698, -0.05146067756370142, 0.19083425491881645, 0.2489193610025586, -0.22776690796109164, 0.13644098363729676, 0.29154414131401163, -0.015085756107941668, -0.08195756535365127, 0.018301339726489358, -0.4141872069820933, -2.463369514388213, 0.0870883312690591, 0.2514012365668727, -0.22834252429883753, 0.153960884867041, -0.18699845769380893, -0.3169458115697758, -0.12273802266376477, 0.006001246196563881, 0.2448567061190208, 0.2782582569617803, 0.3494974424339977, -0.09971832815921253, -0.13711713518782095, 0.1092101285763937, 0.08505784698532794, -0.03176464077381546, -0.23202552530769346, -0.48334701067634794, -0.253321833683777, 0.17820428407100478, 0.009383672570359353, -0.1720895369569326, 0.5828159524720067, 0.5205342496630299, -0.16834104405862477, 0.20261769799087243, -0.33330233972659806, -0.24623490848374682, 0.09850505146632146, 0.4338625377981811, 0.2059286477541565, 0.009273267633741847, -0.06073734533800471, -0.23146270735680816, -0.06162061411034146, -0.4068150417590772, 0.1718502174401599, 0.5708954361459586, -0.07365544690979405, 0.004242538533353709, -0.11477676642428808, -0.23194711578049762, -0.14146079259300742, 0.07833332731207945, 0.34681639745073156, -0.10154571476655726, 0.1885678420470269, -0.2226331121701304, 0.2980661495282979, -0.33178008870846565, -0.5747395167949627, 0.06392785669463358, -0.284083740224365, -0.2819597598130619, -0.06780541747564597, 0.4595021900238864, 0.3028458920033888, -0.018942844768443094, -0.05614623046162911, -0.28270214866662235, -0.21631332070575474, -0.1998257386502084, 0.19724268461891287, 0.23309931094747172, -0.5368757370397721, 0.5196087452988125, 0.6516423611448581, 0.2867927196188588, 0.2203494500539936, 0.3402930220580116, 0.23230395887648048, -0.18210940338358889, -0.007001650649178298, 0.3336235357213291, 0.23246861097241947, -0.09023173310716631, 0.4769463082500569, 0.24811946305488203, -0.1637979042869575, 0.21515597896713673, 0.28007024029906813, -0.3283843325776514, 0.02730354969588967, 0.03696288706412048, 0.1788402634167512, -0.6895946861075105, 0.22764518918130264, 0.09038352113590697, 0.219033997700927, -0.21707017630111758, -0.15466356779464907, 0.3646557294876193, -0.053563808841571824, 0.38322089750553595, -0.11762863758372921, -0.14267927330879954, 0.05916780670160107, -0.09030023146170851, -0.1791670500029147, -0.5035008872620536, -0.3460357265701145, 0.3458396201204551, 0.28107876278187455, 0.359728339501689, -0.4856068358442515, -0.22335987304026672, 0.25140406052232184, 0.7393369246931247, -2.5200682673704744, 0.0014153907581254078, -0.19230515234833878, 0.031526220224814175, 0.3269751242996336, 0.24919685446237985, 0.16063098775604656, -0.04964409591048957, -0.19488292433083826, 0.30112337408867207, 0.033620686495850524, 0.06321116995998123, -0.21537936608804648, 0.004617761696611776, 0.039472606247341065, 0.128193232664133, -0.5142285974874827, -0.0586036864444989, -0.020448097603804002, -0.008748391342665647, -0.0851307128244713, -0.19528590583063415, -0.27454487640025793, 0.3412830815853886, -0.09672130140388242, 0.009713231365751, -0.19685704277043806, -0.36730860735335913, 0.31788739923694154, 1.5864060433090401, 0.2843815361177545, -0.05661467613682484, -0.3379723047174369, 2.9452022027438174, 0.5724164317933409, 0.6453602914838006, -0.11024660534404065, -0.11540573431330213, 0.24896060924492489, 0.5598200535901146, 0.1726865121216028, -0.29291024286768086, 0.06792307565288616, 0.08123139465437662, 0.044642267048191575, 0.03616807832360998], "config": {"experiment_name": "generalist_aa_e_set_1_r4", "comment": "Adaptive alpha off test", "enemies": [2, 5], "h_neurons": 10, "population_size": 100, "n_generations": 75, "parents": 50, "children_per_parent": 4, "mode": "generational", "cx_method": "cxBlend", "cx_kwargs": {"alpha": 0.1}, "do_adaptive_alpha": true, "alpha_base": 0.1, "div_bias": 0.9, "div_threshold": 2.3, "delayed_exp_gen": 25, "mut_probability": 0.05, "mut_method": "mutGaussian", "mut_kwargs": {"mu": 0, "sigma": 4, "indpb": 0.3}, "parent_sel_method": "selNonRepTournament", "parent_sel_kwargs": {"tournsize": 12}, "survivor_sel_method": "selNonRepTournament", "survivor_sel_kwargs": {"tournsize": 12}, "do_fitshare": false, "dist_func": "hamming", "fitshare_radius": 100, "fitshare_strength": 1}}
