{"mean": 69.26270388404483, "max": 69.26270388404481, "std": 1.4210854715202004e-14, "best": [0.13001911503138106, 0.03286971980229759, 0.2912397947273819, -0.09596437252492689, 0.1383857442077445, -0.36337954228687197, -0.2310696789225437, -0.637237231534176, -0.19756434283036503, 0.07051719392679799, -0.1387546149638721, 0.05701235066262189, -0.019381655442845157, 0.2877072599080575, -0.25943637482310833, -0.07812135239128212, -0.26508219825784207, -0.22768296774944863, 0.2965271760029322, 0.0321058615999863, 0.1179787284292363, -0.21872212685909848, -0.3564037347991237, -0.4350018931571981, -0.10075007975985675, -0.04806454053603518, 0.16596349840968427, -0.20287235045984262, -0.5849349772782622, 0.005989906784660033, -0.32628666207336054, -0.21237699667864118, -0.5386161535573561, -0.6821936586132514, -0.20036540525418672, 0.427535639381226, 0.14662439906904298, 0.22692113776278644, -0.2562294432792322, 0.47635214766945677, 0.08123589666567718, 0.51837148712978, -0.0068792949811529456, -0.03125595080376471, 0.2710729419221303, 0.15633772446352423, 0.09788603427026393, 0.25713501086889134, 0.04542528877225621, 0.3672164692618846, -0.1920359989931835, -0.05500895861461814, -0.4637100038475567, -0.057866341903109554, 0.3110053888204518, -0.006279577690745032, -0.09908655160031452, 0.08958556024034997, -0.42068556375898114, -0.00042914907215219127, -0.15388297531388828, 0.0812107123181089, -0.3931937708219137, 0.6008030631865483, 0.006402810122694357, 0.19534844027657958, -0.006161188960489627, -0.3323303585551268, 0.26951473915404894, 0.12101279517711792, 0.21514227732376853, -0.02805467558133444, -0.024661581300399596, 0.20960682997499513, -0.17449964563709597, -0.03921201472348354, 0.012436001632104229, -0.2462085812271896, 0.06074629046585619, 0.41508074873016326, -0.025312184767051805, -0.18940329271388467, 0.2783835493641964, -0.015103806121527348, -0.23064798123884045, -0.12985086981645397, -0.2303256147091277, -0.34958430494895115, -0.240623739229348, 0.25681460355026486, 0.12141256768544541, 0.1617410741194768, -0.5662317317547222, -0.10324804726704925, -0.0021942618978304323, -0.07604393276936167, -0.6331761878410493, -0.2656948810290755, 0.12731411588444355, 0.054408788174479056, 0.15293894926152984, -0.05518493965866073, 0.0007806316617932136, -0.09128803113952258, 0.18105108756097382, 0.5707131683654496, 0.602785730880929, 0.0963703191502163, 0.1781799808307124, 0.1326835513004521, -0.2637198553025301, 0.2964315070868789, 0.2980969169551472, -0.21038223765758315, -0.19133682054246157, 0.19280712286217905, -0.1699144537217322, 0.03328307285630561, -0.4819613637681784, 0.20491953630697968, -0.4164541967018634, -0.19543712334389704, -0.0762573499253128, -0.4357993331369382, 0.1720669955882617, 1.2258493559200705, -0.09299968420408372, 0.04065786318493435, -0.2561811468219292, 0.06564269813012694, 0.9355898263994662, -0.18269880449449705, -0.3213970977755054, 0.28450005605623213, -0.30949048377082944, -0.024633281799485388, -0.06452054546381918, -0.29745945068964863, -0.49348041375845975, 0.0877549609532716, 1.5372093582394335, -0.08042104386814422, 0.08397407787432343, 0.10599006087253934, -0.2668580186571227, -0.33551147108004425, -0.45169112388746324, -0.07750857871397882, -0.24250957316602456, -1.2028879590449957, 0.16799892888332105, -0.3300253196183163, -0.22693486936223473, -0.17629045976413069, -0.24408239687268676, -0.07784313816371227, 0.02110883400278328, -0.3064618952885842, -0.15752381647786637, 0.049662737775074066, 0.6287109933300414, 0.002261284215828244, 0.42619888285583596, -0.1126650785586048, -0.46191976577301136, 0.0197407721499989, 0.14826782153761625, -0.2397972166686128, 0.005788265833303779, -0.05230537896997408, 0.04718444592970385, -0.23697918392153972, -0.19665774956944498, 0.13443962118757494, 0.058462229346973996, 0.11498516572552121, 0.007566353009143587, 0.20598060613397498, 0.26777279076113747, 0.34186093111143245, 0.2361069316225802, 0.12465775842394221, 0.10489641462063425, -0.5281598934506341, 0.18168533524366123, 0.007630147926696794, 0.7369878703019064, -0.36471229125412846, 0.09084635438123292, -0.5525386980244636, 0.26704430701652626, -0.18702632936236677, -0.09312838373180432, -0.3395976818815933, 0.036669107006188556, 0.7896185852823216, 0.08918677314152602, 0.17993637169314686, -0.8065747115081611, -0.7717071650371616, 0.4145111007318984, -0.24657342532063614, 0.1753486888469546, -0.0061016533020322675, -0.5560485616532449, -0.29756420314447285, 0.29120491668673937, -0.29061547183858427, -0.06961330946588462, -0.25150921516386093, -0.7171827643913693, -0.19820073987018408, 0.3287090337103641, 0.25156635185710996, 0.31962829484169214, -0.22712051267945177, 0.1621048077349162, -0.026314738942090143, 0.4200840195860965, 0.17626192969772125, -0.42323598143545765, -0.1512818443198816, -0.3402102255624596, -0.38575094760617873, 0.38486856129347596, -0.29257542918875373, -0.42160699580896355, -0.11898546381778732, 0.6472680678381364, 0.3636359655023371, -0.30560206296449877, -0.2254996056059076, -2.3749892932973475, 0.5280422436047457, 0.13850574757684, -0.03359113038492718, -0.21871545903123288, 0.058883140938486664, -0.5226015047413669, -0.2159460965224707, 0.18521527137530977, 0.5568679103398835, 0.40724920110955876, 0.09799328098430801, 0.37689940481187867, -0.23290414431337386, 0.1084473635863376, 0.3355924249137372, -0.11036115755520717, 0.07027874052650578, -0.482780581644505, 0.16699905840886686, -0.4689396744062971, 0.8974248257017554, 0.10240159211916872, -0.016909818432356782, -0.7721455164876356, 0.21595048657752053, 0.7480533877115983, -0.30744273133362765, 0.0009473825067337781, -0.46037033000406924, 0.09936087284939059, 0.4148225861160605, 0.2850944696298161], "config": {"experiment_name": "generalist_aa_e_set_2_r1", "comment": "Adaptive alpha off test", "enemies": [2, 4, 6, 7], "h_neurons": 10, "population_size": 100, "n_generations": 75, "parents": 50, "children_per_parent": 4, "mode": "generational", "cx_method": "cxBlend", "cx_kwargs": {"alpha": 0.1}, "do_adaptive_alpha": true, "alpha_base": 0.1, "div_bias": 0.9, "div_threshold": 2.3, "delayed_exp_gen": 25, "mut_probability": 0.05, "mut_method": "mutGaussian", "mut_kwargs": {"mu": 0, "sigma": 4, "indpb": 0.3}, "parent_sel_method": "selNonRepTournament", "parent_sel_kwargs": {"tournsize": 12}, "survivor_sel_method": "selNonRepTournament", "survivor_sel_kwargs": {"tournsize": 12}, "do_fitshare": false, "dist_func": "hamming", "fitshare_radius": 100, "fitshare_strength": 1}}
