{"mean": 56.90820809057077, "max": 56.90820809057077, "std": 0.0, "best": [-0.23868394783921587, -0.06192240439018932, -0.16019148002013034, 0.1909893274824433, -0.5587437198949481, -0.11764980244904556, -0.06959584600013251, -0.2438973595384279, 0.018820033265367013, 0.3020249468985924, 0.414747486126805, -0.06974635281339156, 0.08709715289267976, 0.17283827546109298, -0.12912213165648162, 0.4831101596716042, 0.15113435185748328, 0.21650237095655814, 0.17895467572624726, 0.07109346680068046, -0.10110593285913315, 0.7846666805684579, -0.16073622936578136, -0.16660778927297973, -0.20425968341748924, -0.20467586291963624, -0.09186068016290291, 0.3834474612815371, 0.2507496526487546, 0.04001394709648683, 0.07849938056621872, -0.20786315401707053, -0.024216222019955123, 0.37988610208403056, -0.2339705592875464, 0.2687827076646235, 0.03320001264835622, 0.6407635284450806, -0.22981515108534897, -0.3577863430581846, -0.09786747836701383, -0.3928019293629429, -0.40882709826447894, -0.1858805739071909, 0.347588843473136, 0.20117339723857114, 0.5717785703774133, 1.3655972431561687, 0.006263864918013553, -0.25045373084873157, -0.06520942780462743, -2.8101109203713186, -0.2663400559183088, 0.05870754498675487, -0.08855696913740524, -0.5540827817349814, 0.09246058918536881, -0.6123190647390111, -0.05841867120466834, -0.1436181677417048, -0.2992938883871241, -0.6702073173720194, -0.36020085246905686, 0.38743021784612436, -0.15816645312844282, 0.14681476786554612, -0.29212918199298915, -0.040648320958024044, -0.028786964483268278, -0.14464654794912332, -0.050091991858067425, -0.6301000440823976, -0.31012954211245486, 0.23159784099553077, 0.02288121476214078, 0.020714020362600997, -0.8085407128839948, -0.3398097188999642, -0.09954890050485406, 0.14946276236806513, -0.1947109319772085, -0.3077523306217413, 0.1441708807536522, 0.2092739614439914, 1.3104802382083902, 0.014258990343824655, 0.27349449874003817, -0.18708379900505748, -0.15060962046089726, -0.208875024045916, -0.3036520029124838, -0.23991282046714696, 0.14077788134214037, 0.29732309299804294, 0.09230613415271158, 0.2719976303161153, -0.12580101802247715, -0.060584035889404184, 0.07199305953823434, 0.16801352176712853, -0.10355302344741805, -0.31072876631014335, -0.16608631993581038, -0.1308400949762067, -0.17793140345390634, 0.23894654902071427, -0.044861742526098425, -0.26633704687883386, -0.2169028814014088, -0.06930244711146394, 0.04065399727255863, 0.11122391867164193, 0.30779477289139034, -0.16515506807065677, -0.5031302024916628, 0.12425270321408793, -0.02457756574192622, -0.03013934562343997, -0.08209685125784903, 0.20432319892821965, 0.12891190245077114, 0.592754753838145, 0.9786360011013713, 0.41044714170375274, 0.2344243016515274, 0.22165853337994007, -0.37303387722050196, 0.024085998394520983, 0.0730399908326725, -0.15167115341103127, 0.3237182820837048, 0.06187551142957122, -0.40156460016671236, 0.24889567246474442, 0.17011551580361323, -0.29223274134636923, -0.045894152020238346, -0.2748214016883339, -0.38092275009622883, -0.5647854424182196, 0.15800379900408598, 0.25317809923826645, -0.27453566616226494, -0.18294318718713906, 0.016090809832330126, -0.05725794513398941, 0.14429547506949242, -0.1296749177049419, -0.0879087408647575, 0.22592003225177593, 0.021691306493888264, 0.04144601982932815, 0.18329144296749558, -0.11425922249740712, 0.13989074066119503, -0.3922426671924837, 0.026363769473547505, -0.019307134754623756, 0.2514407081992452, 0.15471285463709356, -0.41145919116114527, -0.3272828024780131, -0.29862072738183565, 0.009929026423878166, -1.1425412558321166, 0.17749190590652192, 0.49075700293401614, 0.15590036559679188, -0.1153060201156193, -0.15512296182155252, 0.21078521080784246, -0.4004991618320274, 0.18165334194045404, 0.10284240347175305, -0.033618733910611064, -0.48921576478615164, -0.009720798621582549, 0.00023567493996308334, -0.18749848259081536, -0.22090285108804109, -0.3408782221443349, -0.020162553715534572, -0.01336322592616709, -0.21609172984788927, 0.16554314532429662, 0.21030890232631683, -0.4835324285451278, 0.14684688734329182, -0.023068890860548752, 0.07839529483929458, 0.3230031630556304, -0.07577257259933257, 0.06604189421825479, 0.2953656846781209, 0.4179686905412874, -0.17015247281427998, -0.38129455984392724, -0.18575266493822276, 0.2889661290036482, -0.3887101128825548, -0.17593190618290933, -0.19257126732610935, 0.06942697136772798, 0.039503488663446086, -0.0400912729050903, -0.06897010228996138, 0.10772180042182697, 0.20202100987336924, -0.3508867576170434, -0.13924948653330696, -0.7148820088938552, -1.73723913356224, 1.3457226197497856, 0.2645371472087272, 0.3606165899874988, -0.13486615950996325, -0.42330357440332633, 0.049279055531080834, 0.12917930036473133, 0.319009045424821, -0.43929937181152645, -0.6099383316476579, 0.7381950419944312, -0.0008040928818869995, -3.2591144244918535, -0.3544366013724394, 0.1684554994924491, 0.04402246214027331, 0.25173203145941087, -0.0059441663618270526, -0.3344869821308575, -0.0007250494191402666, 0.5056324418750537, 0.3096810096605339, 0.6723341305595024, -0.413113887221071, -0.15860546209630708, -0.3839594174318305, 0.3669415067607902, 0.03870875365847758, -0.0542439503607165, 0.14615052578177093, 0.03327954859875023, 0.16509167856016305, 0.04412587450086384, -0.10051652980071352, 0.16444522366867892, 0.23316564102433207, 0.5549268511286348, -0.10069091416470435, 0.11763970726142281, 0.17419894554603677, -0.09996609512723192, 0.1503348866303257, -0.16263177618437097, -0.37688525202779843, -0.11542633285718568, 0.2350065121399151, 0.5228339068158679, 0.37567916979656285, -0.6656817047190542, -0.23545432789445414, -0.24910031644296624, -0.12907486994889755, -0.19035405780961062], "config": {"experiment_name": "generalist_aa_e_set_2_r3", "comment": "Adaptive alpha off test", "enemies": [2, 4, 6, 7], "h_neurons": 10, "population_size": 100, "n_generations": 75, "parents": 50, "children_per_parent": 4, "mode": "generational", "cx_method": "cxBlend", "cx_kwargs": {"alpha": 0.1}, "do_adaptive_alpha": true, "alpha_base": 0.1, "div_bias": 0.9, "div_threshold": 2.3, "delayed_exp_gen": 25, "mut_probability": 0.05, "mut_method": "mutGaussian", "mut_kwargs": {"mu": 0, "sigma": 4, "indpb": 0.3}, "parent_sel_method": "selNonRepTournament", "parent_sel_kwargs": {"tournsize": 12}, "survivor_sel_method": "selNonRepTournament", "survivor_sel_kwargs": {"tournsize": 12}, "do_fitshare": false, "dist_func": "hamming", "fitshare_radius": 100, "fitshare_strength": 1}}
