{"mean": 52.85574650685804, "max": 52.855746506858026, "std": 1.4210854715202004e-14, "best": [-0.1129640613634786, -0.3958293248068039, -0.13767250921927496, -0.2366886806641656, 0.08610357673363059, 0.20272908832079536, 0.13257893627784942, 0.21558393630760414, -0.11551311287951227, 0.3591284134452797, 0.06481749920476097, -0.17310800303142915, -0.3691765833617594, -0.015420017302348448, 0.4520665233550557, 0.05370546569882885, 0.005444225500116066, 0.04749306804616145, -0.2714120328128374, -0.07570724073668515, -0.10154220187770516, 0.14086507047463973, 0.6373757022291715, 0.3536611653733243, 0.10249081290398188, 0.1724748265358118, 0.02887497701088075, -0.348223796989281, -0.13998095861776347, 0.253219111315516, -0.002120312660600125, -0.46479789991686793, -0.2310122256391646, 0.06296405877147063, 0.24581534299306362, 0.038054692352882724, -0.010782714985845836, -0.24872025148763727, 0.04517896710018622, -0.024151365172961615, 0.15843978609823978, 0.43665459847621535, -0.09671718905311409, -0.17594486085414415, -0.19672049576961348, 0.13917032468815269, -0.20118624967855325, 0.07131557894936673, 0.048937781585651464, -0.16647053909442938, 0.24764594388182773, 0.4478871289288364, -0.37173992483347373, -0.027955505227710148, 0.16207709094864808, 0.10480199586397204, -0.014872892813118857, 0.12697841892082146, 0.5576549123821232, 0.04246645881294511, 0.2705761838904294, -0.019664009699803184, 0.16876386195001025, -1.468434394902474, 0.22438302184999784, -0.23048710041818635, 0.13256147332025212, 0.31850306083105845, 0.0037350946776134883, -0.39751946254533976, -0.3328450517107518, -0.31505398882511065, 0.2665682459073615, 0.19987060684581326, -0.26782330015451106, -0.6231335320034634, -0.17925219844349316, 0.351154380172206, 0.19944833241567594, 0.37598115285748246, -0.18174695347942477, 0.7413370214418864, 0.20222007520880025, -0.010601520973133029, -0.24238779162437396, 0.037231532346809676, 0.010745402859861596, 0.1932260232522774, 0.2910020933606512, 0.24203996831072497, -0.08034615855636976, -0.004352258545453153, 0.19358079914875137, 0.30971060289143354, 0.08748469241353918, 0.3772592369744024, -0.10558937953996485, -0.12684865054487257, 0.053011229851760565, -0.31846137132697594, -0.2838360442389158, -0.20028822386642822, -0.0642445772971424, 0.29558741600551, 0.44989325952846737, -0.02280024678431933, 0.4351265955620595, -0.2611091304346771, -0.10539141784135105, 0.4111667688150876, 0.03449775858610915, 0.6241771219150339, 0.11784558693500721, -0.41672960376414786, -0.07220119362833016, -0.07961890231108679, 0.18332558371530297, 0.15859035791844966, 0.26995876832330257, 0.3266919011169396, -0.19552846974225957, -0.4383195692615809, -0.19023867245639395, 0.33488716190149503, 0.5305864437097899, 0.040018093149237474, -0.36665278189437905, -0.28408618172368993, -0.21741082058901035, 0.4843027472626847, 0.11026247543004039, 0.08971068394174328, 0.35304693541595306, -0.018976651302683785, 0.11145283114756696, -0.09377399877419083, -0.07990260308713568, 0.2453593212908325, 0.20753718463161644, 0.7815795927753274, -0.1865678432870639, 0.2150666850873948, 0.15718862297294173, 0.14686406591515214, -0.24816989286397156, -0.13369879524625441, -0.09842279000242608, 0.14734501104825132, -0.12778809125603807, 0.09391975302602783, 0.21457264889342506, 0.04540697975870438, 0.470966491063248, 0.1406717104650343, -0.2547506880565876, -0.1741496928882993, -0.2923094588238211, 0.04382577679908547, 0.005972388735627891, -0.2128514441808021, -0.3519901403157873, -0.35031538851095123, 0.33198591041673237, -0.5165233975211982, 0.42312668977156753, -0.08871513866687233, -0.35289072140176303, 0.0606728883234788, -0.011336209669217502, -0.03160277406824245, 0.16747838153120875, 0.023664950213612177, 0.32977125094114734, -0.14553365859773956, 0.05986780804013773, 0.14268924269787125, 0.012448905419172991, -0.33411116253602036, 0.009817783235249549, -0.1474355867798106, 0.07593954505871865, -0.0008398421244536217, -0.1160493643368789, -0.04395634279717201, -0.19989684512262662, -0.1750754801209771, 0.014843115753138588, -0.16284788614894902, -0.8194317775614519, -0.24278340786627606, -0.3236960610067184, -0.06615604864888819, 0.11717420648431112, -0.037304628947354375, 0.0815544124396362, -0.4348029364986409, -0.21685209433571556, -0.0870546112451482, -0.6924627665687121, 0.32246278547946156, 0.10514494847388617, 0.2568684712206173, -0.04476001854169595, -0.364759204324169, -0.052232169106849274, -0.017396277449711648, -0.29792008496575906, 0.08350802489426978, -0.4019104426360329, -0.010088069466294813, -0.37572265833170115, -0.5267347064081597, -0.012295183171016551, 0.48754909308916294, -0.12244475094858584, -0.14151157900017097, -0.24051906779960291, -0.2753211843390573, -0.12798996898065576, 0.09845293937779566, -0.04295678998466774, -0.07346107965026029, 0.21102082836263983, 0.14415680368042083, -0.07326256730110248, -0.28723647826800863, -0.006005637838302481, 0.275803921810538, 0.15682728239521618, 0.48007563215927807, -0.03602657750424876, -0.4946675755273475, 0.0857056454441784, -0.20993531913818886, 0.43737598184035764, -0.3081151561506187, -0.0014311156162113343, 0.43330517321053397, 0.27246785452607636, 0.14480046618165415, -0.30383147794982257, 0.06368258699830162, -0.025371432184454982, 0.03967565149442129, -0.05386267097440451, -0.0948743319237642, 0.10526468043827805, -0.3341301221112837, -0.10333412067401944, 0.07509780361049402, -0.21528516968775852, -0.39472330688004803, -0.2577365961290384, 0.4824180579378994, 0.22219405745968018, -0.08172974450045975, -0.019096719950466995, -1.7717831540128544, 0.6153153426180387, 0.3316555779823399, -0.23841133851099958, -0.024208897071398783, 0.13231422567880569, 0.3991337478920053, 0.3679282916689511], "config": {"experiment_name": "generalist_naa_e_set_2_r3", "comment": "Adaptive alpha off test", "enemies": [2, 4, 6, 7], "h_neurons": 10, "population_size": 100, "n_generations": 75, "parents": 50, "children_per_parent": 4, "mode": "generational", "cx_method": "cxBlend", "cx_kwargs": {"alpha": 0.25}, "do_adaptive_alpha": false, "alpha_base": 0.1, "div_bias": 1, "div_threshold": 2.1, "delayed_exp_gen": 25, "mut_probability": 0.05, "mut_method": "mutGaussian", "mut_kwargs": {"mu": 0, "sigma": 4, "indpb": 0.3}, "parent_sel_method": "selNonRepTournament", "parent_sel_kwargs": {"tournsize": 12}, "survivor_sel_method": "selNonRepTournament", "survivor_sel_kwargs": {"tournsize": 12}, "do_fitshare": false, "dist_func": "hamming", "fitshare_radius": 100, "fitshare_strength": 1}}
