{"mean": 74.27958756683108, "max": 74.2795875668311, "std": 1.4210854715202004e-14, "best": [0.32948666493061796, -0.06615955018282633, -0.9536356796699339, 0.5076627792196656, -0.558330046735308, 0.04416160915723651, -0.17329304188250969, -0.2797359151319047, -0.358079987955891, 0.019608733665282138, -0.030586910633210347, -0.41661881987103105, -0.2257405040866434, -0.1500885285971161, -0.49701033956176627, 0.11044111834076123, -0.4901012940622962, -0.4440801045071059, -0.3365868731705625, -0.15798518847599835, 0.011489078778263103, -0.46661542290727115, 0.02907149701298772, -0.3130195693287021, -0.49053569583622736, -1.2768410206740115, 0.14589573089859675, -0.388937348074599, -0.060081966703612315, -0.05908465819816861, 0.23510244861488463, 0.276486151316441, -0.4715319000563173, 0.17265758003699866, -0.0468703376438613, -0.2919245295051448, 0.0013006452665796009, -0.3741681708855139, 0.31281760607750697, -0.2604174727881292, -1.1055942848090379, -0.3751009562529656, 0.34264942487605365, -0.03406872123376638, -0.11458610606208028, -0.26225061355761453, -0.13861446840453215, -0.6293612345726904, 0.13983051037761515, 0.5136380147646743, -0.2847910916495121, 0.5808999198532214, -0.2003011849493633, -0.2584535336228363, -0.09449280967120313, 0.15803101807474684, 0.18742156232677576, 0.11896147106481365, 0.4566731741484935, -0.6633678512919057, -0.13547923804572637, -0.07263009536449982, -0.12589342584493574, 0.27295241807396703, 0.5001899775895731, 0.23281245343276818, 0.32340236881974993, -0.06949004871506416, 0.3005420535441397, 0.21484456912954178, -0.07161165463998907, 0.7908600033735896, 0.033426773929687334, 0.12520334877797376, -0.16893489023737904, 0.2556446603966487, -0.4566837532233504, -0.37547467160323555, -0.32774577239830055, -0.13190291199940796, -0.12837816755554934, -0.012157018567785446, 0.3165067570908861, 0.29207272495369374, -0.2737480193987612, 0.1525612891813615, -0.23633114128060895, 0.11367242766948969, 0.11315210299434911, -0.031609663845484276, -0.42094488369057004, 0.2920362007311846, 0.2463816439417213, -0.5270887768851376, 0.2902111805252834, 0.2961578968653763, 0.1293588146553088, 0.11416179233946655, -0.9054249781757955, -0.47508810968080184, -0.1363431074551056, 0.0767002306208826, 0.27849962907706854, -3.3424746092570934, -0.22503215200596002, 0.1372737072552035, 0.1225585819889756, 0.22634331763806212, -0.4228259888539371, -0.13086564659271432, -0.509313074160159, -0.3473231348436398, 0.30303163153010343, 0.0009332547499589125, -0.05085219557784228, -0.28878507702910894, -0.40099800248040673, -0.3097403132101537, 0.48399817231173103, -0.06273613099656894, -0.24202415395105634, -0.402277233250544, 0.1446140915520532, -0.04169883182264202, 0.30692662833607093, 0.4063736919738251, 0.3940707294111951, -0.1381869508876898, 0.25567308328668986, -0.15095437908003972, 0.24522882444882155, -0.04541401305304088, 0.09250287359147072, 0.18099728228404757, 0.09437761236601619, 0.1554507907783015, -0.2857673004161257, -0.10112134723450494, -0.2922884417458596, 0.035956055386698965, -0.1722331183411573, -0.10292160347371498, 0.11662128637185282, 0.07224639523241716, 0.09862935738672515, -0.363903017546112, -0.04130258186983102, -0.13974446333501955, -0.46707888264412917, -0.2796004605544784, 0.11212901738745809, 0.20138177409434285, 0.44068056163720626, -0.008045155306388361, 0.4432492522513855, 0.02916231924467766, -0.08882858233236247, 0.007572666267935438, 0.17724841241034023, -0.2590391751569416, -0.5307062433062452, -0.13999842880777966, 0.1235615734032762, -0.21273360060255925, 0.2399399362203646, -0.15920600220378903, -0.31139565605751884, -0.22305995817114463, -0.20162646812757126, 0.3779033259297738, -0.050022646357574536, -0.3051905493290058, 0.20518769126764966, -0.08558024786087992, -0.09601430656222457, -0.27973997628128605, 0.3352210576473825, 0.1047102425287415, -0.11749159022523381, -0.1498272983314079, -0.23404594886500832, -0.24960888847126936, -0.335633063278508, -0.3017588093655839, -0.18630133722643716, 0.09872790167820894, -0.028392240043121037, -0.08328464577889347, -0.0013034269007655684, -0.2658497382176254, -0.05420049589167453, -0.3432372366546354, 0.1477900304703499, 0.023740716936611013, 0.04581433260372241, 0.05085707489856191, 0.20424138779222173, 0.09724259125124723, 0.33586362474036624, -0.3522950523665912, -0.24449280787699418, 0.47358664934119715, 0.11658763356914303, -0.20772478434302266, -0.5261771401094102, -0.11798191572387293, 0.18779754955788563, -0.05518233098920433, 0.23227311737690784, -0.14372331982210917, -0.293763445409504, 0.1062414552834307, -0.16257155817954297, 0.2919813755216429, 0.2973860605522235, -0.20871713184027274, -0.5237237011662439, -0.2647721137366447, 0.08068422595795019, -0.047634829820058344, -1.1010038613716744, -0.0642265134431933, 0.19502769695773423, 0.12290162194873377, 0.18879109708387104, -0.27120400053209204, 0.15537807128336079, 0.5220284527102942, 0.3370072919624035, 0.2684937027651648, -0.8089303659968756, -0.33574275451185365, -1.0103543888664883, 0.6269251717365965, 0.2362135718956742, -0.41975102035442874, -0.012605473587359941, -0.05047442171374974, 0.38142359520999003, -0.013365212955562523, -0.38970258184804474, -0.5658241594195512, 0.32886876781285335, 0.04379812945610139, -0.14922331022304877, -0.03550529814112027, -0.002848096809987887, 0.09450123288212668, -0.05900890279414343, 0.26474565089241253, -0.6218574738834683, -1.101739700878194, 0.19501827688625978, 0.20783084605698715, 0.1057850979444395, 0.049278774321970635, 0.2929411149722751, 0.42641387389530455, -0.02951105223715341, 0.45050888154382823, -0.025797681780553552, 0.041929946946795575, -0.26383952474069705, 0.5043765383586117, 0.40322563776042103], "config": {"experiment_name": "generalist_naa_e_set_2_r2", "comment": "Adaptive alpha off test", "enemies": [2, 4, 6, 7], "h_neurons": 10, "population_size": 100, "n_generations": 75, "parents": 50, "children_per_parent": 4, "mode": "generational", "cx_method": "cxBlend", "cx_kwargs": {"alpha": 0.25}, "do_adaptive_alpha": false, "alpha_base": 0.1, "div_bias": 1, "div_threshold": 2.1, "delayed_exp_gen": 25, "mut_probability": 0.05, "mut_method": "mutGaussian", "mut_kwargs": {"mu": 0, "sigma": 4, "indpb": 0.3}, "parent_sel_method": "selNonRepTournament", "parent_sel_kwargs": {"tournsize": 12}, "survivor_sel_method": "selNonRepTournament", "survivor_sel_kwargs": {"tournsize": 12}, "do_fitshare": false, "dist_func": "hamming", "fitshare_radius": 100, "fitshare_strength": 1}}
