{"mean": 69.29555865221153, "max": 69.29555865221155, "std": 2.842170943040401e-14, "best": [0.05014640358872856, -0.2549378207573126, 0.03878847685921062, 0.24031258983272868, 0.1733967238126025, 0.2598678118247907, -0.09033552874457501, -0.2769708020069061, 0.3685017091144722, -0.7405771016777791, -0.11350047422299173, 0.2060903159138716, 0.0877247820316249, -0.3762277696143942, 0.09734754827524106, -0.10257899125233773, -0.14019827919543534, 0.2248016486135741, -0.26473163611485406, -0.2270758723828817, 0.25702246755655617, 0.3979352390057449, -0.5313580166210087, -0.13459685456588721, -0.32720360140860016, -0.28989283064229654, 0.1637865638155668, 0.0427632982687209, -0.2495138262441282, 0.012857619501372578, -0.09279880817263846, 0.20131220509238365, 0.30511176319671635, -0.18258248033953495, -0.1861825696616075, -0.06340543132985207, 0.20922078731162064, -0.17356301271449265, -0.0018623128928263921, -0.21645732342146673, -0.3599687755251226, -0.03242207132540686, -0.1315593176909359, 0.10953944889983366, -0.4669883583238295, 0.11499450770679322, 0.29186417771695206, 0.1553484991666817, -0.2861051116002972, 0.5498398826828927, -0.02523535890724231, 0.13168728729911855, -0.18941383808421983, 0.1360124256100391, -0.15153980523522836, -0.1473890953507752, 0.2926429588257171, -0.15295988425473578, -0.26324024995192513, 0.4463432950246813, 0.1189152075015184, 0.20800307342939378, -0.27930098937965653, -0.051070000645535386, 0.13398125374062747, -0.31815248449354816, 0.08987653926275885, 0.045079757868064306, 0.14296503257599683, 0.2766538061314641, 0.14924394875743238, 0.4598971332563013, 0.5910305948894982, -0.029036452754872006, 0.2818938542091567, -0.09871024648902933, 0.1758807637358522, -0.22748891150363962, -0.3308228914323238, -0.29805698825866234, -0.34859101868493264, -0.35088363138033657, -0.05741229077475176, 0.38275015453271966, 0.03603694382868235, -0.11939118638929942, -0.055939653680172466, -0.46683811482082593, 0.19690592254581374, 0.470836956968884, 0.47217189266882276, -0.08418565388363161, 0.20345342601554722, 0.20351138370779387, 0.17502799906472685, 0.07461941000887437, -0.08308175152583332, -0.3029621239300413, -0.1797943312887667, 0.0791565272324409, 0.06480726884306744, 0.00832473533412847, -0.10888804532609836, 0.3048214692314292, -0.10053288619072243, -0.11385203766000201, -0.41108367277149044, 0.23097786639025414, -0.26769161890044363, 0.3042715310548589, -0.4912000501740301, -0.5736616072405696, 1.0895501193314954, 0.17381074758251042, -0.6280920792542122, 0.04626029798981895, -0.17989338550278727, -0.08017968015224776, -0.16496216909028752, 0.32270084896677403, -0.15586469626876429, 0.38419590041651447, -0.06437594887611413, -1.9495569910567279, -0.06713801076242054, 0.28318198392331156, -0.07107000079898813, -0.008266194270643961, -0.08568430164757239, -0.06037693688725274, 0.2443249724315108, -0.21081736763721604, -0.24081006016546008, -0.12730673080190497, -0.251782389290086, -0.05976951912109749, -0.02333246820001719, 0.04565879714936527, 0.14613861469778266, 0.385022576706089, -0.17216042485684013, 0.21757359953988745, -0.09624195521133262, 0.48102141813915056, 0.40150487375282773, -0.3987278821510516, 0.3550600970063031, 0.13723977465954015, -0.5191820935920206, 0.10412376315503037, 0.26464018989278537, -0.08543734608791179, -0.08522761015901112, 0.3222392759998297, 0.051792263163106575, -0.3695275930172643, 0.06847861853695456, -0.07447024471818448, -0.4232595617484438, 0.17798478905473714, 0.08559341906632754, -0.14253434777927704, 0.0064382773411644865, -0.3911672170293672, 0.055610649461701606, 0.2381446979144459, 0.04594421549342918, -0.10720433188918346, -0.22003270818262963, 0.22454064691661096, 0.23683070761666986, 0.33473182558810605, 0.13106531786639675, -0.23307417861417967, 0.1839149318962439, -0.7652886055665542, -0.13277849525549812, -0.2188461792803441, 0.24493652781558786, -0.03773841579790679, 0.0363038140395424, -0.4808477665333279, 0.2992447137998757, -0.02496481516926127, -0.002834282772277027, -0.2909307739229412, 0.19767361331650918, -0.24352339700496833, 0.08955358302969725, 0.24863708225153905, -0.0018107985945460337, 0.3175369557287666, -0.24979096124586048, -0.44581104593444976, -0.10328348096411225, 0.054502110683983265, 0.0032539475061897916, -0.2845052936158248, 0.22763194455405747, 0.2859729020151208, -0.4126207079486221, 0.40028536495916683, -0.13766331188233874, -0.19690981828382853, -0.041528011310091054, -0.09773368027338418, 0.3015016242208451, 0.1537110095267405, -0.07074786103090296, -0.23224547265187742, -0.4021025977632664, -0.2943599506754291, 0.0915653242454784, 0.6605012520848036, 0.23009574296049803, -0.20107142492198213, -0.05079290036329688, 0.5135871897891628, 0.23507626055356967, 0.394055042045716, -0.5553672593921708, -0.1711507683261138, 0.8185895024978819, -0.030382232223725353, 0.36392425440860116, -0.26266488871216626, 0.03956956239851826, -0.4362778606177706, -0.15320991079098017, 0.12214888161008812, -0.485950354167023, -0.3044417145613459, 0.04003281176947553, 0.4497337445584949, -0.14561045543341042, 0.11199653961580472, -0.054105548428519716, 0.07255374346898295, 0.38010168933290944, 0.2903613234637119, -0.5217365109746537, -0.7106458495988818, 0.21850671669649546, 0.2702595702767078, 0.38359035840925204, -0.3332925937750021, 0.1680545956943033, 0.007898647038922877, 0.3936061251967818, 0.3689837961065287, 0.009462790674811705, -0.2897428714798601, -0.1629753290553073, -0.11761850106024274, 0.2537802625497615, 0.21482755247710109, -0.15889279731049236, -0.09545248737810452, 0.24296499871566607, 0.040186923496093735, -0.276033613067902, 0.7187863733659294, 0.06869265445428695, 0.2967009989725766, 0.3555004844764187], "config": {"experiment_name": "generalist_naa_e_set_2_r2", "comment": "Adaptive alpha off test", "enemies": [2, 4, 6, 7], "h_neurons": 10, "population_size": 100, "n_generations": 75, "parents": 50, "children_per_parent": 4, "mode": "generational", "cx_method": "cxBlend", "cx_kwargs": {"alpha": 0.25}, "do_adaptive_alpha": false, "alpha_base": 0.1, "div_bias": 1, "div_threshold": 2.1, "delayed_exp_gen": 25, "mut_probability": 0.05, "mut_method": "mutGaussian", "mut_kwargs": {"mu": 0, "sigma": 4, "indpb": 0.3}, "parent_sel_method": "selNonRepTournament", "parent_sel_kwargs": {"tournsize": 12}, "survivor_sel_method": "selNonRepTournament", "survivor_sel_kwargs": {"tournsize": 12}, "do_fitshare": false, "dist_func": "hamming", "fitshare_radius": 100, "fitshare_strength": 1}}
