{"mean": 52.51882558384405, "max": 52.51882558384405, "std": 0.0, "best": [-0.30409469284123036, 0.0029280037601418576, 0.4621421108449629, 0.7395532273049286, -0.013438421010112445, -2.913971481594899, -0.28123707691987987, -1.0977808318915048, 0.4913819305380708, 0.08905551558039, 1.732208801156449, 0.03819554699338425, 0.7791205095618553, 0.10660740726774923, -0.2846750370196788, 0.006427653249639683, -0.13573656476774743, 3.985053905001298, 0.058592807322681385, -1.0461200593286928, 0.2322382924449092, 0.380241100384593, -0.20605857727503332, 0.10938399378422646, -0.2436492845191171, 0.03139953518918601, 0.1261051466098063, 0.1271269439186264, 0.4024771984855087, 0.16222074448751017, 0.16134706049659314, 0.6511047086144426, 0.9701097229391745, 0.794339572478808, 0.018460269251759497, 0.07350922994520238, -0.468245268230345, -0.23398383137355544, 0.90615274802419, -1.045427916888324, 0.08148542250651863, 0.15647074689096394, 0.10861584865066773, 2.5282599858638473, 0.4440786428952265, 0.31852024796617523, -0.3992501980458239, 0.07755296510980775, 1.1230631020639088, 0.03999439188377748, 0.04620038858305074, -0.04156989533211007, 0.26724818589418253, 0.18363890644776834, 1.0628555042804972, 0.4592254304020313, 0.28977442020276795, 0.1721481766837222, -1.0726623852531785, 0.6428124657101393, 0.26122756979748285, 0.2761553601911436, 0.12422850581660094, -0.37222887788699227, 0.8336619963397782, 0.09198883302235861, -0.3490168329252387, 0.00396065893041429, -0.10505043524888262, -0.08003951777479966, -0.07232949518039292, -0.7732844359756221, 1.1238566862981922, -0.36780717394617646, 0.8796889067262961, 1.2421875590472864, -0.15908175731532057, 1.2284595818123583, -0.15522034049805342, -0.58537299284116, 0.6119819143035369, 0.09424019524384972, -0.3341404780297889, 0.1439573539590227, 0.09657926587980653, 0.05984251782148721, -0.0373265940638937, -0.023465281705605252, 0.1085717898959643, -1.6260342416219447, 0.17637927337249176, -0.5839794828513968, -0.9113889312474334, 0.9404978393547124, -0.25647339046057144, 0.07041552836127807, 0.5335288259109098, -0.00944874942534437, -0.15447339114543776, 0.3742402853896536, 0.05142353862072647, -0.3045809763455788, -0.3499150496309593, -0.25501488666233374, 0.4729492361810384, 0.5220037345303076, -0.03392159874940925, 0.21249044999085925, -0.33228674882420045, -0.05159671191773896, -0.7773503257016232, 0.861829892909072, -0.1148435802741868, 0.09527867347024085, -0.42588880211511193, -0.18472719157038792, -0.44145940451012144, 0.007647550637186499, 1.1689338789864854, -0.4272024253208863, 1.5346867035262735, -0.016046412182462895, 0.5639007825965879, 0.4001747177305872, -0.38134695250267175, 0.4211180301314493, -0.0246657056455062, 2.8386441685329498, -0.1938036081753754, -0.27344671490571437, -0.1658777481156934, 0.14930615946194464, 0.5235643856074469, 0.8604165535972548, 0.5843521508493651, -1.5837951534997279, -0.6823425544457391, -0.04815392757450693, 0.24763497015795854, 0.01715905866885391, -0.15559715098749766, 0.16303811083001946, -2.97117174975603, 0.5481848015829572, 2.414991338101028, 0.09817443516801046, -0.10507506138477968, 0.45206399378958956, -0.8420902577423459, -0.03427143512946533, 0.5814409276879554, -0.09320297824102908, -0.3604208792983199, 0.023313274279120683, 3.079619057204846, -0.11210641930834833, -0.12348727923491343, 0.08078862820386162, -0.36462356838570054, -0.3541898598478441, -0.08658679725490721, -0.4376514223903598, -0.40593793567952574, -0.36179557861674355, 0.3326669673258166, -0.38565912419667847, -0.30773799154190934, 0.44420194711299543, -0.12447729517133603, -2.602014644387693, -4.611695439830484, -0.09999259349359133, 0.5092456868317806, -0.0728107232996214, -0.5039074583484207, 2.598151914087709, 0.39501090792957455, -0.13346578758652938, -0.3001370607644717, 0.020301154984897235, 0.15628857729625528, -0.06091388257047909, -1.5315857403441162, 0.06427462969704137, -0.4105914036418691, 1.6626567452563565, -0.6214768251387602, -0.20065014974790216, 0.30341657566989483, 0.10715171078564349, 0.4083328292028524, -0.43003739665631957, 0.2947065252315609, -0.3861076394466876, 0.10009735102804476, 0.9062005623046123, 0.21038261071381664, 0.9579820772289286, 0.255985943810934, 0.3908964151828301, 0.4205434761233605, 0.46054753689377237, -0.09219991828242594, -0.3278157338937208, -0.321928626313534, 0.1296711009172945, -0.08269724902858894, -0.27091799705705083, -0.46437963293371887, 0.21629708620050392, -0.21415264631005687, -0.8569538520749169, 1.6409128041124348, 0.39925542329582114, 0.9070003399484703, -2.053544681030604, -0.0688901601669759, 0.15366992112943664, 0.3487371417006779, 0.37411469510313994, -2.8814014432823356, -0.3443344676746918, 0.10082884314174614, 0.5720666493617762, 0.47435550077470795, -0.32944494408075, -0.8363079943306567, 2.2314959625893453, 0.47503105407254564, 0.2764792960580397, -0.6141071364858319, -0.013592284841292629, 0.25737842495297764, -0.1033936973670688, 0.10605324207631107, -0.15897535569774138, -0.26942944895892146, -0.20305225873578048, -0.07156421320561551, -0.09711137932663944, -0.039768901490055256, -0.059355373056658875, 0.635225984486232, -0.04945162901132784, 1.0207043434262402, -0.22186004804031514, 1.8326370252996291, 0.22619898268336566, 0.3655606825051496, 0.0005936341509872015, -0.13546511188500726, -0.26127191320237175, -0.3283947563426659, 0.4407096042385269, 0.4226575629888491, -0.32289128941265166, 0.09613515564128758, -0.146520508871454, -0.024614723179094918, -0.6876949530198799, -0.21613439526470551, -0.04271113099339884, -0.2023204651935345, 1.1568174194487895, 0.15348383219766448], "config": {"experiment_name": "generalist_naa_e_set_2_r1", "comment": "Adaptive alpha off test", "enemies": [2, 4, 6, 7], "h_neurons": 10, "population_size": 100, "n_generations": 75, "parents": 50, "children_per_parent": 4, "mode": "generational", "cx_method": "cxBlend", "cx_kwargs": {"alpha": 0.25}, "do_adaptive_alpha": false, "alpha_base": 0.1, "div_bias": 1, "div_threshold": 2.1, "delayed_exp_gen": 25, "mut_probability": 0.05, "mut_method": "mutGaussian", "mut_kwargs": {"mu": 0, "sigma": 4, "indpb": 0.3}, "parent_sel_method": "selNonRepTournament", "parent_sel_kwargs": {"tournsize": 12}, "survivor_sel_method": "selNonRepTournament", "survivor_sel_kwargs": {"tournsize": 12}, "do_fitshare": false, "dist_func": "hamming", "fitshare_radius": 100, "fitshare_strength": 1}}
