{"mean": 56.935121631615196, "max": 56.93512163161519, "std": 7.105427357601002e-15, "best": [0.28455500396275923, -8.011312968762591e-05, 0.271340458739505, 0.090177496497181, -0.2118459098965804, -0.17512850449194609, -0.39710194736472315, -0.02666073968406591, -0.09080869400936356, 0.1475747527429362, -0.2690625224384336, 0.051945647910220036, -0.22187674640573188, -0.23133632862256104, 0.38606981107357213, -0.23707554183591212, 0.06474028133067461, 0.35167518005523724, 0.316466864620901, -0.24325141105203085, -0.1403834768502811, -0.2548219556054986, -0.3548764154121463, 0.01864066810531155, -0.11623779242795124, 0.21192417199425745, 0.47725588611768405, 0.03679202802257843, 0.6641115683939062, 0.44378948377126476, 0.10662196879902444, -0.05179016060464924, -0.08219717063455606, -0.02791906145206848, -0.4079746745326031, 0.015343718187436736, 0.2659538061991169, 0.002264245080854236, -0.08803239441383606, -0.30219727857818995, -0.025585228537057726, 0.14728848226762192, 0.04150757307931988, 0.0557111462824801, -0.2101517151313288, -0.1215220179107594, -0.27374821602773186, 0.17283312680648683, -0.31400312532884644, 0.04391688816368537, -0.3767490834235547, 0.13381787950453986, -0.20356135481271023, 0.13406113634079456, 0.030074290927100955, 0.03734684443097188, 0.12429966113842437, 0.12263233815578474, 0.054348045531323844, 0.45006987244566293, -0.16046885845987693, -0.10678795299061543, -0.07004208494329708, -0.11889679170259033, -0.207261718696785, -0.0381378206507018, 0.023385896282936046, -0.01209177356556211, -0.3906871741680533, 0.309746890909403, 0.5865041058280621, 0.16392555485377833, 0.08636667711585568, 0.10559522929878151, -0.025464446296623297, -0.32788898225992225, 0.353375122090368, -0.23411318058140612, -0.004760571892233511, 0.29313709156572165, -0.14817595767741087, -0.09586154663771862, 0.19061045328985915, 0.15346133320439473, 0.13212621754812973, -0.4115666720410506, 0.10587912637706497, -0.28282147108425926, -0.4812983192251716, 0.04486850922661353, 0.22805862597547133, 0.16020298797357047, -0.245795856410891, 0.056678816908057914, -0.12486324435210043, -0.10923051961078806, 0.26990611893736, -0.14214126354561182, -0.22804118534628595, -0.3050368424901009, 0.21257200838619747, -0.21053968312336202, 0.2993538639360881, 0.04284111672854892, -0.307658462709422, -0.07416880493913428, 0.3044341063384026, -0.016936506461505525, -0.48455350241284856, -0.019186055054418533, 0.05815439282656087, -0.00046198153551436157, 0.08893879580345661, -0.009662517641510647, -0.18676676920676194, 0.1338990105775118, -0.16621680045471085, 0.09790136145583918, -0.1680334196987539, -0.2186232085789102, 0.13053907463338493, -0.003107266181838664, 0.2785075874457525, -0.47845460456409034, -0.24363718346372495, -0.05967075432717437, -0.06747209848235722, 0.2794764700216289, 0.29393156641171164, 0.18350428090958296, -0.16678262615958878, 0.4700029268693795, 0.054417442510331905, 0.08018847667159679, -0.2028635271036882, 0.40975015111114765, 0.021603311791455082, 0.1465153420699685, 0.07026310233538627, 0.15965935234822975, 0.44595730576482784, -0.07737781655372733, -0.4032657202239187, -0.31443057376272265, -0.05010242687364453, -0.09847431752853168, -0.29524358324042954, 0.047575804265843874, 0.04609096039974937, 0.15833578786856414, -0.2395727426786154, 0.2117189775065626, -0.10334272974023463, 0.051379806066435114, -0.3508694528235415, -0.2844413315486434, -0.16949702542172895, -0.13324681240253916, 0.16237857291266206, -0.05329846852079657, 0.06279208459863259, 0.2913449268518904, -0.06305169200427478, -0.050280091966152476, -0.23846010519163854, 0.5473917662962615, 0.1786514032267401, 0.42240758288781055, 0.6575674584331558, 0.05423347783331117, -0.28836072458160955, 0.3388292730544861, 0.3177187579695356, -0.21685557084400872, 0.06928356547216055, -0.23289366122976804, -0.24236194532196817, 0.3436410436632079, -0.22626756009890464, -0.04660894746167948, -0.3051940781281006, -0.0004529316302711422, 0.07757796295063714, 0.4350637033282989, 0.4252558388039049, -0.22287399377944417, -0.3483631102012936, 0.04215099846555601, -0.9758335518706973, 0.012510603613209322, 0.2063403268021356, 0.20986237802900187, 0.026749816463882616, 0.3374262522830121, -0.4041199159472665, -0.07069505516128916, 0.2980893658729825, 0.05711497391824229, 0.30478912134328595, -0.3138608536014942, 0.8378508252438666, -0.4175534609812085, -0.09276411011999158, 0.007242040497745241, 0.1794380241685319, 0.1419137368139513, 0.03948442331379582, -0.10362135552801599, -0.2703877000107361, 0.016547414565131893, -0.5111761776165262, -0.26996788155675616, 0.1048800087882279, 0.23600546257859004, 0.1724769251562052, -0.39007850056087906, -0.038810226243616505, 0.27902111083004344, -0.04827400716437352, -0.04147309497416381, -0.27886592230218565, -0.3471805902575731, 0.3606975991516689, 0.22391694774222184, 0.509861987711357, -0.4311009484112595, -0.030767536288915272, 0.11692715830999555, 0.24748541148891498, 0.13252334252360537, 0.09000686335984678, -0.23993833330254627, -0.015301607419752698, 0.21652104227811797, 0.3110074405340233, -0.049979334965292756, -0.08727837051544987, 0.1438539486895349, 0.23492337355773862, 0.033792532960306404, -0.1082996324484456, -0.15639958694988046, 0.1241965333381283, 0.1174871150373125, -0.05889795129072883, -0.1419980818938654, -0.30454075354715293, 0.24512374362767364, 0.4345665808926007, 0.248990646894174, -0.07393422904138267, -0.21990000473756927, 0.4071943156631905, 0.24326482701757876, 0.369645733456647, -0.12239400275718325, -0.16887218261110273, 0.30048927357189065, 0.5167297928802758, -2.727311744685932, -0.24700122576055528, -0.22065208902174058, 0.5583469577836322, 0.27506220711125706, 0.20076500641327732], "config": {"experiment_name": "generalist_naa_e_set_2_r1", "comment": "Adaptive alpha off test", "enemies": [2, 4, 6, 7], "h_neurons": 10, "population_size": 100, "n_generations": 75, "parents": 50, "children_per_parent": 4, "mode": "generational", "cx_method": "cxBlend", "cx_kwargs": {"alpha": 0.25}, "do_adaptive_alpha": false, "alpha_base": 0.1, "div_bias": 1, "div_threshold": 2.1, "delayed_exp_gen": 25, "mut_probability": 0.05, "mut_method": "mutGaussian", "mut_kwargs": {"mu": 0, "sigma": 4, "indpb": 0.3}, "parent_sel_method": "selNonRepTournament", "parent_sel_kwargs": {"tournsize": 12}, "survivor_sel_method": "selNonRepTournament", "survivor_sel_kwargs": {"tournsize": 12}, "do_fitshare": false, "dist_func": "hamming", "fitshare_radius": 100, "fitshare_strength": 1}}
