{"mean": 91.17981234143055, "max": 91.17981234143059, "std": 4.263256414560601e-14, "best": [0.11725057891516105, 0.10431560813338786, 0.0038091375936540666, 0.5907455386818646, -0.08376565093390384, 0.09183819564205709, 0.045561430568568706, 0.2535483738089063, 0.11343889341908289, 0.26983845442291854, 0.09057749380722381, -0.030950331526579857, -0.0003007707911685811, -0.1945971542673134, 0.001413082132035966, -0.6085708698298807, 0.3864559079656948, 0.0019960195388185474, 0.03925328427792466, 0.26481675523316484, 0.2588459674286654, -0.05089446462144444, -0.1842317673659488, 0.20265645120342468, 0.4398223229674349, 0.04720190607398116, -0.626568926765544, -0.28894669769655534, -0.13580701772945863, 0.06234101174658951, -0.5466989450458257, 0.030478705595027075, -0.4063427794652992, -0.10511709091600496, -0.20031935360408087, -0.3250160433771005, 0.14536419612309776, 0.492981285513134, 0.10462177932886216, 0.03782673272512538, -0.19323711005320388, -0.08718063008893004, -0.00983486955361094, -0.08384790121060491, 0.2842265479591884, -0.387877530854806, 0.20752231029206897, -0.20440711842249148, -0.5203427506902754, -0.43284330651392844, -0.41802102311525685, -0.2866596060476577, -0.16104390916117917, -0.3873199830480518, -0.14678234551681454, -0.3448335162032008, -0.30211721572893313, 0.27032675066021183, 0.2743821584739977, 0.3141885996368831, 0.09604424637714418, 0.49786570114547724, 0.31262433254041644, -0.035247787335161, 0.17894277961534838, -0.14294546077721568, -0.13775167041181527, 0.2015334370389613, 0.3408260768943595, 0.7811700752310737, -0.13224579809850806, -0.04028154239886423, -0.5561603884073548, -0.010214056373711623, 0.09306496989070728, 0.1376867873486229, -0.3630627790720595, 0.2775177539068679, -0.2878353018001564, -0.6013383511886359, 0.20378629873534893, -0.42085624506600716, 0.460683460076067, -0.05599320607847656, 0.4622293073244105, -0.18822854786646245, -0.6720628534252542, 0.08811510005234405, 0.07919577642460816, 0.1413978963934628, 0.09967477319794721, -0.0665271354005174, 0.02851620778871069, 0.04542918050263374, 0.00048399298049529795, 0.07766690715768733, -0.24804946375257697, 0.12050568379712948, -0.04663728658873617, 0.2939966019241239, 0.4830627423587034, 0.03415659640191966, 0.1664761947627162, 0.23908630838073697, 0.21209610283276364, 0.08731729018311284, 0.2088309109843552, -0.07928427550318476, -0.04195786844468924, 0.14381480737519103, 0.38521917173079157, 0.09057689219917502, -0.22981644156922898, -0.1269325007726006, -0.4334067583236268, 0.08086595881331447, 0.022837697034812022, -0.19950928809807436, -0.2721596454330031, -0.3692894564231508, -0.18328360878395938, 0.2524211819010371, -0.03953879411143755, 0.28240784364718863, 0.02683075815499532, 0.000973496226803763, 0.0165657634935856, -0.35383066193256263, 0.26751374855199317, -0.560431582802937, -0.5118529470290956, -0.8373368173398785, -0.25402934128635124, -0.07783136206559833, 0.012269143537371466, -0.26548627723768514, -0.12910647521289587, -0.18130300889622847, -0.3913329390281834, 0.10275184021332692, 0.0932002443767287, -0.25839037202670967, 0.014684635407270795, -0.19816894460203555, 0.02621437170798622, 0.06804859689350579, 0.6209128622155726, 0.18687519726822535, 0.21570363572585946, -0.33164801594730264, 0.06145489790115262, 0.2661097826578721, -0.1547818156542175, 0.06133523007081448, 0.4664137562108181, 0.5411640253033525, -0.17746419004738184, -0.5940343397179308, -0.21342378255797012, -0.17809311864103894, 0.6656819748436484, 0.2135447521178751, 0.1293089742413718, 0.24489940160475424, 0.34451101518660393, 0.39412014513529037, 0.3327148130619475, -0.05681326069653486, 0.11797914130739551, 0.07409095217710589, 0.1653425033798287, -0.024894415104837513, 0.3043531625319733, -0.06129797434319032, 0.2268158650512606, -0.09073908863316653, 0.09063243101113944, 0.3401540364175789, -0.19877770945837026, 0.9034565778909618, -0.7834835298073892, -0.11101054177897168, -0.05394342312368914, 0.461483446500429, 0.539895559725503, 0.21100983227133524, -0.007386039469758913, 0.09872204285298722, -0.012345642147852772, 0.1894566395146592, 0.26592445330986886, -0.21266574834751353, 0.06750690149281756, 0.14448639367922902, 0.2327070608566382, 0.17832679756136377, 0.03762779439489815, 0.494362153848093, -0.02025097001560293, 0.2460891063956911, -0.22443066565500588, 0.029200429842568813, 0.008154176198735602, 0.40050119847362786, 0.07104417638318399, 0.3539465438903509, -0.17587006802337032, 0.22428100933685255, -0.21842823531391328, 0.34031950679800893, -0.530476677595321, -0.6975251694854371, 0.8698135394351532, 0.9995324513710144, 0.6127716255052799, -0.3116147509402987, 0.1933469737705333, -0.2189000200225174, 0.29936973741976075, -0.08337176888672473, -0.31677395781366746, -0.4540273715193841, 0.39129712609446754, 0.6473142179122948, 0.20745010442368617, 0.3865076336081297, -0.6581806117306597, 0.09523535663242967, 0.47183440400960175, 0.20943913268005712, -0.4300884584401018, -0.3771453379643189, 0.24239596826815168, -0.07667576695487757, 0.05431762705829767, -0.27239217007599553, -0.21645792030646385, 0.5224531257107624, 0.8781587988841862, 0.11745390206632472, -0.15619586311465022, -0.3443285737555649, 0.23040237407695977, 0.009218043008191706, 0.1384386410879092, -0.2773234751509091, -0.5444970959269151, 0.010800749816621654, 0.16136912853038363, -0.32860941536276944, -0.22796680622158855, -0.3307146018021, 0.31262013464912203, -0.01995309179398, 0.2146462503696125, -0.16730214851817943, -0.12272591493061612, -0.2362281344593631, -0.09137751603570712, 0.19831112388471545, -0.1393467307898859, -0.27964099819085086, 0.27731284908090653, 0.20616332609882235, 0.811933484243657], "config": {"experiment_name": "generalist_aa_e_set_1_r2", "comment": "Adaptive alpha off test", "enemies": [2, 5], "h_neurons": 10, "population_size": 100, "n_generations": 75, "parents": 50, "children_per_parent": 4, "mode": "generational", "cx_method": "cxBlend", "cx_kwargs": {"alpha": 0.1}, "do_adaptive_alpha": true, "alpha_base": 0.1, "div_bias": 0.9, "div_threshold": 2.3, "delayed_exp_gen": 25, "mut_probability": 0.05, "mut_method": "mutGaussian", "mut_kwargs": {"mu": 0, "sigma": 4, "indpb": 0.3}, "parent_sel_method": "selNonRepTournament", "parent_sel_kwargs": {"tournsize": 12}, "survivor_sel_method": "selNonRepTournament", "survivor_sel_kwargs": {"tournsize": 12}, "do_fitshare": false, "dist_func": "hamming", "fitshare_radius": 100, "fitshare_strength": 1}}
