{"mean": 91.17981234143055, "max": 91.17981234143059, "std": 4.263256414560601e-14, "best": [0.2305459359957701, -0.08538096456859341, 0.3449070480040917, -0.9355665066080825, -0.04886826913611067, -0.3966541643979885, 0.25936056166707144, 0.2335472594046668, 0.034881187495859486, -0.7966244404107086, 0.6787076964942568, 0.026082864481632377, -0.28485641892268015, 0.14905411503518326, -0.002831707216418659, 0.317395897977086, 0.034611883705027074, 0.18722084340369144, -0.24700600107550522, -1.4889350419065508, -0.44082815755747984, 0.05027243479460686, 0.4534525983770622, -0.20268915552983321, -0.08738944691133463, 0.06861106583706186, -0.483052218475826, -0.26365433277828665, 0.08555743211693939, -0.8268353595610249, 0.18555083575103293, -0.10887123255745627, -0.012043985791077547, 0.2781627886349019, -0.9380724637648294, 0.12327078966058148, 0.3050018096206371, 0.31535920100455006, 0.07462469715603487, -0.21284773181581187, 0.31125520894985637, 0.23513250204911934, 0.17421525586750003, 0.5338151329522375, -0.17017032259885928, -0.08167071020690972, 0.16941756245485684, -0.29602425211335065, 0.2678747696296212, -0.06525582876396685, -0.624642045186133, 0.24917884631472487, 0.20648204084282817, -0.3275173311435555, -0.14481102407832125, -0.125197513893479, -0.18197370579151476, -0.1339449172759175, 0.6745949315053585, -0.12169255534345501, -0.014816713775524433, -0.02637254183881923, -0.011363306590275691, -0.23915516745448862, -0.24482499910054012, 1.31750565405827, -0.26339769527977236, 0.4336005812280893, -0.0004022138275226616, -0.2524654060879433, -0.41811372518626905, 0.16478235655164422, -1.5616952345838138, -0.4505483208474135, -0.3179290721701836, -0.1269642740602082, 0.06207358922297791, 0.07397277498373542, -0.32298881046714756, 0.18949696923429174, 0.26232649232576155, -0.19861809190723947, -0.1595759608123541, -0.13599154503461933, 0.04585441414633852, 0.11887981229794087, 0.06594449245552589, 0.8798364584211928, -0.3734248219111953, -0.08284261318896553, -0.08964009010777037, 0.07037663223217966, -0.2210390670866672, 0.4520300111566029, -0.11706180666982023, -0.04131050501801889, -0.2407022216409468, -0.175535698464871, 0.027784920601636617, -0.3419700217249119, -0.6636463869617588, 0.3555852509353847, -0.07455768538045073, 0.15851768701197688, -0.3171110411730813, -0.12249324706035157, 0.26004921463635555, 0.3647988270303714, -0.04417958535046516, -0.03635823928617776, -0.04788253400168945, 0.4400110374408945, 0.07943753404882811, -0.1896595929908913, 0.31767448209261834, -0.27076788599141616, 0.05281871310629211, -0.10693627061130404, -0.12137025336777345, -0.2559500600621654, -0.1692417314360375, 0.06522608871730727, 0.4174122200798457, -0.0749560863025075, -0.17452845779759285, 0.1589617639019823, -0.04391697193419242, 0.08793860294085644, -0.06572341909280424, 0.41813723839467, 0.15253152455726524, -0.1296026956236611, 0.7522199500025405, 0.026394574655724146, -0.2946285013163234, -0.5558302611811512, -0.5447160856862592, -0.16643547702435763, -0.34924869568992356, 0.07559040128711078, -0.07846900075232568, -0.14932222067856432, -1.8932132728340418, -0.3158587277651904, -0.49854187528359767, 0.009997288418360364, 0.03531128097409553, -0.2738807800595337, -0.09701892951558944, -0.04384902778291294, 0.04915435846152493, -0.010362641497497037, -0.0024083043519178508, 0.05739983063774783, 0.03970309892332813, -0.005149707877362989, 0.23140035415803406, -0.07151474333262431, 0.39217144575106533, -0.20030390843217977, -0.16588299652559454, -0.5119168151965328, -0.8324398168294225, 0.051320866358623554, -0.30273276964212537, -0.08454618980027966, -0.05372461410904153, 0.16181846419203355, 0.2715812294933032, -0.2771739949894735, -0.031947823244050426, 0.049105279316381784, -0.1668811055622045, 0.1285052500677432, -0.07354719285177691, -0.13978453882436317, -0.036659541617311234, -0.40142354119857865, 0.19230536381044205, 0.14842657256523212, 0.07867997276421676, 0.42176091704248186, -0.1532768623308031, 0.2230799643885817, -0.2581521308613997, 0.3686666331505509, -0.15204509365975427, 0.36580611089843657, -0.3161016679849538, -0.34092840534830793, -0.07708562317674042, 0.21379626997609583, 0.20736080469665333, 0.45991417661321643, -0.10202749010614436, -0.11991934919718934, 0.08622438688648397, 0.3354580532307919, 0.09928774153722239, 0.14186450905031156, 0.07911779037259373, -1.081667390159034, 0.2250552216047528, -0.16081268182153577, -0.06610512899391047, 0.04879884953460821, -0.3566170848844771, 0.06684552026467061, -0.10101550501405293, 0.29663706777045357, -0.39663319304860745, -0.8147668706748091, 0.2741083268934796, 1.0533635321416475, 0.07850714180280502, -0.8193420494159687, -0.10279230548447797, 0.19113710822057692, -0.17854316443486937, 0.15843401655283745, -0.740826575780876, -0.30328694800323236, 0.17989528260833665, 1.0252006805100569, 0.6159875670023779, -0.2517384973151942, 0.03787763911501369, 0.22985196603757846, 0.017818219748020274, -0.5338776242778432, -0.03429000099200619, -0.4000641062634196, 0.23403252740952857, 0.07257193223823037, 0.7057677637079862, 0.005349638793732853, 0.30448033342998826, 0.32268032222992304, 0.06788161424544639, -0.07868811935123995, -0.25265317216147715, -0.2771345372423344, 0.15498784941615892, 0.4097248148644715, 0.22684916543506212, -0.11684150454033046, -0.35083991629962064, -0.019345569075782332, 0.8560379058987174, 0.30783776436684057, -0.006944422024674628, -1.0829886239647497, 0.02169007531142908, 0.23721023851276452, -0.17275292115869698, -0.008810677751317834, -0.41739414875002273, 0.37104730214750026, 0.03449661664056024, 2.357136526228655, -0.3085718123542045, 0.004106679899750793, 0.06015050488304281, 0.20367447778363004, -0.06642422354295009], "config": {"experiment_name": "generalist_aa_e_set_1_r2", "comment": "Adaptive alpha off test", "enemies": [2, 5], "h_neurons": 10, "population_size": 100, "n_generations": 75, "parents": 50, "children_per_parent": 4, "mode": "generational", "cx_method": "cxBlend", "cx_kwargs": {"alpha": 0.1}, "do_adaptive_alpha": true, "alpha_base": 0.1, "div_bias": 0.9, "div_threshold": 2.3, "delayed_exp_gen": 25, "mut_probability": 0.05, "mut_method": "mutGaussian", "mut_kwargs": {"mu": 0, "sigma": 4, "indpb": 0.3}, "parent_sel_method": "selNonRepTournament", "parent_sel_kwargs": {"tournsize": 12}, "survivor_sel_method": "selNonRepTournament", "survivor_sel_kwargs": {"tournsize": 12}, "do_fitshare": false, "dist_func": "hamming", "fitshare_radius": 100, "fitshare_strength": 1}}
