{"mean": 91.18301898240802, "max": 91.50047643917702, "std": 0.03190567487888274, "best": [0.04176961166798207, 0.23786933002676064, -0.21731023844615688, 0.38476567129989553, -1.9903828374685462, -0.4772857072616836, -0.5734315017065009, -0.07894836321115974, -0.09834882181391737, -0.03323642594017162, -0.12328731927434493, 0.0880404426364815, 0.6678445244443297, 0.46953385418426075, 0.4379524643606999, 1.1151305464301167, 0.17550328847029373, 0.33205499981260167, -0.05985966691344849, 1.3650424324029569, -0.4121902033487208, -0.2935295206910169, 0.05095489980791119, -0.9551948424289611, 0.7092868824811751, -0.36646797857319036, 0.16581857827766278, -0.6059493272595954, 0.020360434473951958, -0.31877735129211027, 0.17119255359147215, 0.38118846310587906, -0.7282545681858754, -0.7548169689734427, -1.2548462523435864, -1.3830015600570227, -0.0997812626007703, 0.03377962381064655, 1.8453472168180993, 1.460582751506055, 0.7747178871169889, 0.008062741698824233, 0.2614204630028987, -0.20762488949208507, -0.1139894505521579, 0.4521336720103922, 0.41724617714722634, -0.046394560556611925, -0.7812942225909103, 0.4061244557056613, -0.5914466062231768, -1.942681743497964, 0.0703745316665034, 0.4035265220029493, -2.5797738071646084, 1.7383510079318154, 0.1759699394800032, 0.47467202189519103, 0.15118570269409556, -5.674891902839107, -0.7496016984966742, -2.8858937857399187, -0.30987226685980207, 0.35065389436359223, 0.06828278189627798, 0.11187799013629157, 0.016327503201011676, 0.09301659857627474, 1.069225382004019, 0.22441822091819555, -0.17425977791148167, -2.023520059793394, 0.027857035892135184, 0.08913236453917342, -1.2248146485936642, -0.11623401429461573, -5.9509382214140665, -0.4101682696346159, -0.05948069044257969, 0.3331636277845247, -0.030776774442847987, -3.0328458405660523, -0.02767257624766684, -0.29801536406634815, 0.4107211364384997, -1.7716031366465201, 0.14408054307089335, -4.492625540674813, -0.16349420887484806, -0.07459351798128261, 0.14169363319221986, 0.2857315398158826, 0.569196385249208, 0.41127901534662636, -0.8619137176166076, 0.1029442700261699, 0.05942574804910648, 0.44188286514510466, 0.2354001883678516, -0.23954710764279652, 0.8511657926235333, 0.6285176794589223, -0.12610210891615875, -0.13146049843550733, 0.43735953720148135, -0.1842875835650564, 0.029738666179332976, -0.28524333320845696, -0.11116592103759577, 0.12342956969474161, -0.18223114972594867, -0.0868923537634416, 2.119090129833362, 0.07309085659361801, 0.09095708225003928, 0.2732754353587244, 0.12455558220164938, 0.447037927077304, 2.5165848037416714, -0.06629592466250481, -0.4408125320734658, 0.31847303382061143, 0.14740723493128705, -0.13488153850343926, -1.352778866110843, 0.9481281949090836, 0.1871852962802853, 0.2245313416177912, -5.471395755110054, 1.3723556404495836, -0.22391382965385656, 0.8903156794732887, 1.6290598414447446, 0.26515536471699325, -0.6327258612697432, -0.16725353220534817, -0.08695888043019609, 0.16615747223787455, -0.5790524033647608, -0.2562698729585589, -0.5288658529027233, 0.5945568026810628, -0.43161969703567116, -0.12436029343680378, -2.9436938940092174, 0.6604891302924877, -5.095998414354833, 0.05719861818529302, -0.3431821785727618, 0.9804537852153096, -0.0659157875698875, 1.417458092763159, 0.3539967166000665, -0.14152542270440324, 0.08055140593052494, -3.960088085094625, 0.17936878779453336, -0.9284735583425165, 1.3060132201511023, 0.14785316441590848, 0.960181507552086, 1.0592756195896535, -0.48906283737710676, -0.3505753268778476, -0.16256862931630986, 1.4753609063132662, -4.274169169380269, -0.37531025501564297, -0.1983240443721018, 2.0751295087281565, -0.25488449349735776, 0.4447567467557194, 0.0004994185154465411, -0.014766925845807381, 0.43808544168856545, 0.17223813989056894, -0.03700332959292922, -0.4426385581481778, 0.1078723567588972, -0.051222299660721636, -0.26491112314740844, -0.15624775511978892, -0.3181435288393344, 0.39041319989402123, 0.32188606531203445, 0.9644455943784025, 0.22630183059383432, 0.19833814053696056, 0.8676373248023211, 0.20328755386069974, 3.5412781469832786, 0.3050825714716909, -1.3986211034940377, -0.7084057695280175, -0.22300583233766974, -0.945566960293498, 0.04201448343782311, 0.7603356190536198, -0.05809942912272018, -0.021239833567160124, 1.11175547193204, -1.005613691982358, -0.25286224603424884, -0.0026594893601797533, -0.0440276664358661, -3.6645773360202214, -0.5798909813905593, 0.24786217917369796, 0.33120904079180086, -0.15364732686092175, -0.8268646997092046, -0.9350712121314312, 0.20337119830858755, 1.0108809079141339, 0.750788978809126, -0.47730185952246085, -0.12404269111288806, 0.5046324606564956, 0.3640879660471474, 0.22801873838659648, -0.7569249350944408, -0.19588868385265212, 0.5171872483494994, 1.2677345100490873, -3.0476133649896906, -1.1000076604427507, -5.520085312130711, 2.0184040067153797, 0.08286854934132092, 0.9031797281610394, 0.19960783751906297, -0.15753602787923415, 0.36006978959423097, 0.5409051313938358, 0.7368677945305386, -0.6453399693735156, 6.4350189425828175, 0.702287741146309, 0.2572448816242001, 1.3088572347605463, 2.7010789603339522, -0.04720675013232612, -0.06882059802988746, 1.1916785995302042, 0.7002697401879633, -0.24779193624095822, 2.5706963035768826, 0.6910055331999657, 0.34126465505559406, -0.03236248963222549, -0.6904077333291377, 0.25087329642751605, 0.1301986973097656, 0.8286602131385681, 3.266937762512111, -0.4216577637868393, -0.23105224426025586, 0.12124173938791155, 0.13508131107758847, 0.36538741006411574, -1.56354144503132, 1.4698285845245933, 0.20814095472740313, 0.46669666912989194, -0.03997569803721879], "config": {"experiment_name": "generalist_naa_e_set_1_r0", "comment": "Adaptive alpha off test", "enemies": [2, 5], "h_neurons": 10, "population_size": 100, "n_generations": 75, "parents": 50, "children_per_parent": 4, "mode": "generational", "cx_method": "cxBlend", "cx_kwargs": {"alpha": 0.25}, "do_adaptive_alpha": false, "alpha_base": 0.1, "div_bias": 1, "div_threshold": 2.1, "delayed_exp_gen": 25, "mut_probability": 0.05, "mut_method": "mutGaussian", "mut_kwargs": {"mu": 0, "sigma": 4, "indpb": 0.3}, "parent_sel_method": "selNonRepTournament", "parent_sel_kwargs": {"tournsize": 12}, "survivor_sel_method": "selNonRepTournament", "survivor_sel_kwargs": {"tournsize": 12}, "do_fitshare": false, "dist_func": "hamming", "fitshare_radius": 100, "fitshare_strength": 1}}
