{"mean": 91.17981234143055, "max": 91.17981234143059, "std": 4.263256414560601e-14, "best": [0.050615998581898455, -0.16061972532004476, 0.21048050515216196, 0.1838617988597465, 0.3972672262241406, 0.13972500523028547, 0.14640304406253185, 0.04993251657197945, -0.3124422480555611, 0.4582101074721334, 0.33064193201617914, 0.025970184207785307, 0.012897337811463645, 0.6896243905654622, 0.01088259398075995, -0.23008294134442925, -0.2947615904816337, 0.3748948958821222, -0.024464817134499488, 0.1612268951648025, 0.010393936132351695, 0.3603410448075651, 0.06948199970582192, 0.001127964364010756, 0.559307804924192, 0.34183273651918433, -0.0231053383192528, 0.33980041070551514, -0.006289741391338553, 0.07318816980778933, -0.01838914768380756, 0.00955520339552221, -0.011293865948034247, -0.2939886662515021, -0.347378428787534, -0.20439678634200706, 0.35183497999107816, 0.238896302623773, 0.1495203306857624, 0.3319109770184886, -0.26430126731542575, 0.3593459553785277, -0.02652814946139782, -0.2767591010022502, 0.28870553174726066, 0.11668410204260704, 0.21331224964216217, 0.8863422293251118, -0.21305994821396204, 0.009079687546372164, -0.10986198840305904, 0.11011298538632985, -0.2610741382694294, 0.1526950479904109, 0.2934958191015688, 0.29786178385512785, -0.0169657658142389, -0.1812434260534516, -0.3257554811012112, 0.04744349869871017, 0.05886527198945615, 0.1784066019184107, -0.6771256485207358, -0.15686651176623084, -0.33657777725518784, -0.24712133951310697, 0.6243594493287464, 0.18588254371510196, -1.312631563875435, 0.07473355007872125, -0.08306453602056235, 0.18793823179148345, 0.16101214305033326, 0.09760533514190009, 0.17667926917870863, -0.5421598813089984, 0.12091262965469644, 0.4963579280332976, -0.336425159829687, 0.14673958547421118, 0.7160038165673146, 0.014703204785335662, 0.23511945317937233, -0.14238087405222494, -1.8509631443888408, -0.1870525933990832, -0.4346082844910918, -0.1051198894194419, 0.19628946357806001, -0.11479361498908057, 0.11732866454117989, -0.0028554777889892758, -0.06192923354833312, -0.031058904499582023, 0.008480156196152909, -0.2894086311763538, 0.019334579450558213, 0.15746212949231758, 0.32469027984312016, 0.47114798174820366, -0.3453402578785795, -0.1465952016414154, 0.0470446754161137, 0.1402514410645482, -0.13045992157853187, -0.8381976977887611, -0.4706036299880492, 0.1036189426674608, 1.1270554450830865, 0.13744272075348873, 0.1683904299284031, 0.8063580390860468, 0.42860842242949654, 0.19352424371011687, 0.14886466962859407, 0.80395365057437, 0.07302402996815198, -0.17341885360554735, 0.46874762746512055, -0.06726877043792781, 0.03965086105864639, 0.09225222458924491, -0.13347621944872234, 0.19406804204017855, -0.020082318746645372, -0.04454249361755137, -0.1899009966246094, 0.008406317312943078, 0.1865832300567225, -0.15659425935145643, 2.862069646533131, 0.15833374529545147, -0.03752322684323899, 0.03109787606867362, 0.034938010709688175, 0.5690052639009404, -0.08749636295601257, 0.14230222601411058, 0.13578112370017795, 0.11203709762796026, -0.07757081838538946, 0.19480023982795758, -0.015234022640425915, 0.007985259987887443, 0.04679186359094188, -0.9067492736785386, -0.14969435614949825, -0.2552018003296878, 0.25216142119694485, 0.40332297872278455, 0.0005239407746487068, -0.0772675226203144, 0.15718141643588557, -0.11327215531542607, 0.1766276892451142, -0.009105939743486918, -0.4414637371077513, 0.2818280614007837, -0.034556365809904795, -0.10514188875364078, -0.36813458784469993, 0.11284581803020441, 0.28456491039945053, 0.07885212420659755, 0.06447301199020108, 0.08890076015116707, 0.07247631529215769, -0.0056560566703651, 0.1143682110084171, -0.2300046679187531, -0.18317791758183716, 0.11449261746280714, -0.27251832461531056, 0.016966513133091433, 0.3014731968757447, -0.3959076381987996, 0.2901911358375959, 0.0228521077374926, 0.23306109650551413, 0.4015768779258031, 0.15245379647371132, 1.2952749290525916, 0.07245601008905954, -0.7487657753002792, 0.30915952244763256, 0.17351014570912165, -0.17369864220837294, -0.026624144629325136, 0.08050707053861346, 0.14335729328539537, 0.5271949479232604, 0.3133592916163547, -0.20524503483676415, 0.06731019106877409, -0.17615748437751577, -0.34003412791114973, -0.4272099900851603, -0.1552190575714539, -0.20046940115258827, -0.20306953286448767, -0.3708699440722825, 0.4452656718861536, -0.07381378759148934, -0.42250107536996473, 0.1861992703107052, -0.27863605175660033, 0.42659802567418514, 0.04543491502855668, 0.24954314413100448, 0.1812218596168397, -0.4699089590620094, -0.325828760378699, 0.41814107283626656, 0.3583766747622901, 0.288038182861116, -0.2168692660492725, -0.6866148641881179, 0.3506144028750443, 0.2759584872377614, 0.11975284005847257, -1.4155745359596512, -0.5124729482099499, 0.2656948152739534, -0.07681959065161838, -0.027271350434086215, -0.09370097894519362, -0.4497636146735513, 0.17858900256200017, 0.5347922339239108, 0.011753786038034265, -0.17501497238791394, -0.08278509476139606, 0.07398040726151146, 0.24829803776837717, 0.3482304975310793, -0.06297412945929963, -0.24581516913879942, 0.306214097340174, 1.7961933581533698, 0.44032594943346504, -0.16616321303274711, -0.346450200050677, -0.0498096245946795, 0.3120679816863518, -0.046654995228374935, 0.3733779690338678, -0.8631895156056663, 0.5454399351795897, -0.029505988855337367, 0.0065654900374743416, -0.7342917322130613, -0.10979459837583257, 0.11153178543182572, -0.04862138586206033, -0.14799302254238522, 0.09378169095540789, -0.20012606067220037, 0.03919701415861043, -0.06299564296722165, 0.23872616435187485, 0.12137047330433674, -0.135526739035681, 0.7624789654314988, 0.14405579837204574, 0.06888862349870332], "config": {"experiment_name": "generalist_naa_e_set_1_r0", "comment": "Adaptive alpha off test", "enemies": [2, 5], "h_neurons": 10, "population_size": 100, "n_generations": 75, "parents": 50, "children_per_parent": 4, "mode": "generational", "cx_method": "cxBlend", "cx_kwargs": {"alpha": 0.25}, "do_adaptive_alpha": false, "alpha_base": 0.1, "div_bias": 1, "div_threshold": 2.1, "delayed_exp_gen": 25, "mut_probability": 0.05, "mut_method": "mutGaussian", "mut_kwargs": {"mu": 0, "sigma": 4, "indpb": 0.3}, "parent_sel_method": "selNonRepTournament", "parent_sel_kwargs": {"tournsize": 12}, "survivor_sel_method": "selNonRepTournament", "survivor_sel_kwargs": {"tournsize": 12}, "do_fitshare": false, "dist_func": "hamming", "fitshare_radius": 100, "fitshare_strength": 1}}
