{"mean": 92.9752992261242, "max": 92.97529922612422, "std": 1.4210854715202004e-14, "best": [-0.13432625185883318, -0.5021056650951882, 0.1293475596864383, 0.013879625403778802, -0.19618768456829203, -0.2070246448076095, -0.3462066389770325, 0.9099465359393771, -0.18688419514155902, -0.23613656300073893, -0.07628024688116954, -0.017228241654289482, 0.15183633627813722, 0.18621168554851475, -0.00823905862033424, -0.40027283435900596, 0.3801079554588239, 0.012506680298461068, 0.09227821933800143, 0.025206803405035647, 0.012977876715635543, 0.08909006968172527, -0.0067059818764556405, -0.33571737128899715, -0.19215773157037644, -0.00960548603925002, -0.007626729151389738, -0.06772608083152332, 0.14931887698759883, 0.32959169036079305, 0.2551537357768696, 0.2031034037693249, 0.3044352134727368, -0.03979307108770973, -0.28790142159428195, -0.2058014213966149, -0.07725157486026206, -0.42231785827691437, -0.39385890236739024, -0.11378541585857227, 0.12562180187494715, -1.1114126945860832, -0.012655247234911265, -0.38568769246498946, -0.17901119149461092, 0.010744229159100765, 0.06909637071502353, -0.09030297088037688, -0.00836050632681317, 0.07092562395564314, -0.29224966231261695, 0.15264451073871613, -0.15259167075275512, -0.25076266816298, -0.03939004240421982, -0.22493682289115288, -0.10706272427152776, 0.1069515901717392, -0.11784979075425245, -0.04021263884858653, -0.03771402957596317, -0.2970134345470222, -0.39603653185640275, -0.18478053205939488, -0.1923622562701058, 0.24500651248242244, -0.16411287143642714, -0.0065094985838266214, 0.30848070173219394, 0.16262156711290457, 0.030480622683073014, -0.1898292827243221, 0.101028056846122, -0.03134595794410421, -0.1508394855669085, -0.30467328361135776, 0.03740805920780146, -0.3668891871852255, 0.029015245095003014, -3.567775856800781, -0.19602683840240412, 0.7719833456384794, 0.31881452224974444, 0.19505297080301248, 0.04010532518305995, 0.21653297488170445, -0.01968984940604884, 0.22410974216838878, 0.0777460401086942, -0.23738949894424577, 0.06733981645482424, 0.23938463948809297, 0.028402882192898934, -0.1711008171286198, 0.2023090366710652, -0.5249857805927449, -0.24586390749177264, -0.13923212042615582, 0.26672687087168623, -0.3995244203996652, -0.12493523456591431, 0.40622468659025246, -0.1524110167386519, 0.3264545300468707, 0.31193361401727426, 0.034953468147080266, 0.23365736851954425, 0.12227117642852335, -0.015746189293980938, -0.5352151219910875, -0.23440050631790593, 0.19017397645173906, 0.19487942408482645, -0.1514098560448261, -0.2129364655340429, 0.5050114213633914, 0.08319713640574437, 0.11513001643728937, 0.41907919812166017, 0.18688964749627945, 0.45791122655226096, -0.1433710796046242, -0.1820860698547763, 0.07021125597767323, -0.23838991891790512, 0.33145047959520885, 0.03634050820440622, 0.35876623036730293, -0.24676092400548816, 0.0481564005755559, -0.15853385149879798, -0.13994435699976987, 0.036190603837225464, 0.0019171194357093667, -0.2882927125819961, 0.10949516551777858, -0.27739167175431667, -0.03646535954525444, -0.07938486705014068, 0.8591689516709451, 0.598162054975523, -1.036570156718434, -0.2994375069494176, -0.319739035661925, -0.10958690329867314, -0.05463243529591183, 0.2873688559568526, -0.03174066077893627, -0.609286326052445, 0.09316295743313516, -0.007754478231352089, -0.25626203881343834, -0.006561752593687747, -0.3113292242692108, 0.31251717471144125, -0.41828126955653416, 0.24347255900573167, 0.19159588603455274, 0.10092103809887887, -0.2918368985719553, 0.0040809145403498635, 0.00903437579481521, 0.29945124512024685, -0.07557803979845515, 0.09291622801581417, 0.210382321459907, 0.2969233069149258, 0.17279482303317048, -0.143641177752254, 0.03246961741162983, 0.08094377918209344, -0.4185621102147749, 0.14451544629773597, -0.05015266969339893, -0.23722162790544143, 0.15028992569486516, 0.003407718791947647, 0.22592043811629592, 0.09371257726064011, -0.025810708847937573, -0.14731968630020043, -0.2535544245400115, -0.48075650376452905, 0.29038347538076464, -0.17347263367073376, -0.12691738963100396, 0.5310063014280741, 0.060246171942339846, -0.017375020066599228, 0.12633461951486769, -0.11077768795699362, -0.03790497685732691, 0.06854733925397649, 0.03321095701781168, 0.23896469390498598, 0.27152176111516735, 0.36743775049613014, -0.2539738859344018, 0.12699340194779538, 0.166028922658081, 0.016248183131721272, -0.015149499865853311, 0.2297133786844072, 0.2609819343996311, -0.24867003835675078, -0.040377739218580115, 0.35393459457228166, -0.02731583807591057, 0.20009841756666852, -0.23077091028074673, -0.4805967542716424, -0.6503149940073923, 0.20687483836083378, -0.04256558174534358, 0.47864843034579685, -0.1882914365203796, -0.19962300174969647, 0.6227445795396112, 0.45924614729122404, -0.04832089156616226, 0.14501319554091516, 0.3450491587546031, 0.026186519331562817, 0.47263127511415487, -0.04550718027207154, -0.5556484875326105, -0.22876626721177593, -0.09774199847935819, 0.08531339726002152, 0.1847305267855903, -0.30972377476469776, -0.29160225335820145, 0.29213885727459543, 0.4257615983685671, -0.008672666820863574, -0.33605778939181885, -0.21484406717179894, 0.41484455484562766, 0.04752541511634695, 0.2760176971160215, -0.38696829509255626, -0.24037092817939443, 0.31376231813908195, 0.20046093617329672, -0.056835006805908216, -0.28869505948605395, -0.7562684997473672, -0.17280565706976658, 0.40846027986583006, 0.013937983320085678, -0.3044735957166604, -0.361855506474332, 1.8433785667524292, 0.24370796706757553, 0.27402221081736866, -0.16618490759362753, 0.22420683998815005, 0.20830342651799236, 0.230419397225835, 0.25704079324380075, -0.037687047647747815, -0.4938030440256642, 0.15935386781686606, 0.137425377798217, -4.5804120683860035], "config": {"experiment_name": "generalist_aa_e_set_1_r3", "comment": "Adaptive alpha off test", "enemies": [2, 5], "h_neurons": 10, "population_size": 100, "n_generations": 75, "parents": 50, "children_per_parent": 4, "mode": "generational", "cx_method": "cxBlend", "cx_kwargs": {"alpha": 0.1}, "do_adaptive_alpha": true, "alpha_base": 0.1, "div_bias": 0.9, "div_threshold": 2.3, "delayed_exp_gen": 25, "mut_probability": 0.05, "mut_method": "mutGaussian", "mut_kwargs": {"mu": 0, "sigma": 4, "indpb": 0.3}, "parent_sel_method": "selNonRepTournament", "parent_sel_kwargs": {"tournsize": 12}, "survivor_sel_method": "selNonRepTournament", "survivor_sel_kwargs": {"tournsize": 12}, "do_fitshare": false, "dist_func": "hamming", "fitshare_radius": 100, "fitshare_strength": 1}}
