{"mean": 91.60047643917699, "max": 91.60047643917702, "std": 2.842170943040401e-14, "best": [-0.03739903342992528, 0.13051258046220404, -0.22871191074302066, 0.009712094397744273, 0.19939369523234607, 0.2257983072985737, 0.11585211377813907, -0.43804728834938744, -0.16340336492207105, -0.10554176314579676, -0.07305539677748124, 0.03525185929545872, 0.3665365819426538, 0.19464352245183913, -0.6106248234986085, -0.08251374526623474, -0.08884227875393118, -0.3092641265457643, 0.07057942234973866, -0.19657048406503366, 0.03492496428522273, -0.14541583099640423, -0.2860610516743864, -0.6945804929481494, -0.0462328987947321, 0.2628557209903082, -0.13014391885777882, -0.2915602808957588, -0.16242882945192103, 0.005860482175693518, 0.4819948644096383, -0.6901525545481331, 0.03297588993328957, -0.031351621262024204, 0.29781923357485185, 0.6152500189281498, 0.31480860183716, -1.063628087670404, 0.10568618330798099, 0.057491877320693205, -0.18925247340751541, -0.4515718041362246, 0.10758309089699968, 0.1486269553847265, 0.20836711779054667, -0.36302145024859184, -0.14142715727018945, 0.30220804333407897, -0.22696520946654766, 0.46926318812504086, 0.7969799819287914, -0.1371916639715915, -0.34771345242175533, 0.36938109797043117, -0.26064208871548633, -0.2695651423640224, 0.1898807955040518, -0.12373865612220067, -0.04807950005989212, -0.12726685461763076, -0.07835697258473948, -0.17225185574230845, -0.3494861578741452, -0.11804333589074947, -0.24756681501632927, 0.09286528581847678, 0.058602565619532754, 0.35585528356718427, -0.4551183822769203, 0.169127157417545, -0.01763780352494099, 0.09600572951997285, -0.33660307375623594, 0.25286699542493024, 0.03679513240344892, 0.3076053597365918, -0.09450181231378563, -0.34970014822120427, -0.12379899607492063, 0.12188345095946425, 0.03334111269557215, -0.0033720899450127386, -0.4788046571206743, -0.26732814813310934, -0.37175031116048807, -0.21979809951230184, 0.16108088615792515, 0.05913647883200637, -0.04297844448586566, -0.12301612475995734, 0.36954086914852496, 0.30530329828550923, 0.24750131083880145, 0.27505796640590835, -0.1010596119329883, -0.16736415841181168, 0.12429359324666274, 0.44935944391363636, -0.3582922987283453, -0.36629008839518273, 0.24910676153178973, 0.504582896827881, 0.33481204084638194, 0.43217057917808427, -0.26663461154618495, -0.021446409587389654, 0.2942358338398449, -0.0010883164271625334, 0.12941313498396162, 0.24710442672201416, -0.07800820265114564, -0.3219220564349544, 1.6094688039649585, 0.3162981027355294, -0.44413472493758244, -0.5373768433666205, 0.013057572766470318, -0.5555245987144786, 0.416736550879648, 0.27923677455695933, -0.25576431061281735, 0.23369105130920526, 0.1566549149432252, 0.49977736941492357, 0.17822648837242713, 0.5487485299406468, -0.10713318733160253, 0.10539820470996387, 0.03113204210710856, 0.12733679370071813, 0.20686699805148923, 0.24189780469444677, 0.15249441112876014, -0.3543967459267712, -0.1371948274909309, -0.05778406526286295, -0.21601493101724548, -0.326295092606936, 0.06681881040389936, 0.04603574231003865, -0.08645752232180116, 0.06540054925909242, -0.3198883384443808, -0.3886229187000916, -0.24615935342664846, 0.15510472625358057, -0.35255046463032924, 0.41233138244903056, -0.2830136106303484, 0.03848150150592431, 0.0036047226082995773, -0.07931819992992438, -0.10599252327666417, 0.18287789119123443, -0.038189322312462984, -0.2541296206642558, -0.22314488030932783, -0.5377127685333916, 0.35004220631637134, -0.10671837569039536, -0.1329855164684406, -0.2872372347708928, 0.06034838262896004, -0.24220645514153688, 0.07536847972814367, -0.46108157544142286, -0.0071742673714632705, -0.12811170481959588, -0.098935431249885, -0.34288561047081717, -0.05169940658469815, -0.2555644689293882, 0.04032821366668862, 0.15813959563681118, 0.08652677427714915, -0.06305004396178229, -10.85651099526192, 0.5101365279596328, 0.07883894078581483, 0.37954244016997585, -0.039881716725679306, -0.0287590084246809, -0.11464073679057855, -0.1200181257014476, 1.1520343298650484, 0.0910818881437795, 0.09798329558297847, 0.12486967460367131, -0.2235514325945913, 0.2836355009214387, -0.23324062961007141, 0.10372584925577723, 0.024747688643232207, 0.29890050762467346, -0.06856832187716723, -0.2902990620738516, 0.11499391345607654, -0.31867650679869175, -0.027148017671289135, 0.25587931397457425, 0.5904161831412328, -0.1287980658507078, 0.25357100726771287, 0.15858334207257369, 0.0057320600251397555, 0.16072310391163874, 0.006693715612334101, -0.16364478623621526, -0.06783870442030453, -0.00533963616461099, -0.2925262484699005, -0.5124436520182987, -0.025865394960189546, 0.4833198407017527, 0.2876032917755909, -0.25193174064057505, -0.2681035954501936, 0.2139859233211633, 0.4614627502094618, 0.293324126076395, -0.5232757793493124, 0.25491760998831, 1.8784653818892658, 0.17276311251531995, -0.04801720921781911, -0.17613495014270644, -0.45519006575942256, 0.32792376405718826, 0.0814108073298485, 0.07639350237668728, -0.27821442695447396, -0.29301564969502825, 0.1300287914664153, 0.4517967050045045, 0.0982629015319075, -0.43944455791563125, -0.062158735933326034, 1.4717489300758464, 0.19944566320173354, 0.05000557331413476, -0.27918722986602185, -1.1639416028509162, 12.214633168647755, 0.11241632799831962, 0.18848831037176783, -0.4874151218531466, -0.14478796635204086, 0.14187930107834165, 0.06722612744795721, -1.844820807714739, -0.3372032589899038, 0.08476788464615875, -0.03126871306971125, 0.13873252497257782, 0.4566394345551878, -0.045591937353937156, -0.023935396394276165, -0.10508853342395752, -0.14930510031056757, -0.09398616227774563, -0.25988998863106233, -0.11901145926433548, 0.19994258570590995, 0.3573661847283893, 0.2265756695818595], "config": {"experiment_name": "generalist_aa_e_set_1_r3", "comment": "Adaptive alpha off test", "enemies": [2, 5], "h_neurons": 10, "population_size": 100, "n_generations": 75, "parents": 50, "children_per_parent": 4, "mode": "generational", "cx_method": "cxBlend", "cx_kwargs": {"alpha": 0.1}, "do_adaptive_alpha": true, "alpha_base": 0.1, "div_bias": 0.9, "div_threshold": 2.3, "delayed_exp_gen": 25, "mut_probability": 0.05, "mut_method": "mutGaussian", "mut_kwargs": {"mu": 0, "sigma": 4, "indpb": 0.3}, "parent_sel_method": "selNonRepTournament", "parent_sel_kwargs": {"tournsize": 12}, "survivor_sel_method": "selNonRepTournament", "survivor_sel_kwargs": {"tournsize": 12}, "do_fitshare": false, "dist_func": "hamming", "fitshare_radius": 100, "fitshare_strength": 1}}
