{"mean": 52.657507536236956, "max": 56.86717910272293, "std": 0.517882612235933, "best": [0.04522452649580451, -4.183910611546816, 0.19102875975656958, -0.2425811919592811, -0.8079253038689826, -2.509829185390858, 1.3754610548632806, 0.49622490898906635, 1.7513799729861579, 0.03568661872548858, -0.17442590134902716, 0.1763509721876267, 4.5238603192317495, -0.4347600799974163, 0.15663792644256624, -0.13014582000310676, -0.012463919088745203, -0.18706844765493755, 0.1724584376796711, -0.2831928748535531, 0.8634508718305829, -0.4197179349425122, -0.5470031634673109, -0.08059493434639049, 0.2167247162434975, 0.15799411500520621, -0.1604881143015333, 0.5013037657818304, 0.4226503394379407, 0.08661786004813847, 0.05741893150279008, 0.3198106994647103, -0.11844815734060232, -0.39921136382269745, -7.035249074375258, -0.06557478804174859, 0.033838306476902315, 0.41241253764617225, -0.9874999753900089, 0.07989302688703839, -0.2132373065912482, 0.14432259284713378, -0.22057883160338052, -0.12720474335128712, -1.764295236310334, -0.25804174454623996, -0.5432588141148795, 0.07589991716016412, -3.0541865454498995, -0.19033011676346084, -0.2966016413650612, -0.19836591664903175, 0.2163871496510124, -1.619867446813328, -0.4730354831824637, -0.34224277823092053, 1.5798866576947228, -0.02477069611231825, -0.11749317214428473, 1.8322324566876476, -0.12352452704008388, 0.3871150959132519, -2.1090221683424057, -0.02150603690106021, -0.22886455737531575, 1.257262833554918, -2.3778184319021793, 0.2368944260941937, 1.9731055313865542, 2.5307535854013152, -0.46136412024150664, -0.02844439812089055, 0.3751896129596348, 0.027778931140354988, -9.058125620288466, 7.144156609519778, -0.1481609236375414, -2.77985704017677, 0.1538115232939583, -0.018014082336634277, -0.12739731405416177, -0.15673948476464142, -0.27177587281680665, -0.045207821910323624, -0.32712575259999593, -0.1098964911710349, -0.2773995375505661, -0.07936180195950257, 0.2682980539298947, -1.953812544841012, 3.2357309614296628, 0.09108176295240493, -9.21640444964832, -0.06768282334238315, -1.9259638276352598, -0.005911677130763771, -0.02771707811779515, -0.013405539398917851, -0.2330509205914954, -0.054202103024442436, 0.23780598030733374, 0.08885430847910665, -0.18755614182478986, -0.022594795135596184, -1.5730333976459558, -0.11036638218026368, -0.1140657648207743, -0.1866522808907515, 4.167090373080433, -0.07911149408733761, 0.4863155162263817, 0.09586491413312342, 0.1162525753452063, -2.5385589728786715, 2.0540861564109383, 0.10197832071106525, -0.006481452958887151, 0.2001434892048396, -1.496759873023367, -0.20749435464704366, 0.22853290503176046, -0.5557697675485647, -4.435553502507664, 0.061344491854299986, 0.02192623772933553, 10.640761106890286, 2.7845517819689753, 0.4192930422841032, 0.9385248435236193, -0.2916439149172699, -0.23597332962332487, -0.957063685711679, -1.3331046873369026, -0.4444557620626458, -0.8786639546761763, 0.12619187746837202, -0.13388224756429362, 0.2004252975403365, 0.32640795312156967, -0.11050361675442642, -0.20827245696485172, -0.49276478288103115, -0.4758943568422421, -0.029178125552370697, -5.602038460135356, 0.2655810500502647, -0.08505675913908572, 0.1810637217199992, 0.22226742906904334, 0.7469930370074946, -0.07789282138669366, 0.12736035928705736, 0.35550936372671643, 0.030862095747462646, -0.1739348388302395, 0.5225703754588138, -0.8426475948960868, -0.46868693810139306, 0.03296702906359847, -1.6483119609151207, 0.35716864998753356, -8.258439749027582, -0.531254110662936, -5.319052759533085, -0.09220907657140474, -0.09999257516320034, -0.00242199724918177, 1.7835273141528036, -0.006046830101855695, -0.37918806826258256, -0.29226916336165515, -0.0719449592478604, 0.00704380998432888, -0.09151193009016514, 1.627206595772211, 0.03715247688453509, -1.1638242554835503, 0.4292850497115084, 0.1040107003034491, 1.0504458311703642, 0.4378452100740077, 0.2541378117443063, 0.051582579786119624, -0.9267901198170526, -3.423002549565473, -0.456258893552785, 0.0936376453740005, 0.10196207347103928, -0.0012061484651422494, 0.022813550706756423, -0.047867290018813034, -0.10941474214904834, -0.11687877114155051, -0.023231078980660277, 0.11171057474645421, 4.542991372612411, -0.1123977548338142, 1.6181749595781885, -3.2007289156956817, 0.6763511134849483, -7.227841196609739, 0.5492513948389705, 0.2000645325086879, -0.3515046113894007, -0.30695037849537216, 0.11716140150923335, 0.07312318317258626, -0.2761794191488182, -3.564752980085429, -0.4773754596455386, -0.7735926120038459, 3.339153050459349, 0.7262912973705129, 0.28629602950624483, -0.4209448342450587, 0.026451355656078042, -0.7052489238416285, -0.31726798897130915, 0.16410751461942322, 5.145408406313251, -0.7016694720122475, -0.12978897734000075, 0.6221927862089762, 0.4140608020092967, 0.07969613454696642, -3.3349709796668807, -0.24951950757891547, -7.17479559502971, 0.4348858767148195, 0.16739245139387587, -1.747609555028523, -0.06227350923285809, 0.9243485078052779, 3.3480541248350852, -0.22981823192837217, -0.5110056133038623, 0.2522406515671818, 0.25016686249743497, 1.08970871839122, 6.838712740805576, 0.03936965758647471, -0.608475206302128, 0.5325573125432362, 0.30229100756548155, 0.1687831032303266, -0.3377861503848549, 2.4771756558352065, 2.11822310997843, 0.2327790836586966, 0.10395593921180153, -0.12300139713137703, -0.21013977870104122, 4.335985317696103, 0.31486287480698794, 0.3004144930634388, -0.2297273977823672, -0.12052848720392384, -1.0796142444299828, 0.24328968454840155, 3.5771403502473924, -0.3044444298641955, -8.601305610361317, 0.34606474496035033, 0.30222629741028306, -0.04008426215038974], "config": {"experiment_name": "generalist_aa_e_set_2_r0", "comment": "Adaptive alpha off test", "enemies": [2, 4, 6, 7], "h_neurons": 10, "population_size": 100, "n_generations": 75, "parents": 50, "children_per_parent": 4, "mode": "generational", "cx_method": "cxBlend", "cx_kwargs": {"alpha": 0.1}, "do_adaptive_alpha": true, "alpha_base": 0.1, "div_bias": 0.9, "div_threshold": 2.3, "delayed_exp_gen": 25, "mut_probability": 0.05, "mut_method": "mutGaussian", "mut_kwargs": {"mu": 0, "sigma": 4, "indpb": 0.3}, "parent_sel_method": "selNonRepTournament", "parent_sel_kwargs": {"tournsize": 12}, "survivor_sel_method": "selNonRepTournament", "survivor_sel_kwargs": {"tournsize": 12}, "do_fitshare": false, "dist_func": "hamming", "fitshare_radius": 100, "fitshare_strength": 1}}
