{"mean": 92.13573510758995, "max": 92.13573510758997, "std": 1.4210854715202004e-14, "best": [0.1621411881664226, 0.16644754030509273, 0.0006897443852417564, 0.05427204945701626, 0.10476594840078007, 0.30750370767551055, 0.047364368312761966, -0.42897087810390777, 0.4929737342566169, 0.39028822784148776, 0.42482501146992474, -0.07817692136289288, 0.27820614325112014, 0.5903429144631824, -0.08182604637984549, 0.1473714941765483, 0.09374029649618384, -0.13897359063736067, -0.10240502027644743, -0.10637863974248007, -0.5622009067878744, 0.1725062320164174, 0.11247077304755486, 0.055348774820690484, 0.21725828983706366, -0.2994604578461758, -0.23518187750477826, 0.026330755882002274, -0.5623697162472246, 0.13108619062960353, 0.08217082160708326, -0.12116391971987629, 0.1404883232011981, 0.36597712697502793, -0.2135889962481069, -0.3957533344374864, 0.36576875150851207, -0.16465694250982701, -0.11216823052877971, -0.1835650477270612, 0.4241856116507082, -0.013806977519154376, 0.04891001667397343, -0.31003087921228467, 0.1377880836748271, -0.29650196506613635, 0.06301185454956167, 0.04574672790052241, -0.08325042047725041, -0.424192076455177, 0.2769317187208391, -0.27830247725929247, 0.048062301306838515, 0.18205227366087506, -0.15787306733193487, 0.2627166617149254, -0.18001314738513297, 0.24378234009403682, -0.14809175476313402, -0.17363900411550903, 0.02768759671956828, 0.11920810227333321, -0.23984762631159498, -0.319233950353414, -0.0007242219753608299, -0.028833660258459494, -0.6311556114254586, 0.4501821146990153, -0.09048768628668583, -0.1447724453722119, 0.16007609442611076, 0.050607742366106864, -0.19698276640111842, -0.08694626259441843, -0.27758703888606895, -0.8117222918739786, 0.09257458954443104, -0.47954175266385035, -0.35405417505460846, 0.247727175271173, -0.28779573721715457, 0.027780119573598716, -0.30089018181924304, -0.40318609269363365, -0.19160296914258942, -0.7459776703365042, 0.5538893055153004, -0.12036137974199561, 0.26497274851252894, -0.15263873684124, 0.04007170378848928, -0.04504883494969742, -0.08947455881434258, -0.2071905298993114, 0.05646546349354184, 0.45342009589972615, -0.30604281735021477, -0.09528505762644462, 0.22158197768134041, -0.1370296576342696, 0.32348143283893305, -0.1878984641272923, 0.08843392347945657, -0.057281007706877864, -0.5076618548888419, -0.3044854191973508, -0.035685333335056475, -0.1626073530832839, -0.05273713079016701, -0.19579680588334747, -0.07328874577857446, -1.4302246810095909, 0.269891209786008, -0.13002850530670476, -0.1633224766740577, 0.22535179703413932, 0.09880051769874111, -0.010435480537903042, 0.13306576356629607, 0.12961454468441977, 0.18680701054660945, -0.16757856061166257, 0.23280404711884123, -0.19733766522156673, 0.08199724588404032, -0.35038038787850057, -0.1341458350838325, -0.44088721225958405, -0.24481023411756342, -0.31550522586050567, -0.22723113426116007, -1.7869538099948783, -0.2204222163385568, -0.2264480433996348, 0.23260734816707765, 0.21895203689283427, 0.10683494799347393, 0.030071246513475584, 0.016695986885073438, 0.03201616285653576, 0.22775722862836922, -0.03780044511664273, -0.15664673590816602, -0.6063386576023285, -0.3851724297099205, 0.1401861834259408, -0.15895800180738556, -0.2767597106564704, 0.22801172918835175, -0.22788786823712442, 0.019344715773638124, -0.1398497672487855, 0.025407820612349086, -0.40065455428576213, 0.05140825155136406, 0.21418460642195847, 0.22064325607589097, -0.27351355409564193, 0.247532215026791, 0.18172973896144382, -0.07891397009511314, 0.6593436215697324, -0.0886193429380755, -0.32520184900797333, -0.46294043984622, 0.2546699201634497, -0.13713669452162863, -0.3788959728972372, 0.4675641207540455, 0.12949677086533878, 0.3188702869025218, 0.15554046737089072, 0.21635521737156518, 0.17232765126044444, -0.7490129622519921, 0.3750966602546077, -0.24055059965109177, -0.3271902857293238, -0.3172105432376932, 0.15662039452922155, -0.18495207984470352, 0.02899619275337238, 0.04340342410805145, 0.2935056061932105, 0.0007413148325327361, 0.19183447990963945, 0.16498286813187318, 0.20206127401027218, 0.1836573933697764, -0.3356607226014334, -0.44382656778089113, -0.19082550807004656, 0.14218895719051977, 0.21549707398286996, 0.26839026967566676, 0.1483952579316895, -0.09062833155277732, 0.06261430078173051, -0.5437027925038849, 0.16932030359645958, -0.264453880117734, 0.23285095770926217, 0.09565177574535763, -0.0703166309409561, -0.034699630300493514, -0.08522822758120999, -0.0719710173764719, 0.2791079125077827, 0.41533054988336526, -0.12103455830476348, -0.5469563885726755, -0.25488969440420856, 0.24276441550187192, 0.6073309854096222, 0.44149427343391806, -0.45545659814122585, -0.04899149833398523, 0.30515782859703255, 0.6198652241510467, 0.22130463201568215, -0.20369586539076412, 0.14934720761428916, -0.0019134566989888033, -0.07820945398033968, -1.8120841706898085, -0.09539459895248398, -0.2914315775137428, 0.5096563088181449, 0.45243357337229984, 0.3060456181300718, -0.45953967765648746, -0.2717714456452506, 0.059683573802912705, -0.04435474928507072, -0.2871499788669279, -0.6466997974610862, 0.06664100613647135, 0.0024427996659045566, -0.22012241982573394, 0.04522247662090985, -0.09491206075894458, -0.30160435642483735, 0.8696560228292636, 0.18616417962586662, 0.033427541152162246, -0.10400965721322286, -0.3395125212221426, 0.43601287170324154, -0.39904617016424926, -0.05149257005978504, -0.04812281560278102, 0.21255610198677882, 0.04371837766255321, 0.01894348124235318, -0.15714433385644588, -0.26219775986684474, -0.5169347471341942, 0.37183415159225724, 0.19620863024004445, 0.1255408528036478, -0.09967337402290334, -0.42073930685473854, 0.48362388059977685, -0.0029393889110028394, 0.28408831687899894], "config": {"experiment_name": "generalist_naa_e_set_1_r2", "comment": "Adaptive alpha off test", "enemies": [2, 5], "h_neurons": 10, "population_size": 100, "n_generations": 75, "parents": 50, "children_per_parent": 4, "mode": "generational", "cx_method": "cxBlend", "cx_kwargs": {"alpha": 0.25}, "do_adaptive_alpha": false, "alpha_base": 0.1, "div_bias": 1, "div_threshold": 2.1, "delayed_exp_gen": 25, "mut_probability": 0.05, "mut_method": "mutGaussian", "mut_kwargs": {"mu": 0, "sigma": 4, "indpb": 0.3}, "parent_sel_method": "selNonRepTournament", "parent_sel_kwargs": {"tournsize": 12}, "survivor_sel_method": "selNonRepTournament", "survivor_sel_kwargs": {"tournsize": 12}, "do_fitshare": false, "dist_func": "hamming", "fitshare_radius": 100, "fitshare_strength": 1}}
