{"mean": 91.17981234143055, "max": 91.17981234143059, "std": 4.263256414560601e-14, "best": [0.31942276615404325, 0.21404017258418473, 0.04881813755740246, 0.0773184179623736, 0.07330945278212898, 0.3805369239078875, -0.16719974904368498, -0.12874839675118502, 0.7120758944726867, -0.24845916771043491, 0.04161177244905415, -0.20564517102609858, 0.07461906548748265, 0.31593073202509847, 0.04324309063645991, -0.2638098839554437, -0.3580254461357672, -0.16170242690450812, 0.40777233540194846, 0.11518152866200053, -0.18315058236236148, 0.18308366441260757, -0.2381819830615642, -0.023601747066249956, -0.004115990566085575, -0.6559851450218862, 0.07732903972777266, 0.3015951257165668, 0.043863675824067534, 0.019673012443414944, 0.12753638058369007, -0.23422299545522832, 0.23935693357038113, 0.3954359039021984, -0.025777601537183982, -0.6969430781118415, -0.36605348937675625, 1.1221615134032135, 0.06905363332186044, -0.20513601689300381, 0.010409822513039556, -0.4071014047486148, 0.0237485610537309, -0.18287107673479122, 0.3755349617891787, -0.14973064575204315, 0.27088867344971124, 0.07905401504550374, -0.19178625907292818, -0.09140215320102374, -0.4377338794799804, -0.03229870459403546, -0.06039055922084343, 0.6954621926586537, 0.010369048660282654, 0.24433862445800342, 0.341439952504055, -0.06104492469287316, 0.5308328812195541, -0.017004426388714647, 0.0010592195303838394, 0.027682831867950806, 0.39578405807793504, -0.4139755450749098, -0.18435742646956985, 0.15413657472240835, 0.12015312658728874, -0.007511181711693735, -0.07374866287833454, 0.09098192756163492, 1.7064896334327222, 0.2569090514096006, 0.11126762532664049, 0.10115066022528495, 0.033917252353169225, -0.3439116668708993, 0.12329433105268986, 0.3131971427308973, -0.012930665001263159, -0.22759484074427466, 0.06804560129397136, 0.06876901583585834, 0.06692142166558468, -0.1861410679513374, 0.21627782567930326, -0.3360166391367225, -0.35334711914411876, -0.021032272554298802, 0.5882754660643313, 0.18306892025054208, 0.16755604128571444, 0.11452194162134453, -0.21036973938463413, 0.03733390198703975, -0.3551536937924834, 0.2159774059624176, -0.17943065088235835, 0.39142246493847976, -0.20599419639767538, 0.3650187835319266, 0.9178787411213286, -0.24587108988711667, -0.2035529571113051, 0.2796685138109474, 0.28522536482506655, -0.28965713378755387, -0.16256299579925526, -0.20275165322869027, -0.06941696665259255, -0.3703112098329967, -0.35794709169612465, 0.3783432699022208, -0.11861395768955936, 0.2254253071744281, 0.40601637322814343, 0.24602047644327785, -0.294905492380651, -0.24254507072027276, -0.10544350988912339, 0.21105684703472732, 0.05203735680466038, -0.820234449415268, -0.7338827933671356, -0.30118784815402244, -0.03146506946067815, -2.2616102526773743, -0.16059785782509, -0.0140340866534699, -0.14185438230330075, 0.16801593866002598, 0.1546540589771573, -0.4413953032096099, -0.14034087241646045, 0.12949879021974547, 0.11164054893864161, -0.2554459717945596, -0.11198344267346862, -0.10511915334126964, -0.28194433162233795, -0.2790111884776232, -0.32465980023027763, 0.37949622065109523, -0.3355350012969568, -0.23570810921805327, 0.4846061715942289, 0.1955607449940501, 0.20998108445149216, 0.40197155064786955, -0.28860502396536036, -0.3943532558243218, -0.04267616743014023, -0.9509572328810387, -0.4824092071100634, -0.22228950396868968, 0.49128085123831816, 0.2086084776141294, -0.15832761479800372, 0.26762741194760026, -0.43087868224026027, -0.2181087454527416, -2.104090689782901, -0.02312213260828666, -0.2019636557683775, -0.1381705705089391, -0.03036931198838266, 0.41662835753668326, 0.45519859578849475, 0.3606650369308428, -0.37095108744682337, 0.43010733980209115, 0.05113634609208999, -0.36108212658059724, 0.2006569138871939, -0.4146526388544127, -0.23253012657397631, 0.03243591641668228, 0.04278703783793638, 0.014862413990741221, 0.02466062132531154, -0.49932368483774153, -0.19212731079713036, -0.005279940626111609, -0.2243764106681809, 0.041302555364176693, -0.19047883134681928, 0.15138086805015266, 0.16511746964404617, 0.0504837072903151, 0.05967465902353363, -0.016975211507105296, -0.1830824487110225, 0.14317439743989444, -0.20367047354759737, -0.011811224382812987, 0.10220756887050167, -0.08771490300919944, 0.04598133225445613, 0.1742988876807083, 0.08670211572964047, 0.05903165370241042, 0.40918764880893, -0.29880532785905656, 0.07505395792129844, -0.3373424888240584, 0.04510075562961148, -0.23156775067994317, -0.13716601830140043, 0.3369896073762054, 0.39869889260285113, 0.48606444968596474, -0.7137477250105982, -0.09190933481145722, 0.45892211539015665, 0.4085481954376457, 0.23787640364421236, -0.10404535306269376, -0.2634399764799359, -0.1520695467200004, 0.29168897839362745, 0.027986588427888544, -0.04690926323749432, 0.016446261158703603, 0.531539883057153, 0.5037436881126751, 0.20766188669655647, -0.27846799777155234, -0.37797051174169094, -0.20052180619141985, 0.26451289320765525, -0.024645298003675525, -0.1816743771111127, -0.03428880099472387, 0.4515059198493753, 0.22034193998684629, 0.0010263106327035637, -0.9900675698720312, -0.47221288225269453, 0.0698539266783854, 0.20940861947133735, 0.3216994347710078, -0.25442472327192306, -0.1939001488562192, 0.12302404847178683, 0.08651896230797153, 0.09502169959264822, -0.3229788674928976, -0.37980655198124125, 0.3057195717094856, -0.06295534233307724, 0.31760965515363704, -0.3231614540526637, -0.6618231691786349, 0.21738447570158298, 0.4771987587384538, 0.6028518243035261, -0.6059974619081097, -0.5504359758514588, 0.349414332877274, 0.1869803073619152, -0.24479971562358932, -0.08826711645584123, -0.4501281947945441, 0.27288007375017714, 0.18137772405477198, -0.17247699202522682], "config": {"experiment_name": "generalist_naa_e_set_1_r2", "comment": "Adaptive alpha off test", "enemies": [2, 5], "h_neurons": 10, "population_size": 100, "n_generations": 75, "parents": 50, "children_per_parent": 4, "mode": "generational", "cx_method": "cxBlend", "cx_kwargs": {"alpha": 0.25}, "do_adaptive_alpha": false, "alpha_base": 0.1, "div_bias": 1, "div_threshold": 2.1, "delayed_exp_gen": 25, "mut_probability": 0.05, "mut_method": "mutGaussian", "mut_kwargs": {"mu": 0, "sigma": 4, "indpb": 0.3}, "parent_sel_method": "selNonRepTournament", "parent_sel_kwargs": {"tournsize": 12}, "survivor_sel_method": "selNonRepTournament", "survivor_sel_kwargs": {"tournsize": 12}, "do_fitshare": false, "dist_func": "hamming", "fitshare_radius": 100, "fitshare_strength": 1}}
