{"mean": 69.60995069348014, "max": 69.61095069348015, "std": 0.006999999999999602, "best": [-1.1990828552007282, 0.32568808172536734, -0.1967336651511081, 0.40440927901626816, 0.46079650551096946, -2.2251848274726838, -0.8357995333351893, -0.05160022164571071, -0.2095895089462911, -0.092235862188281, 0.08728832940183612, 0.2004217127548933, 0.7479560422493, -0.2052607346626928, -0.029279734060628757, -0.1289619705492947, -0.16635985005504522, 0.055718713908949814, 0.05700327774791851, 0.11749408700184232, 0.25153118128537755, 0.14244691135359583, 0.2563840129499594, 0.07388577803259594, -1.6088622950978082, 0.23109313289605588, -0.3925915025002949, 0.3213150631151753, -0.011638389451096479, -0.24524883303156106, -0.09100456337112475, -0.247865422129322, 0.4231863749631071, -0.282365779622555, -0.2660491903046221, 0.16819140242003525, -0.023342281870318612, 0.23655487814353576, -0.21884362632647497, 0.48372909407277814, 0.12439537718251652, 0.30080783623836105, -0.4481790415190272, -0.5952791895892738, 0.3101595377885814, 0.18743549038326052, 0.21687982870906725, -0.08527000268471957, 1.7924047310500106, 0.42725767201088394, -0.5311163151066469, 0.41577364207695106, 0.037114438370893725, 0.4451905971700687, 0.48146110279924237, -0.030336480552813367, 0.056685072245405255, 0.20737100548921425, 0.11585794833610363, -0.035013678237833, 0.012442519968235217, 0.018511671874812046, 0.4405841365819423, 0.005952345401829412, 0.3007167237246699, 0.10414126692395279, -0.1817628956875509, 0.07672915660615068, -0.374691330718346, 0.10499703857106686, 0.06495851697165449, -0.21930503896335063, 0.06688108713434382, 0.9991602895553776, 0.2265821094505226, -0.0668211767133407, 0.18365166923629445, 0.09383714326030684, 0.12313289955066356, -0.06298466047700826, -0.06495035474910026, 0.0057685184660047975, 0.27141073404266336, -0.372187581240017, -0.9049972032875532, 0.15223060968133825, 0.13998767356425573, -0.037930443717153, 0.19744631399662205, 0.7387232861568206, 0.20687847854196081, -0.6613698568792149, -0.28008402729660165, 0.4498234471282422, -0.4624751752051797, 0.11787391782547738, 0.004231055136235985, -0.047483569358070805, 0.45094292102120076, -0.0155461093152871, -0.09074532175605167, 0.1674476473392558, -0.2476135273287084, -0.18909517498615963, 0.21751853807369242, -0.1710566539379441, 0.4268784855095973, 0.9685610035112767, -0.3469478502877813, 0.035953148991961434, -0.09302797837355418, 0.30057139958158335, 0.12017540306492444, -0.1386824876311918, -0.7056144490108867, -0.41175935878677383, 0.10170901426013156, 1.2950125212532482, -0.030485474076766217, -0.027144875243822312, -0.10110026844492115, -0.3874410089107886, -0.07245728962573159, -0.32159122282555314, -0.0645364251878176, 0.716052200695783, 0.02113069513768215, 1.345739718900803, -0.20516903627126198, -0.28091883205417767, 0.09730567670435583, 0.03669990616302321, 0.15756413133782743, -0.3217987779736372, 0.14260879662223594, -0.17923278729366282, -0.1411338441443512, 0.6102896408302605, -0.4853618788255186, 0.46169560838312773, 0.1593770104008084, -0.6985346664102288, 0.5991585248382788, 0.20176214124816075, 0.26606666822948616, -0.11969150603996226, -0.0013756086621913091, 0.0536407221903532, 0.16209113387619134, 0.10009102259472152, -0.752509812638722, -0.3658452821345324, 1.642173278907989, -0.018400845067886418, -0.16282890691911345, 2.5666600782156372, -0.20895337995563196, -0.09942962722065812, -0.175264144487738, -0.23501143811128117, -0.33532352837705354, 0.46006734699816015, -0.1947583502662627, -0.7774439402072288, -0.11761953729214501, -0.4308813098972062, -0.05869803680067148, -0.2722441121362448, -0.42700095753987366, 0.27376553872931697, -0.13065367772661346, 0.0853329426671659, -0.15311992910123182, 0.5031372125639271, -0.3362894057404006, -0.4419637996020675, -0.47446070185106587, -0.9997667113617491, -0.02507134776899897, -0.24142380613920997, 0.5951789484725231, -0.15767206369376552, 0.18232994733071486, 0.32334078662481386, 0.2108663273643912, 0.29030574633177403, -0.12537526523759576, -0.09034658734987953, 0.04349119195212135, 1.1766712135305573, -0.2659220172016279, 0.3929664915742686, 0.3126671373558097, 0.155353980811371, -0.04933317447935839, 0.6342355434827415, 0.169032854257976, -0.2171344861105145, 0.42902717328046514, -0.15967314941452576, -0.03830532797110983, -0.10765945232607016, -0.034371895452760946, 0.055162972082157, 0.34205776269140276, -0.2955605018298653, -0.7392816728761071, -0.3255951297996507, -1.3942050556569725, 0.13398504576077158, -0.3375966241570154, -0.07987213534446583, 0.14894950631252077, 0.21887683721261092, 0.4796872703409766, -0.14569965786695294, 0.11057046038860431, 0.24912508711411357, -0.02971227279822982, 0.20803233299778334, -0.07955408477322327, 0.10496595942176187, 0.24774393956894863, 0.3769680387969673, 0.34254972123423594, -0.16433882996256818, 0.2361798092541065, -0.14124918342963402, 0.47793383700732917, 0.2491928832821528, -0.07489119237122092, -0.665120505137273, 0.2680634331057939, -0.028731261981586678, 0.10539113576382927, 0.2235421014889023, -0.0014141450323401918, -0.3038155155811301, 0.6021222037114643, 0.026402189860414108, -0.5746147325826374, 1.6117027929760852, 0.49782583742878483, 0.26828825035000886, 0.3028857356554656, -1.0546790492146476, -0.1670211453134441, -0.28605321390484917, -0.02140451059409195, 1.5016890893674182, -0.05153765061167802, -0.2593866128198667, 0.3999573629402152, -0.18500394234174777, 0.19301445189680005, -0.2606189558898627, -0.6358190070211363, 0.0795789770732622, 0.6450476372091103, -0.08441174154894554, -0.4634884017386856, -0.008648289882874582, 0.09348329787670094, 0.2033207217003698, -0.054890393436470064], "config": {"experiment_name": "generalist_naa_e_set_2_r2", "comment": "Adaptive alpha off test", "enemies": [2, 4, 6, 7], "h_neurons": 10, "population_size": 100, "n_generations": 75, "parents": 50, "children_per_parent": 4, "mode": "generational", "cx_method": "cxBlend", "cx_kwargs": {"alpha": 0.25}, "do_adaptive_alpha": false, "alpha_base": 0.1, "div_bias": 1, "div_threshold": 2.1, "delayed_exp_gen": 25, "mut_probability": 0.05, "mut_method": "mutGaussian", "mut_kwargs": {"mu": 0, "sigma": 4, "indpb": 0.3}, "parent_sel_method": "selNonRepTournament", "parent_sel_kwargs": {"tournsize": 12}, "survivor_sel_method": "selNonRepTournament", "survivor_sel_kwargs": {"tournsize": 12}, "do_fitshare": false, "dist_func": "hamming", "fitshare_radius": 100, "fitshare_strength": 1}}
