{"mean": 75.37459773360794, "max": 75.37459773360794, "std": 0.0, "best": [-0.14166898774106906, 0.5636663187289177, -0.16182043072041927, -0.20911046192335955, -0.9860992652213789, -0.3400353422385251, -0.34015145261176627, 0.35393581020490733, -0.1871903774929792, -0.22057562159596425, -1.3390797515804267, 0.23463272716810565, -0.5347957484237273, -0.007100621328592896, -0.10790432835634296, 0.1397649367900346, 0.18457968323207552, 0.9331297199768452, -0.6911052365789401, -0.6287577656209334, -0.8558634142919201, 0.2407345107788367, -0.20504973145176808, 1.2071658607057087, 0.38287957056424926, 0.39794095895008524, 0.22495036273435226, 1.2956776344518004, 0.363344728435109, -0.6167772664288939, 0.2956706173896606, -0.7233299056151601, -0.35821101979522973, 0.004593014669536683, 0.06428039679238212, 1.0697615318104887, -0.15646707670434964, -0.5722042073689764, -0.4693918831712255, -0.8181305016854188, 0.2151920595918203, 1.4768614005126588, -0.12643221900819332, 0.37638219661269784, -0.47998702832292417, -0.16924794624167744, 0.25082950468460774, 0.0828095200682677, -0.06066863205566298, -0.5298263783888304, 1.1946442819266365, -0.457551348055377, -0.04306334125867273, 0.1423614951490597, -1.1914403504139754, 0.0097266856065666, 0.5836565310615789, -0.42238327264578124, -0.20914063595857185, -0.10273172601709335, -0.19871210306243742, 0.29854989771339707, -0.15746178515655035, 0.07706716216764367, -0.12189799498814423, 0.009275373686298483, 0.3540781591805129, 0.3288356049019253, 0.1628572043049323, 0.17357973720689665, -0.30008989312506845, -0.0429788512433527, 0.2374932658999074, 0.07930910480721139, 0.6390714712439791, 0.17378270562717368, 0.23129780445741122, -0.1420863676519348, 0.28363336906436265, -0.06345528001937134, 0.02592913177859167, 0.029655688599756227, -0.24349641580755624, 0.06341883814056512, 0.40169601074927946, -0.00012047311052890304, -0.55128707191868, -0.8432202378082458, 0.33406882748289785, -1.2622165021199137, 0.19867888517105703, -0.08960493371266397, 0.10338700795780435, 0.21856234705690727, 0.10724614260494426, -0.8459475243360152, 0.13588855880370157, -0.3640915530019136, 0.49836472548868943, -0.9078688388479117, 0.03474263186478512, -0.18387546253282125, 0.0061368530063148925, -0.00012727537203230204, 0.10455944857825025, 0.10656258245757477, 0.5704236358083588, 0.030548206960300108, -0.07508069177791274, -0.196449172032731, -0.05305407467252459, -0.228793407707981, 0.2104202641392535, -0.43541938193017526, 0.4616188163514035, 0.6214366940081625, 1.187994703285096, -0.004162978916817824, -0.0034986867054459933, -0.09716031590691505, -0.12164598096514063, -0.3541621565529157, -0.3963807235345117, -0.014123187983640198, -0.017396099183376174, 0.46597257348247756, -10.187430283540216, -0.002279153339394929, -1.037171198558162, -0.23317144999030787, -0.24283883378770488, 0.30845592008976147, 0.007496393094947947, 0.6346902926801758, 0.4281751423000745, -0.44450338926079536, 0.030048865654088888, 0.12171870605462742, 0.34477544724065073, 0.043454767590674605, -0.02544315577013312, 1.7404607428331273, -0.027944899374699947, 0.15907353993981727, 0.2625731613996465, -0.08261954351234085, -0.07859806862936307, 0.07441758637085012, 0.4258129791108792, 0.17125957852388832, 0.2215447475170026, -0.09363230933504701, -0.45240251233198897, -0.09134195384060072, 0.422457103970263, 0.04919722992713417, -0.02184628417771351, 0.08803959594868357, -0.020686198655287077, 0.05892985707728125, -0.3666889047151104, 0.34625646311565483, -0.07588288634554967, -0.05443853907388115, 0.40087593788397224, 0.2120959790376796, 0.16723137351074588, 0.11744921254135907, -0.15475153157182878, -0.29235912544555465, -0.0899040101067841, 0.05168039643006133, -0.3773922403398505, 0.1586967528589726, 0.2601546851292094, 0.5699159607849118, 0.04680986120859342, -0.4023711902458885, 0.6274670613822972, -0.2658769953286108, -0.34628638251186883, -0.43298433927437974, 0.28511962838015825, 0.3332906436151956, -0.20817416599199418, 0.0805797212457755, -0.31347346651357505, 0.47247337745127205, -0.3986727419701108, -0.11526601849085308, -0.917100151951761, 0.26923079763687446, -0.21669736759794714, 2.698966380294391, 0.15440748355786754, 0.2693607466330068, -0.035884047274299696, -0.4704060648233993, -0.8472980608415965, 0.07641796814811226, -0.15498688769516955, -0.436111084521123, 0.13380895948371493, 0.3209936670899374, -0.09849992707413242, 0.1473384144702153, -0.12536795632891065, 0.187998762181969, 0.4847531524968431, -0.12419110566537667, -4.430523130388082, -0.9717769914848691, 0.01981247255442463, 0.40146914375089726, 0.2645610004171199, -1.0422370290269876, -0.5372667729480152, 0.01757526019868957, 0.44007094194755547, 0.38812522068444383, -0.1776122516867905, 0.1479916354623497, 0.3194865459092242, 0.005308001986461026, 0.2597238567141345, -0.10863884620058309, -0.18612696518101204, -0.26127715052306494, 0.7377552268192339, -0.0365333972617505, -0.2578071186968732, 0.4666809599167455, 0.01428884400204698, 0.3038950126491968, 0.6948176302527269, 0.0645044656489942, 0.12747724233747532, 0.23349010555256505, 0.8112951531656307, -0.18064492265856968, -1.3510163478005217, 0.47491158975003805, 0.4710044259793821, 0.19068145869187134, 0.32772976836487555, -0.1705485802777159, 0.4565426104334205, -0.7287939124989443, 0.2965977570380174, 0.27009171706359353, 0.1571881172008667, 0.14557551539043487, -0.05533830852494425, 1.0929225160973097, 0.10619427917444005, -0.5505673684351863, -0.16186827666162926, -0.15891691087632143, -0.08583108358232522, 0.15685939351678335, -0.6384995505837239, 0.064210952437368, -0.882526999179249, 0.227112482575973, 0.3326370107698192], "config": {"experiment_name": "generalist_aa_e_set_2_r0", "comment": "Adaptive alpha off test", "enemies": [2, 4, 6, 7], "h_neurons": 10, "population_size": 100, "n_generations": 75, "parents": 50, "children_per_parent": 4, "mode": "generational", "cx_method": "cxBlend", "cx_kwargs": {"alpha": 0.1}, "do_adaptive_alpha": true, "alpha_base": 0.1, "div_bias": 0.9, "div_threshold": 2.3, "delayed_exp_gen": 25, "mut_probability": 0.05, "mut_method": "mutGaussian", "mut_kwargs": {"mu": 0, "sigma": 4, "indpb": 0.3}, "parent_sel_method": "selNonRepTournament", "parent_sel_kwargs": {"tournsize": 12}, "survivor_sel_method": "selNonRepTournament", "survivor_sel_kwargs": {"tournsize": 12}, "do_fitshare": false, "dist_func": "hamming", "fitshare_radius": 100, "fitshare_strength": 1}}
