{"mean": 52.87523689222544, "max": 52.87523689222546, "std": 2.1316282072803006e-14, "best": [0.20712586475312914, 0.28595517509558016, 0.1600965098833692, 0.16771865119765922, -0.39125180480933075, 0.1615229107383534, -0.32755715887015135, -0.11828368282964197, 0.011163548023515539, 0.16118095886014727, -0.13627106497230113, -0.26895401649662337, -0.12547039235355745, 0.11039616656284618, -0.04035530859158742, 0.276816112398533, 1.8534858245329204, -0.08476187728472338, -0.31049648202649677, -0.05653863188570667, -0.48659737849125023, 0.024722304980370244, -1.490822066931019, 0.055356156073547484, -0.2790386656650169, -0.08901236087580384, 2.823638401456098, -0.04255329691128441, 0.2624912672989905, -0.0791081791214796, -2.1614317286814, 0.12091372653065946, 0.18901874797769097, -0.04240941884882267, 0.23246550673520197, 0.29294735337672406, 0.16254881097849755, -0.23702798592451313, -0.11925240035988628, -0.08386672140370521, -0.31444146073872403, 0.06859607514618675, 0.7601473399392296, 0.07330183063833706, -0.1636745540368568, -0.12652480436822072, -0.481617586291662, -0.13994922190810116, 0.2628781493736855, -0.0865379583772695, 0.03144230296096124, -0.01358643779787451, -0.0686578280685888, 0.09151657795745051, 0.044849734820122056, -0.4340242064740244, -0.18442270258728133, 0.5341173705975009, 0.07978642151368298, -0.12478216333669481, -0.04527950377033884, -0.11709758709637327, 0.12348444984463502, -0.2001827100979007, 0.14001412238437572, -0.36946055948985596, -1.2262747610433968, 1.0858199775845034, 0.24533956750784214, 0.09776088120513908, -0.3064551838482817, -0.3424734176864858, 0.3973918828534824, 0.38597853395232445, 0.012584753649867103, -0.3156957365279095, -0.45497594151035503, 0.6106536906569036, -0.07717558830553022, 0.006665044865206962, -0.2251797020410439, 0.004422995097581419, -0.11161546668126711, -0.03913581338037919, 0.19187061303086558, 0.1488676165340051, 0.12647273839879924, -0.1151628900344039, 0.20238742310607638, 0.049391725120731214, 0.13754518862108905, 0.01674768551252872, 0.6070242962720296, -0.026012065393395647, -0.6073944530279841, -0.11113124297365443, -0.09123864174254158, 0.10625152984053506, 0.7031050843430281, 0.5382630316819278, -0.02134056068713592, 0.33950408595986703, -0.05090474952362167, -0.47497288745766286, -0.04525850609729399, -0.22566775355475066, 0.27791616330981495, -3.0124078281857725, -0.24536662245447444, -1.0244651855374267, -0.027337934842614573, -0.09117643227453087, 0.12782204156398855, -0.29533622197889026, 0.12182146948270665, -0.04622435438868629, -0.29220507828967845, -0.11561217731783881, -0.32175224803250646, 0.5176294854598292, 0.10083620618319782, -0.16093260669775242, 0.37731329589593066, -0.5292484125968853, 0.2271976385693707, -0.198950906489718, 0.024629917536346156, -0.19393497733110077, 0.09398599945351116, -0.1363951586711387, 0.09512767822725123, -0.07515935864840387, -0.13762257240378858, -0.2836907641096968, 0.10372294065572238, 0.13438928568148423, -0.021833042003449994, -0.021861262311173277, -0.10072909321903789, 0.08891783643507058, 0.057711765478244255, 0.031847713509773244, -0.12739658266326734, 0.13634334171906554, -0.15080937548062648, -0.10362997099125629, -0.0030374845819689618, -0.14178235942896664, -0.11044702038294243, -0.150024872798073, -0.09462083377908781, 0.016553132121397814, 0.14931210917959165, -0.6554379339066999, 0.15762636946729347, -0.011599651975843046, 0.25435527265395597, 0.5889307870435124, 0.1749717696840397, 0.7642316050149125, 0.35656178956320006, -0.16178726762649037, -0.43728257760513517, 0.039984632621150894, -0.7851019245460849, -0.34051518046837354, 0.3430424146917301, 0.10763735423489008, 0.05923476002966005, -0.0885633487023311, 0.1499009964394809, 0.3636560317201172, 0.15889295269423648, -0.8324578389281992, -0.22938217040861217, -0.32664891413885366, 0.0631503394847929, -0.6054975185726141, -0.5562769155719142, -0.1519382986303136, -0.3975773989965885, 0.32252379662656205, -0.17043386904806868, -0.5717815220893838, -0.004563833327896935, -0.2672971637162179, 0.3434770440243334, 0.17651911099059595, -0.0355222441522426, 0.17195457155980165, -0.1959672426259208, -0.08706690101696787, 0.14058941134869757, -0.2050152881659868, 0.05342396539223037, 0.2731717646686818, -0.018445191429201348, -0.14111496649524946, 0.23696987402479533, 0.39672894364463657, -0.22128318895713897, 0.053607491426723136, 0.3345038989675336, -0.16435102925172257, -0.13218692965068463, 0.423274858622827, 0.0743548488061001, 0.06958281484712243, -0.3443038034408893, -0.133363528404042, -0.6110119562892887, -2.0190848027125075, 0.17906123868647755, 0.40527864646392175, 1.6432013210240393, -0.48023609481869206, -0.6291776042754428, -1.00739644150371, 0.2779891541174306, 0.4277778422834153, -0.7205712359217143, 0.45448781741995725, 0.08887260154313302, 0.2773745049179237, 0.2926697604854917, -0.5909606412199377, 0.010126927954131379, -0.22456569102623142, 1.2339055120875924, -0.3251269732152085, 0.21290768005233418, -2.3558241991279116, -0.2104954758653163, 0.015144350469489512, -0.07096216192807368, -0.04404353439368357, -0.6971173127709477, -0.015665787178822624, 0.050867510304276456, -0.13014030460432785, -0.46737182877303607, 0.23945513062618629, -0.04220504138590081, 0.04681024316692356, -0.17646450886654902, 0.02237208353115631, 0.05126546614128767, 0.42618941789822185, -0.07598312805397196, 0.11779997462589023, -0.1759887562438911, 0.19031779746798116, -0.44910572446403485, 0.15599717625218795, 0.0455897003104916, -0.17221117083894952, -0.05931938771023157, -0.13808653095615714, -0.07683599792885598, -0.013331732420122774, -0.3901533270050981, -0.3854260777626015, -0.26968066946879277, 0.3227942025166476, -0.07325231165659456], "config": {"experiment_name": "generalist_aa_e_set_2_r0", "comment": "Adaptive alpha off test", "enemies": [2, 4, 6, 7], "h_neurons": 10, "population_size": 100, "n_generations": 75, "parents": 50, "children_per_parent": 4, "mode": "generational", "cx_method": "cxBlend", "cx_kwargs": {"alpha": 0.1}, "do_adaptive_alpha": true, "alpha_base": 0.1, "div_bias": 0.9, "div_threshold": 2.3, "delayed_exp_gen": 25, "mut_probability": 0.05, "mut_method": "mutGaussian", "mut_kwargs": {"mu": 0, "sigma": 4, "indpb": 0.3}, "parent_sel_method": "selNonRepTournament", "parent_sel_kwargs": {"tournsize": 12}, "survivor_sel_method": "selNonRepTournament", "survivor_sel_kwargs": {"tournsize": 12}, "do_fitshare": false, "dist_func": "hamming", "fitshare_radius": 100, "fitshare_strength": 1}}
