{"mean": 52.56208158578287, "max": 52.56208158578287, "std": 0.0, "best": [-0.2452090245016133, -0.4095014807041434, 0.19876053524437037, 0.07988837514509482, -0.29403191969383247, 0.08108495933589994, -0.3353042747989128, -0.08657606892794592, -0.021159704211097245, 0.2901272540595638, 0.3652006486646085, -0.10652082867585118, -0.14216007919380058, 0.03611557466590819, 0.16207440935004316, 0.4993947652778994, 0.023150941980928333, 0.20643580915522966, -0.40983349936474733, -0.17324828875690662, -0.173254551101935, 0.17140386100959715, -0.5490225508470705, -0.10542057300229346, -1.3606535285449282, -0.27129787290331037, 0.5665867706654536, 0.04194810018923265, 0.294966755810541, 0.13336886355062696, -0.03049629188020668, 0.061482771509632425, -0.02085771482061223, 0.11001540761476404, -0.0007997529153959105, 0.28295479789191424, -0.09029803313575924, -0.013776886357872012, 0.28060618817063865, -0.18328699578701682, 0.04721934341415272, -0.3025879265329959, 0.19168512850540956, 0.04527740697733337, -0.32738039446257217, 0.09734449070174786, -0.32923448094536006, 0.3441036777965277, -0.4462286410471083, 0.22791906286727187, 0.09300070253483332, -0.07564206923182945, -0.02382191175990185, 0.1367167560732274, 0.11795313362473031, 0.06761782159368789, -0.49810387107352133, -0.2579105831456867, -0.03910109223700912, -0.13932203733435872, 0.04757099437922218, 0.32898624136293525, -0.1253152730646125, -0.11728606990696093, 0.6368714781474742, 0.3033487584424535, 0.20647326920805242, 0.03162196227702983, 0.16163419753225, -0.24772363955195664, -0.05627255119254623, -0.018015570149452917, 0.20888026538887713, 0.4724732833934042, -0.14666390095604787, 0.4781625172836552, 0.029731322494752563, 0.14063963662711634, 0.09658730155687098, -0.08954374685293341, -0.059857993288301166, 0.17189034502987427, 0.06441128172340727, -0.254407352341062, -0.049095565740973277, 0.06262231339585893, 0.1622924780163728, 0.13736284655175993, -0.2212848336395638, 0.06275735505796864, -0.0486335562625941, -0.2002739427917632, -0.11532223807636476, 0.3592453147396741, 0.36906111058344604, -0.002686898057232271, 0.15761114623005962, 0.148510973660528, 0.19449269301532385, -0.44043579899202634, -0.30332554500609016, 0.013310414727712534, 0.2043714301294253, -0.2069044850588856, -0.48376370161643495, -0.34068225497321153, 0.1548356362855769, 0.3102201930832888, -0.003256060111954659, -0.4104581360023365, -0.015057398775211318, -0.13414284447226177, -0.06669323689042195, -0.07267794129683791, -0.29095119532157854, -0.3484395475087286, 0.548891762016911, -0.053661800266578324, -0.11594171662643393, 0.22195285892917538, 0.39677283966768984, -0.08273540482079877, 0.33137846500408225, 0.6147029393292899, -0.1327333605839044, -0.25228201139299167, -0.10656343368172302, -0.1476918313112952, -0.09082138738159923, -0.10361926221321938, -0.06523078688430918, 0.3018035976070479, 0.20363894175420896, -0.21763578455892152, -0.08277667041961666, 0.026095581661958623, 0.11881129840330053, 0.11943612522043355, 0.2712593066494846, -0.1451402421014737, 0.047948024196499905, -0.0677427640616163, -0.3148797862659542, 0.7293609441122272, -0.13327694967120501, 0.4309554866539818, -0.006656732885499465, 0.20864798303055382, -0.31253714352954176, 0.07439199683874828, -0.09765304501068742, -0.1633256363758631, -0.21563721365863509, -0.319708768645588, 0.0900879644244015, 0.36542906940764497, 0.1807520238691151, -0.20991748002097982, 0.08484464643290827, 0.563683415408309, 0.9552133855873705, -0.15396625842563813, 0.049135695304443006, 0.1189313497650373, 0.5330507730359978, -0.4145058119856452, -0.03791402660665642, -0.12481079638148958, 0.3081271536669209, 0.2281692924579118, -0.08041161045793283, 0.4169688901549793, 0.26537499983922125, -0.34716223045547273, 0.01477482727408879, 0.16123618747389512, -0.47753939436271703, -0.1533501576076027, 0.10885626531870121, -0.0063489762137296955, 0.11254382488455296, 0.05142986846973311, 0.25572470625655647, -0.4322904088274606, -0.13057477328919398, 0.03110553537077148, -0.20684514732479986, 0.16929618651349998, -0.013680322570836543, -0.5365236051460461, -0.21649425025153093, -0.04240403837180205, -0.07757748990195958, 0.22870384906312963, 0.14982865134528037, 0.21146749701106354, -0.09279581579165265, 0.05625507132902235, -0.14350258542474353, -0.27529638540694334, -0.11902723875153175, 0.18567739444545195, -0.09397722396619498, -0.13501128660942263, -0.19591347356656705, 0.35051826697292243, -0.3638617357492446, -0.15888877570110696, -0.03411156661270013, -0.12876652647901365, -0.2320787791426267, -0.43955287937018095, 0.21920415371939428, 0.983043462688186, 0.4967621439550426, -0.625628971247181, -0.22327888300215248, 0.014382973993720863, 0.08849408270169835, 0.17306383423419658, -0.3651825456353981, 0.13012957556708887, 0.002422812300641377, -0.1058011545661212, 0.12245698817804129, -0.34057233993630714, 0.2701454014551929, 0.23310729109160128, 0.19532778563006195, 0.49777986481348235, -0.10784058103387854, -0.1945936366492677, -0.016053924186721677, 0.1041137498009964, 0.34484384849984445, -0.04040474875247649, -0.17988525836351432, -1.2328828731655037, 0.19072553990222668, 0.2692529639045494, -0.16225226903890272, -0.003803074312146157, -0.06156013056172174, 0.2707543835279974, -0.025166938349279848, -0.19738025850935859, -0.04634050933458385, 0.23343993524538123, -0.16264430688561704, 0.49812761486262136, -0.3076305494909243, -0.08786880897821538, 0.2832644562604495, 0.10686836310059142, 1.2148813445779123, -0.08523539667749626, -0.33597282722277605, -0.47769951889380646, 0.2918466464647217, 0.05047836648972843, -0.04608251503743202, 0.07438328412654749, -0.11052504953206424, 0.028494215130746483, -0.04087395349932089], "config": {"experiment_name": "generalist_naa_e_set_2_r0", "comment": "Adaptive alpha off test", "enemies": [2, 4, 6, 7], "h_neurons": 10, "population_size": 100, "n_generations": 75, "parents": 50, "children_per_parent": 4, "mode": "generational", "cx_method": "cxBlend", "cx_kwargs": {"alpha": 0.25}, "do_adaptive_alpha": false, "alpha_base": 0.1, "div_bias": 1, "div_threshold": 2.1, "delayed_exp_gen": 25, "mut_probability": 0.05, "mut_method": "mutGaussian", "mut_kwargs": {"mu": 0, "sigma": 4, "indpb": 0.3}, "parent_sel_method": "selNonRepTournament", "parent_sel_kwargs": {"tournsize": 12}, "survivor_sel_method": "selNonRepTournament", "survivor_sel_kwargs": {"tournsize": 12}, "do_fitshare": false, "dist_func": "hamming", "fitshare_radius": 100, "fitshare_strength": 1}}
