{"mean": 52.587910989289895, "max": 52.587910989289874, "std": 2.1316282072803006e-14, "best": [0.25688128874563215, -0.02575847162436306, -0.214384384366027, -0.06668893417193979, 0.12308833398278783, 0.29170447695587726, 0.13672881129078257, 0.060622673406153085, 0.8291030450896908, 0.18039772471774937, 0.18340871742546005, -0.1002267348203987, -0.37854098744489423, -0.30814844485422843, 0.0007401944123618605, -0.015026678744295642, 0.22808253060044414, -0.6481422024915022, 0.11056392926521766, 0.2947761082117689, 0.12610635770864653, 0.33978351000278995, 0.10649960369555847, 0.32553710793347845, 0.4391189401720613, 0.04907754331676721, -0.5770705575932242, -0.12534888573616157, -0.019879428921837, -0.32107261002401355, -0.2896414047272171, 0.1682632238430723, 0.11397909603666154, 0.07588934468013837, 0.06507547488451003, -0.050066965824656855, 0.5223534771952253, 0.08722527022342466, -0.18705163838248337, -0.047408091217254505, -0.17613009560216994, 0.0552357318644984, -0.09514273850386881, -0.10497468842783267, 0.12696032978619767, -0.29438258483506347, -0.019784084841367327, -0.3169087082980435, -0.24613232503585503, 0.008021531814441846, 0.38835429876456495, 0.24572799673039183, 0.18608612933861918, 0.10485885522785346, -0.0028780742653337823, 0.1629056094770679, 0.40867956543172274, -0.0486319593718982, -0.11058987656080356, -0.1741964178310404, 0.02230537444353609, 0.31182921993278145, 0.24463139588481628, -0.09570507215813917, -0.4155648642415915, -0.056044378325250874, 0.6490775303355805, -0.16529355521490716, 0.059980752572401846, 0.060091246594686704, -0.07604676344616616, -0.11766798489897268, -0.041180423973093634, 0.10359784413069713, -0.06406443620540994, -0.012049538507550809, -0.5366466462244387, 0.2851962820856276, 0.1397669461548698, -0.049392384292275875, -0.22221661138781687, -0.2087737915607057, 0.035726070560798684, -0.0018626289560787956, 0.0356895625940138, -0.2846104358803089, 0.42988916432902, -2.3348457792168356, 0.10690247861773046, 0.3032953525089399, 0.27432197917363993, -0.1315247611783301, -0.08728741228414166, -0.16380894667153234, -0.7606146400106303, 0.30865120290440395, -0.2195109329438301, 0.39676506778184584, 0.1777291453851757, 1.142900000851944, 0.021388394518190038, -0.39872758241601625, -0.4645176578412926, 0.4506785410002703, 0.16323706599292803, -0.28740976442760013, -0.12468549408375135, 0.2861714310723529, -0.13891693401917088, 0.015043578983403475, 0.12144984659559542, -0.3258737181830433, -0.05238214585008663, 0.2229820561807886, -0.07082517767072424, -0.03181415895516398, -0.18727339168576373, -0.11166773041935327, 0.1720828039799442, 0.10130847286478228, 0.014275383233110268, -0.02220289867215575, 0.08464417900768328, -0.2294882538788723, -0.1878311858668136, 0.17092845967927034, 0.19358507797981733, -0.22590875317184794, -0.25143456627038496, -0.09816421528478102, -0.20278399329510935, 0.3082655204042314, -0.0018356913189990136, -0.0144247350704612, 0.4968359012172992, 0.14651032297593583, 0.016646740191114253, 0.5764254653548024, -0.03234434147360789, -0.2063310387594933, -0.21977852824972222, -0.5699907661786678, -0.23904213589037143, 0.25518285101352906, -0.3746051394504366, 0.13088064409326514, -0.018009150449035293, 0.017697805204342762, -0.42740229600933616, 0.0175367013592867, 0.038594322852565116, 0.14837218721854917, 0.14041721881052902, 0.29575670044940267, -0.4104493112282013, 0.28570057339011085, -0.28780553544427445, 0.21911810954521174, 0.17120818868954796, -0.13803573318643983, 0.21089710046416163, -0.09968816315306583, 0.2221226657375086, 0.45299090663339847, -0.07387649175179825, 0.05292459539817364, 0.04830354847606628, 0.3476497344869284, 0.30154484782562385, -0.12138943992101824, -0.05517159986863614, -0.03557554236726182, -0.030475392096784352, 0.02150434270802215, -0.13997278980498484, 0.21673121095341824, -0.1613415974967332, 0.22404639344635824, -0.06112561136697312, 0.28005354022780843, -0.1913081711796243, 0.16742508134908118, -0.005218182818090292, 0.22292022429051025, -0.6266705850860046, -0.27820764295045775, -0.336669303717847, -0.132136759726126, 0.3079802436568701, -0.08991704868699432, 0.19557271604428125, -0.1565809670885947, 0.32328276073009565, 0.41630642703140575, 0.03545070651395953, 0.039568253435679705, 0.11662112276924227, 0.12722589615672286, -0.06597035845126345, 0.29637211135665437, 0.1472724496655977, -0.12435642881911085, 0.29412110866049357, -0.6027859341770578, 0.27401565970888186, 0.16709607746181945, 0.19654388232116587, -0.09722831343294658, 0.011859345148948933, -0.30284920764280354, -2.3350292083150275, -0.0742050474830714, 0.1834166591961246, 0.3091969061937155, 0.35561150002706854, 0.04158138240239704, -0.3566550118052998, -0.07914978254005164, 0.28894517755626015, 0.29577518273548653, 0.11178074631290688, 0.6077435181437955, 0.1479381556970914, 0.3973233789810301, 0.2057233468194145, -0.3976237593071344, -1.3765892087455271, 0.28309916614887254, 0.2592354697743631, 0.4450838840703525, -0.3451204492340781, -0.1990603614369573, -0.15088273222127632, -0.04946724711485694, -0.037455675018259096, -0.25013683936242503, -0.4324288286048701, 0.2318738922788564, 0.05489401260570951, -0.12364248165817035, -0.04766409007632765, -0.31411853268626455, 0.4498052197009431, 0.5181058031137137, 0.5937628528701134, -0.1583393925049325, 0.33322060063128134, 0.24430580899486756, 0.3346780243703787, 0.211932554851755, -0.02550112688003349, 0.06579746532435349, -1.8786230022850419, 0.16760989393059553, -0.05142766388509671, -0.8554435254865919, -0.10050294417007603, 0.32546342202581824, 0.06327359228750927, 0.18526473076981434, -0.15971932643680598, -0.17328451150454757, -0.2664969155904609, -0.07189530937910771, -0.013090056437241161], "config": {"experiment_name": "generalist_naa_e_set_2_r0", "comment": "Adaptive alpha off test", "enemies": [2, 4, 6, 7], "h_neurons": 10, "population_size": 100, "n_generations": 75, "parents": 50, "children_per_parent": 4, "mode": "generational", "cx_method": "cxBlend", "cx_kwargs": {"alpha": 0.25}, "do_adaptive_alpha": false, "alpha_base": 0.1, "div_bias": 1, "div_threshold": 2.1, "delayed_exp_gen": 25, "mut_probability": 0.05, "mut_method": "mutGaussian", "mut_kwargs": {"mu": 0, "sigma": 4, "indpb": 0.3}, "parent_sel_method": "selNonRepTournament", "parent_sel_kwargs": {"tournsize": 12}, "survivor_sel_method": "selNonRepTournament", "survivor_sel_kwargs": {"tournsize": 12}, "do_fitshare": false, "dist_func": "hamming", "fitshare_radius": 100, "fitshare_strength": 1}}
