{"mean": 91.17981234143055, "max": 91.17981234143059, "std": 4.263256414560601e-14, "best": [-0.13766108021783874, 0.158230102192118, -0.48561218773771087, -0.6818677658468479, 0.6614656598429673, -0.08207462154955289, 0.48454332721363225, 0.32452037309696047, -0.7040460083225069, -0.45502470745997403, 0.07306436925552767, 0.09987018461336218, 0.1759635972431735, -0.2615447873513699, 0.7340628736196928, -0.27298469897164473, -0.18567260540000746, 0.10937992443373111, -0.30863612771991367, -0.009367868213753109, 0.2173040339327436, 0.223931627396371, -0.28748146207345515, 0.5606498937032136, -0.2980117101981671, -0.0964871325260677, 0.16845148698302775, 0.14696542420318925, -0.021755454564750917, -0.06751729245772684, -0.30657848217118344, 0.663078417108952, 0.10113511358553423, -0.21725670162038047, 0.2562850601372405, -0.3897627819267039, -0.4642642445917818, -0.010398064469102939, 0.07248541310873909, -0.08541144268572774, 0.043990004762745755, 0.05799542127488602, 0.5138223885900137, 0.008368104317804293, 0.03184236830756111, 0.11969084625036754, 0.2446542727007897, -0.4741767941750687, 0.4805400405374324, -1.349697181581438, -0.05136766087656753, 0.04028566315750045, 0.2582993218914399, -0.366058104203167, -0.26605761537030587, 0.1343718521003497, 0.08907118975481852, -0.1531734681962978, -0.2864435520620614, -0.36129960401065214, -0.36685941346125517, -0.05073383396709817, 0.08579820405810294, -0.11739106630678105, -0.029521451844326252, 0.11565663606824489, 0.1393963712316726, -0.5351042158753823, 0.5926445595423424, -0.10844364971834144, 0.5184550458964332, -0.29191918128285027, 0.08031900594644412, -0.06425350698009212, -0.6441109428098959, 0.47688394881507934, -0.34950272563961554, 0.10980381555191804, -0.5137188592546434, -0.5574247753253253, -0.2426074728169484, 0.5872588249307372, -0.44836631603457333, 0.312229363118536, -0.5339624647888116, -0.16392960453485506, -0.24231292829260068, -0.2535388246903749, 0.155361575363436, 0.16683465117302995, -0.3808211360723859, 0.016917117916990326, 0.3822363070175292, -0.36839209098914083, 0.1517380519818261, -0.04475288469457642, 0.5101342644670898, 0.1323934981942071, -0.5542540519678254, 0.20751771341745365, 0.203483912430443, 0.04328489644378497, 0.17486875776864041, -0.22293013274802553, 0.010498111195360997, -0.3201784093114571, 0.3333739939400849, 0.13572584920650343, -0.08128963633895601, 0.09381336565477452, -0.5709531193564967, 0.1924082571001875, -0.08763027314667345, 0.1575258676833762, -0.1569289497640668, 0.1132163856094148, -0.13177081433555618, -0.8867031029702742, -0.027648128914154652, 2.443843106068627, -0.08045966240192395, -0.01111615690762569, -0.023838940393314943, 0.171362620907603, -0.33961769763665656, -0.011677902307558571, -0.41301668277867887, 0.30546713059938213, 0.2428127153833745, 0.36156375679399877, 0.7217896679444713, -0.07642731904447816, 0.0665985182023909, 0.6914543692757652, 0.8640978112068117, -0.13470437357675083, 0.49206039526985684, -0.0035703844328097605, -0.16173495363621618, -0.14678965399204147, 0.028171050633339675, 0.23450054370599255, 0.4500559603050664, -0.30176925326716303, 0.039505398778711384, 0.31517104103038496, 0.010179051825392204, -0.557049612482786, 0.09944929832505, -0.2866473372272817, 0.24263630370576522, -0.28296353842035643, 0.690899028782399, 0.13532454253987689, -0.39295696523512164, -0.008312480733622205, -0.10134743166165688, -0.024977877641002868, -0.14675673676672044, -0.24518231977986327, -0.168020119575154, -0.3793279995552694, 0.3499946313292691, 0.14196861080991993, 0.3871684397522016, 0.5134131184891272, -0.1353204127359236, -0.15545020405195986, 0.05203022523967843, 0.5094426420088245, 0.359059800035607, -0.7128329162702699, -0.5172755464329156, 0.12724411460323184, -0.9380017529261013, -0.22582634403173196, 0.4821318770944477, -0.4028186878994475, -0.34563968717959415, 0.33934884382482317, 0.04566116353797956, 0.08879196172983927, -0.07834810828896527, -0.28128982486811327, -0.09008484905546232, 0.2909086376570015, 0.4415765012576406, -0.8995317356555699, 0.5781949167503345, 0.3816228692093297, 0.29498673165735134, -0.01782741018549756, 0.3356262485550137, 0.42518574897633166, -0.085585930911521, -0.22512486402861065, 0.5789079749394028, -0.36728601184862875, 0.2000602111992732, 0.36209866750456576, 0.06284256953875728, -0.4845175663288872, -0.18855651279924518, -0.057365864952795706, 0.17445674799921607, 0.22399997083108095, -0.10049415397528995, 0.4823655516834925, 0.2935257425111589, 0.8199416071050935, -1.919361451285337, -1.0891110308499816, 0.6752000888637224, 0.4114602814589155, 0.8031317728472487, 0.2529475117355772, -0.45312962784893285, -0.059699997819581956, -1.1503363029749176, 0.3436642057619585, -0.518654684368936, -0.23430091399975683, 0.28422488938470664, 0.4947603533115158, 0.24732223515957055, -0.4729363968846199, -0.4803333955358416, -0.0610127509071987, 1.1017068731332316, -0.16260391395225773, 0.045774193499495935, -0.34231248800860153, 0.42441495525855827, 0.9531097084365135, 0.5075077165006215, -0.289375772444942, -0.03071809215506846, -0.013320429890188485, 0.049286815385321245, 0.6741087276671238, -0.5823105427936153, -0.29259123471440635, 0.7737475782438841, 0.4900177349520694, 0.0746864536367044, -0.33415909227359114, -0.2526415636674739, 0.2856560324956737, 0.40581603716844394, -0.18522819784304403, -1.1878284990386054, -0.400633713164174, 0.6606259816053016, 1.164513836596383, 0.685479775079934, -0.5109286962117323, -0.5658118377916572, 1.0534038721209775, 0.6276796416874937, 0.373113630887172, -0.504894309726076, 0.08891492999737084, 0.09504191340911906, 0.5098562019466472, 0.4285958389403225], "config": {"experiment_name": "generalist_naa_e_set_1_r3", "comment": "Adaptive alpha off test", "enemies": [2, 5], "h_neurons": 10, "population_size": 100, "n_generations": 75, "parents": 50, "children_per_parent": 4, "mode": "generational", "cx_method": "cxBlend", "cx_kwargs": {"alpha": 0.25}, "do_adaptive_alpha": false, "alpha_base": 0.1, "div_bias": 1, "div_threshold": 2.1, "delayed_exp_gen": 25, "mut_probability": 0.05, "mut_method": "mutGaussian", "mut_kwargs": {"mu": 0, "sigma": 4, "indpb": 0.3}, "parent_sel_method": "selNonRepTournament", "parent_sel_kwargs": {"tournsize": 12}, "survivor_sel_method": "selNonRepTournament", "survivor_sel_kwargs": {"tournsize": 12}, "do_fitshare": false, "dist_func": "hamming", "fitshare_radius": 100, "fitshare_strength": 1}}
