{"mean": 92.80746908019474, "max": 92.81390066205918, "std": 0.01703616889941144, "best": [0.39335161650790695, -0.2777315746393321, 0.04715145859834299, 0.2244662543735254, 0.0025200202858241885, -0.15823518808385795, -0.13231243229001655, -0.13814516300464932, 0.15861074128161887, -0.2273480174791503, -0.06769445303386765, 0.0007802647493036076, 0.14644299169734362, -0.3330426992559321, -0.5205422463905721, 0.1250605837538093, 0.1539798398079883, -0.09751641883456855, 0.07560164925191225, 0.2895479076822451, -0.40936303644401945, -0.17246061956793637, -0.22755191292701765, 0.000545674009004694, 0.4081628796297797, -0.02985969861115506, 0.1240669320786422, 0.2026930893857605, 0.16638395932510194, -0.14007826632723117, 0.017373838735435125, 0.1363059831504939, -0.054480172833930876, 0.23636562307177367, -0.6114189442981308, 0.07674777301881408, 0.1697741909105555, 0.21427409827005603, 0.11419287182086778, 0.3468406613613056, -0.10032362140055856, -0.3190778410371834, -0.37300287297369755, 0.25477303449059596, 0.1689026365304187, 0.2602328694808177, -0.0439540237312479, 0.20978309777737686, 0.06877122493843504, -0.005259766739123125, -0.2489775302387427, -0.24690197370634098, 0.19187351889841578, 0.13449082816508243, -0.12463625739641404, 0.07286139271747027, 0.12722136089456998, -0.10832842633407425, 0.02540496734044415, 0.12873791381982097, -0.15657706672841468, -0.15792298157172407, -0.25374403791523514, -0.002534090659328076, -0.3333887823995655, -0.1817568812815948, -0.1650938449647422, 0.01967873443931761, 0.04796680377062917, 0.08436074815577954, 0.4457898331332456, -1.1260556738121545, 0.10651131766183103, 0.2853966392859296, -0.17817426154626959, 0.11106595232802173, -0.41652763292693795, -0.30382173981358496, -0.11749955751438265, -0.31598176016204915, -0.11296791083613654, 0.006448460067964137, 0.267396094734074, -0.3517010731790138, -0.3005346796425348, 0.1498064104338113, -0.05360199923460347, -0.2706677962936403, 0.061199504300828184, 0.28647013658289394, 0.06287545839489364, 0.08941832406583484, 0.22442044708878336, -0.12623748879452962, -0.051189507624159254, -0.31470178218879674, -0.056293994165624806, 0.34833367823335043, 0.16507835830021783, -0.2974907914357878, -0.04592003014131343, 0.7416140382941385, 0.24644298205734166, -0.26268100181229503, -0.11250214110952426, -0.29542276433253606, -0.028290426583849785, -0.20693247317373714, 0.5435206842215008, 0.1822355117012014, -0.15412226528158068, 0.015379041375337459, 0.05097186399234484, 0.4346480359221265, -0.13967977830830064, -0.13017945209573503, -0.32186858792592016, 0.1189371109754302, 0.6262519985116526, 0.5274132765147366, -0.18807209308727568, -0.34550465907712546, -0.36651807169491674, -0.6011628566222739, 0.8216095884810418, 0.23296799159377135, 0.0645525186293213, 0.22944646034425592, -0.25899141812459936, -0.004070744821514007, -0.004593599622295151, 0.12204108049247349, -0.04514118683316504, 0.20605500071545918, 0.4641886406508463, 0.24755630024914066, -0.1842057983911633, 0.30712154957701077, 0.39375387452630145, -0.2692355184173449, 0.053009726771347514, -0.13180927798014194, -0.04830384940556685, 0.3761205577020882, 0.05115542922397272, 0.3373538290724696, -0.10958220755281503, -0.07175262681136543, 0.3570115556848159, -0.1453482432623442, 0.27168878017643794, -0.4818661676047616, 0.35356260205881124, 0.15909323415597196, 0.04846061083304085, 0.00961711663109328, -0.1583178154932668, -0.5451741452106633, -0.20968313893054008, -0.10297597494755759, 0.228159008764208, -0.6652878367918016, -0.6464069394854832, 0.4557100399593445, 0.04191636274333331, 0.10447510087643352, -0.002465364232949121, -0.2199477116328642, 1.1318718186716619, 0.17266156961808748, 0.1622252278710986, -0.05602324967591676, -0.13563938074963006, -0.050440878201482804, 0.08865831920305908, -0.09907202236613677, 0.0006100463556874942, 0.10290719431694549, -0.04532826842105257, 0.16558812742554893, 0.40074688957639987, -0.06340685689537838, -0.01178778411460415, -0.0241573231361442, 0.4394975260991151, -0.12920356817821216, -0.11362740057712145, -0.05312398067844813, 0.2658978497884433, 0.2711352749309984, 0.24786094329778546, -0.02462229263933848, -0.39181711722742235, -0.32836370456637665, -1.59496465580904, 0.3005292622185006, 0.05224153806856883, -0.029492059969951235, 0.261199968615286, 0.011915995015390713, -0.10940794941508505, -0.12703216253289437, 0.372732974513969, 0.8524282577151645, 0.371651082097674, -0.056624927044717464, -0.073813051926975, -0.011147254651272627, 0.23123312186293504, 0.13821524953754774, -0.6833486665606783, -0.38008970628062866, 0.26560406713441953, 0.26171262928237393, 0.15066086807231202, -0.27785883137802575, -0.5162716757117976, 0.843886046591581, 0.24367897836851016, 0.34285647471723507, -0.10453690806140822, -0.268768489048192, 0.008746568326618968, 0.06357823286377026, 0.3623085977753411, -0.04801034101532112, 0.0059236448366097065, -0.21123633058133626, 0.2521555128726187, 0.11164628161620518, -0.6811431347334111, 0.09398154605517431, 0.3725073324677404, -0.00045489915131680645, 0.3609782069108292, 0.031163800876575977, -0.3535613752569864, 0.4185742371552641, -0.08987502292798535, 0.2931013231328111, -0.09549442742921582, 0.18930908743145283, 0.1517854669509139, -0.31119340628013015, 0.1595471082165323, -0.1070652224272689, -0.20617202607947338, 0.038327359468139956, 0.4911289208316, -0.30122351665733693, -0.17715961153852566, -0.452121439506048, 0.19840930977853014, 0.1341965744343994, -1.9755335014833775, -0.5964398719591386, -0.21481368720500582, 0.29895461359971826, 0.20055030351764763, 0.15366755674682478, -1.3430170138935966, -0.24732582964650812, 0.08985082728385026, 1.7797002655706717, -0.030800945118140254], "config": {"experiment_name": "generalist_naa_e_set_1_r3", "comment": "Adaptive alpha off test", "enemies": [2, 5], "h_neurons": 10, "population_size": 100, "n_generations": 75, "parents": 50, "children_per_parent": 4, "mode": "generational", "cx_method": "cxBlend", "cx_kwargs": {"alpha": 0.25}, "do_adaptive_alpha": false, "alpha_base": 0.1, "div_bias": 1, "div_threshold": 2.1, "delayed_exp_gen": 25, "mut_probability": 0.05, "mut_method": "mutGaussian", "mut_kwargs": {"mu": 0, "sigma": 4, "indpb": 0.3}, "parent_sel_method": "selNonRepTournament", "parent_sel_kwargs": {"tournsize": 12}, "survivor_sel_method": "selNonRepTournament", "survivor_sel_kwargs": {"tournsize": 12}, "do_fitshare": false, "dist_func": "hamming", "fitshare_radius": 100, "fitshare_strength": 1}}
