{"mean": 92.03047643917702, "max": 92.03047643917702, "std": 0.0, "best": [-0.1228086841222262, -0.051506567209109316, -1.0704312098100575, -0.1408958662700536, 0.2724805253139525, 0.010937651913800264, -0.0344054999444479, -0.04730068025773408, -1.005007309155081, 0.1758546500444667, -0.19291336451029165, 0.1849319576021895, -0.04683807470496998, -0.5048617180935084, 0.20911338702034152, 0.030259074993793916, -0.8615090425423666, 0.11455935358187258, -5.800604840119603, -0.1849885535264289, -0.09695109626696186, 0.04162487914039077, -0.5546258099699511, -0.011501709191102365, -0.019619622250428258, 0.4480765425359522, 0.03632408461251988, -0.16258271752066664, -0.09277548692995065, 0.6593516022921864, 0.30471028803514083, -0.20581524802611037, -0.006823189260686799, -0.44746931317498684, -0.27737084566187153, 0.18663337056502527, -0.043276747246809494, 0.2822092273538083, -0.1462162736366761, 0.3475744467954657, 0.037013181394857195, -0.17118418192146512, -0.03313391982903335, -0.2996125403654164, -0.24779688693068286, -0.2445959118701694, 0.3821516483593829, 0.3918043768958903, -0.2415243147738272, 0.07951250132408284, -0.2642601349076892, 0.06846131899050364, -0.16474743773270561, 0.04084955838967512, 0.09194457625379954, 0.3800840774429273, 0.19173257723398424, 0.33937771349142387, -0.08333826717634092, 0.16945439914957255, 0.0665584335218165, -0.3832824619545503, 0.07910086182495885, -0.1850156610923071, -0.21588070922500968, -0.19826213092209843, 0.1056213170762414, -0.30694021863157417, -0.19822450668776959, 0.12419826682455552, -0.21353555411972897, 0.029450740818604063, -0.2255503435269528, -0.10009106767870207, -0.0469915327528349, 0.5629473325096257, -0.06198972181775405, -0.11938071233775671, 0.42134826416329374, 0.09826720606362305, 0.4225708745541675, -0.34267420011065314, 0.47247098666302006, -0.5812020270833285, -0.022434489860353565, 0.2737277011769883, -0.1968990790890211, 0.008028666349835347, -0.14653812644037856, 0.23110144845494507, 0.03944389304536064, -0.09952870401150374, -0.3463381208266481, -0.1309338204309231, 0.3681817158967945, 0.3321747808306694, 0.21245215372314583, -0.09112343620301365, -0.550287122787399, 0.11253260685829689, 0.25568309940402667, 0.0900235083211458, -0.1631110512737692, 0.053289330440596396, -0.11089871680205157, 0.17808007394532854, 0.0955393280934527, 0.3450407228798633, -0.36211297619539357, 0.15482929750917684, -5.351488739373593, -0.07261560919698644, 0.22658737516294464, -0.015102423180439476, -0.0826632668678777, 0.21850428292318153, -0.15987092328621846, 1.4753668069542252, -0.20415400961499586, -0.2059921893589883, 0.346035845681049, 0.007296608045196242, 0.03829049536672821, -0.22502426309392837, 0.281062134115232, 0.1645498407432507, 0.46213230725134435, -0.13155291274827524, -0.23248503624345618, -0.6915786055833311, -0.7254997856842524, -0.06360229214242076, 0.26910723064361847, 0.08304232244670769, -0.21701270735876724, -0.35261033062445535, -0.2666936355521083, 0.5131182456231423, -0.18321588535168035, -0.4717940644989067, 0.6931845540681859, 0.16271766637602164, -0.20481001361162426, -0.3596526804621415, 0.22871396863977606, 0.013685643338903132, -0.7834710927706151, -0.1663150378535259, -0.3780042711306207, -1.0274083300959538, -0.5537750061222683, -0.10533924034401287, 0.01727477940672588, 0.03457364393526806, 0.009176120109106466, 0.07925199392166414, 0.018493055911909556, -0.04837546520353169, 0.004688748417549654, 0.013414240095897161, -0.15756220471387014, -1.473083422969964, -1.1267305864782104, 0.07867023098209847, -0.3209580464078511, 0.5380572776989121, -0.2995515589555017, 0.05590965810166247, -0.2700267262999206, -0.16483683523362197, -0.6558088537883611, 0.7215064359018036, 0.2971195172221078, 0.2364464697344298, -0.12777845488318332, -0.07212367213518295, 0.41504119698557645, 0.10608522035746021, -0.1450751851916158, 0.14584916314041577, -0.2550617224373635, 0.21703780832580202, -0.1584215078076954, -0.1984935799622325, -1.5446680269467374, 0.3184363686557472, -0.10088434367003213, -0.2101945983164503, 0.2301653054238986, -0.05942308305436349, -0.21196761757097018, -0.10792352645679196, -0.1712132214589254, -0.08417772405029884, -0.06105974894443811, -0.07571164064747908, 0.3058932160862987, 0.04505383595255509, -0.18310413780914836, 0.6120630621227162, -0.44674577886559586, 0.008024704918906346, 0.09197488006688122, -0.29065382985252325, -0.10696689462536393, -0.1308476964366652, -2.620541641462719, -0.012951810739875946, -0.584480559906668, -0.34721632318793383, -0.4946755147005124, -0.2284005187551137, 0.4865925089455727, 0.5303030056346284, 0.008029582008033075, -0.3858101883711572, -0.23283338140065474, 0.3403835660813858, -0.27876296225689967, -4.345012070169984, -0.11071566085544854, -1.367166621691017, 0.03974953835263764, 0.2854409903243766, 0.03137741248685222, -0.42740443101737136, 0.007805778390514228, 0.9171099965495518, 0.33771998458348373, 0.2421835055515431, -0.12188693379411619, -0.14996234593243662, 0.09161103832034484, 0.2711421263662908, 0.05781166565335963, 0.040911625658727066, -0.09463990706218428, 0.1140470505176642, 1.3986731571294433, 0.007092140086256688, -0.1621213713505268, -0.4143725774893006, 0.15826862775598977, 0.2770386049828587, 1.004697212073547, -0.2086702141070559, -0.07032893916630012, 0.30429729535286365, 0.8267243671329172, 1.9429321801618271, -0.14729268383227087, -0.3621666471598938, 0.2728599349552151, 0.21605337767663288, -0.2843953852799826, -0.06450114996417222, -0.30059316086853843, 0.20502370827342017, -0.05500728278939664, 0.9235608334576224, -0.19353712684655514, -0.2635170260662917, 0.18196299382743808, 0.17908017347264693, 0.08721357820042383], "config": {"experiment_name": "generalist_aa_e_set_1_r2", "comment": "Adaptive alpha off test", "enemies": [2, 5], "h_neurons": 10, "population_size": 100, "n_generations": 75, "parents": 50, "children_per_parent": 4, "mode": "generational", "cx_method": "cxBlend", "cx_kwargs": {"alpha": 0.1}, "do_adaptive_alpha": true, "alpha_base": 0.1, "div_bias": 0.9, "div_threshold": 2.3, "delayed_exp_gen": 25, "mut_probability": 0.05, "mut_method": "mutGaussian", "mut_kwargs": {"mu": 0, "sigma": 4, "indpb": 0.3}, "parent_sel_method": "selNonRepTournament", "parent_sel_kwargs": {"tournsize": 12}, "survivor_sel_method": "selNonRepTournament", "survivor_sel_kwargs": {"tournsize": 12}, "do_fitshare": false, "dist_func": "hamming", "fitshare_radius": 100, "fitshare_strength": 1}}
