{"mean": 91.17981234143055, "max": 91.17981234143059, "std": 4.263256414560601e-14, "best": [0.4594891329410785, 0.022599357477942447, 1.2576408404829205, -0.17410281359346014, 0.410236827239322, -0.3747667039900302, -0.2490727286857951, -0.08871644189922342, 0.1352307146464759, 0.3225277911327651, 0.0814933870111372, -0.09700781176145168, -0.1459927922350745, 0.058095713572451184, -0.005842352321964824, -0.21051907376568077, 0.06969456747294668, 0.1554069855366091, 0.05286906050020953, -0.04898061019998062, 0.5556560620247761, -0.07108500587387452, -0.1264126140740436, 0.5540350664497994, -0.079987254924753, 0.1002807256439566, -0.3654705264818305, 0.035430283258791134, 0.17987799509287683, -0.8778443751957005, 1.2860189659813996, -0.12434732434535276, -0.15834876908237605, 0.1828648388943169, 0.20058260105618403, 0.010495867959827189, -0.12827386194950952, 0.15537669203407162, 0.1577410621140523, -0.09355728357265018, 0.10027519673301875, -0.2664793940376178, -0.1246266573117233, 0.1486083383249578, -0.1152010500431686, 0.24367163482759968, -0.3768900259732876, 0.31049654367120005, 0.24151902810054504, 0.015828120102835016, 0.24198765976361095, 0.1962843678143177, -0.05168971145438521, -0.036249666917046994, 0.05084725523729133, -0.12653299541138574, -0.25338271877379376, 0.12094076393581342, 0.10198989105447304, 0.24284323502693472, -0.14214163746225655, -0.24260298941762526, 0.15409292535192065, 0.0707094656003511, 0.2578557183124669, 0.27701384134506013, -0.3330877820318509, 0.09416217061436548, -0.054122893649336076, 0.03137401639571884, 0.3454535614591127, -0.2270075640825383, -0.38450897565861697, -0.1757819057027658, -0.13302812335217512, -0.280969145364347, 0.0591756779449199, -0.3257189985204044, -0.21992170536299238, -0.020240958461347498, -0.27874182188966873, -0.07912132512814041, 0.04736927211016646, 0.09968832203175587, -0.1373886570350649, -0.050374421612068024, 0.17216075024530403, -0.09608576881936666, 0.12322222760783016, 0.17126784167549694, -0.2590038849882789, -0.21728907933905975, 0.3114733893326127, 0.49585531175312014, 0.07634076239764435, -0.26291571136880504, 0.06496401273652909, -0.2538069355879712, 0.2710031833677538, -0.1020532676538831, 0.44423719863474553, -0.18897496815703024, 0.037215377473661014, -0.13762266857699035, 0.22813443581239887, 0.20487260444086808, 0.48769405355926126, -0.23501062932391537, -0.1989845470659844, -0.14718843900484335, 0.18759277296971716, -0.21402713130352785, -0.22399386877133493, -0.11084373888751689, 0.11009767925183409, -0.27981135740437735, -0.08502192257711144, -0.13958522601728227, 0.05823584786376996, 0.16954396734115273, -0.18649941664551145, 0.07454728116638623, -0.2074449920682053, -0.18037061201776705, 0.02662369352796257, 0.07985684084033327, 0.047098392198191355, -0.15726165960118985, 0.08547534255959485, -0.2741409889564469, 0.016591172325794636, 0.6820842664610206, -0.09441588751887857, 0.4459323966464099, 0.21301861204637235, -0.11472330202624027, 0.2542161348586656, -0.2517251563511716, 0.39079521862005695, -0.19056286033315595, -0.14662081150778145, -0.15896955808171429, 0.11523466216915368, 0.12445417797077116, 0.0239346767474759, -0.3469477850254645, -0.26160441445631594, 0.5470711075061653, 0.10453162114190394, 0.11637546916110515, 0.23767020727759908, 0.13735474338848938, -0.07985818268984904, -0.08133470496528959, -0.23994571090546435, -0.031003553479693836, 0.4087207644970414, 0.021916761415701563, -0.308096009129282, -0.2462189743126616, -0.345951365953289, 0.24383149053072323, -0.3051615186829026, -0.4698720183443015, 0.4058029299414361, 0.18539863173479124, -0.11237984862846156, -0.3870958688698959, 0.3361676311244086, 0.021451082890083167, 0.3231059882703415, 0.14629030500269058, -0.1553288462346812, -0.3652040521290518, -0.17057427970619599, -0.0027463124339491777, -0.2066304727046579, -0.05629623680374953, -0.215892651624449, 0.36847657448109605, -0.08479297601591579, 0.04270272109855098, 0.3549218061182666, -0.2389499383226845, -0.13055504803562548, -0.46962736588491777, -0.27519871613319413, -0.027727565403095275, 0.4206302372970806, -0.10178021076502693, 0.12640517596002737, 0.12211668608002539, 0.029515417804568053, 0.08066958026167839, 0.3478774554901254, 0.008310495380932809, -0.03648384330887157, -0.02971292557557551, 0.35991738719031674, -0.17555859763737608, -0.07176435929945758, -0.62117074043853, 0.8465148892334927, 0.03456864370978804, -0.1432563249244899, -0.03495490434738387, 0.15929028342488002, 0.17439620331254208, 0.28993128479957186, -0.21743164118958722, -0.1339529505752994, -0.5057930041999612, 0.5355809104995191, 0.2650190493349912, 0.10453497515964502, -0.07625930290277319, -0.04673390391959235, -0.00417374046355757, 0.37564979981040103, 0.424995494683732, -0.08948159786481116, -0.14312162675353368, 0.026203391116028193, 0.02416617258916449, -0.15781298906961563, -0.18022819995487668, -0.2070054311407984, 0.3739143424070521, 0.023407510311622713, 0.3282317035174913, -0.5602698464599096, -0.1533319348980028, -0.09092047196505938, 0.5315355717004401, 0.20149088188013164, -0.04051150879189204, -0.25285099249695664, 0.5326599169177193, 0.1885352215328991, 0.6103230944706608, -0.09209611169727819, -0.3096159509968627, -0.2285920784618728, -0.27267296979433525, -0.0843459577875934, 0.13547510022991233, -0.09510663824593239, 0.19347712491293967, 0.17711998619756153, 0.27630872956832453, -0.12094837321455863, -0.055851353198773435, 0.3620124650429576, 0.7150394935537552, 0.08340480025043664, -0.24827578760796276, -0.25272936694128245, 0.4195868796301694, 0.43292435195196094, 0.33136813272786314, 0.216624118321565, -0.35528543880761027, -0.3563837642326462, 0.017552370176088683, 0.1401176701779922], "config": {"experiment_name": "generalist_naa_e_set_1_r4", "comment": "Adaptive alpha off test", "enemies": [2, 5], "h_neurons": 10, "population_size": 100, "n_generations": 75, "parents": 50, "children_per_parent": 4, "mode": "generational", "cx_method": "cxBlend", "cx_kwargs": {"alpha": 0.25}, "do_adaptive_alpha": false, "alpha_base": 0.1, "div_bias": 1, "div_threshold": 2.1, "delayed_exp_gen": 25, "mut_probability": 0.05, "mut_method": "mutGaussian", "mut_kwargs": {"mu": 0, "sigma": 4, "indpb": 0.3}, "parent_sel_method": "selNonRepTournament", "parent_sel_kwargs": {"tournsize": 12}, "survivor_sel_method": "selNonRepTournament", "survivor_sel_kwargs": {"tournsize": 12}, "do_fitshare": false, "dist_func": "hamming", "fitshare_radius": 100, "fitshare_strength": 1}}
