{"mean": 92.12203150100386, "max": 92.12203150100387, "std": 1.4210854715202004e-14, "best": [0.1735583914265346, -0.8010757878067032, 0.3764154401802653, -0.16405959615603088, 0.4858325157647527, 0.7396667152458322, -0.07545750827877618, 0.6373130368146551, -0.383534510166116, 0.24363766317866695, -0.1473932052776349, 0.9903337539929092, -0.05270971568493704, 0.27099257194489923, 0.04646791402417496, -0.10110299797646005, -0.3309480723750748, -0.41393089465248123, 0.139794166573419, 0.3358100886907967, 0.10304078508334225, -0.5712485485862862, -0.20407064234773645, -0.5072257478417809, -0.2360282381168472, 0.06244711941364324, -0.6330106318147062, -0.2892281708705168, -0.009681653261055577, 3.421583125011618e-05, 0.04911424448410893, 0.04644677148074449, 0.4971908940860015, -0.2514382439041587, -0.1680973928867774, 0.02109736917635336, -0.2341563215695412, -0.1434816729778522, -0.41952623479897194, -0.4152352730481186, 0.23573284394388738, -0.2168503468622623, -0.7043000091643731, 0.050801895297939256, 0.20837507278297107, 0.9586945379985549, -0.09750812832020346, -0.022679892855079493, 0.3090693278856689, 0.6392076492240532, -0.2945942001577805, -0.022195719276886922, -0.24687790192363201, -0.30754114851007475, -0.9379663804684547, 0.10653995353746493, -0.5004303506918428, -0.4345948789517221, 0.4147025925777277, -0.023865272952318353, -0.40526315376524197, 0.20284034473537363, 0.16403223969957936, 0.30003755800748444, -0.35310053346289194, -0.7318428609770429, -0.5042127744298935, -0.2951052517145809, 0.2187277467637976, -0.046972510015846854, -0.45436819594559047, 0.0782909743079408, -0.14575903142048532, -0.08928461378161927, 0.038219254185431324, 0.020618638178983555, -0.14406275950957667, -0.2818991650582683, -0.7019676444663285, -0.16399133081980283, 0.243068949541347, -1.1994269474710828, 0.00710111795395713, -0.22582627199596053, 0.2653818942508206, -0.08359369551976514, 0.49960023181565005, -1.00033188038018, 0.4295334364857227, 0.845140473010025, -0.038667328498006616, 0.08139177063678688, 0.26560365696273947, -0.13919427199628628, 0.061928037340679115, 0.11448321632254753, 0.03918163925002525, 0.8170061240098216, 0.059863167247049896, -0.027980515118712065, 0.1459004894639638, -0.09153751227799264, 0.22433020302810894, 0.002841255532443906, 0.5974238143909246, 0.11124068892410888, 0.4271458818672589, -0.5305575286496969, -0.4065045643256481, 0.15660579012924714, -0.4321782606983738, -0.2253902107977874, 0.005960223384317128, -0.08631553435483304, 0.09832428237543757, 0.5504253619345976, 0.2186971770089844, -0.21016376858536215, -0.4708766812395616, 0.042576811412955606, -0.32807042853426926, 0.23315913341578376, 0.05686065063796737, 0.061236491540255386, 0.6370584643899078, 0.6306516234526816, -0.0012303566835918979, 0.0912931392255767, 0.2876923886879352, -0.06324923876526066, -0.008059768426226355, 0.33726502320429325, 0.5782719546800795, -0.7308162698747637, 0.5822644138692906, 0.9190738371101961, 0.25937790340945377, -0.8011589813158161, 0.15564558561207587, 0.4296331836619509, -0.13106203968629682, 0.2764355764276146, 0.06656501867055895, -0.1479215888818812, -0.08820687564689186, -0.33594389165743266, -0.24350954584305867, 0.33216497978546267, 0.3553837302586091, -1.1512836530289903, -0.6771987291036458, 0.09963346325527259, -0.3037925692247025, -0.20208643114478064, -0.14438495021724324, -0.7866517241124347, -0.2540200793956036, 0.922713967807719, -1.543643350281974, 0.20330727164993787, 0.05406538079157523, 0.14567170411137523, 0.18015955222530636, 0.3894142351780574, 0.031599868474328656, 0.0068862412857097904, 0.25884573563455776, -0.6811823472482413, 0.25923657758517965, -0.3540312182985534, -0.43103469886565926, -0.2898869302251815, -0.23132887426862045, -0.4807383548059523, -0.7002506951456158, 0.377443627337832, 0.2692026004650841, 0.2205089425290245, 0.7449743461887571, -0.09411091899511922, -0.04281454894541323, 0.24451892495429897, -0.2515615420443274, 0.1553292210728742, 0.015380063939491123, -0.6578204439536479, 0.10110228786189304, -0.050656108845077576, 0.2921148180665458, -0.43289431482791296, -0.5213051098601771, -0.3383263364525027, 0.12191242820644171, -0.7326796108206648, -0.5555175331025697, 0.1164598217787934, 0.4065065518627249, 0.4632139065191432, 0.15281618984724732, -0.050416757935161, 0.2342271540463668, -0.5895521948606867, -0.29736590109098676, -0.2469420921228569, 1.4818542388287483, 0.06375960932188317, 0.16348673517278361, 0.7539467136577463, -0.38688751844737623, -0.17733432318780776, -0.7219154608186937, -0.4373111722371888, 0.29731329772787973, 0.771938864672174, 0.6478997735616835, -0.21442506700195058, -0.04607429798912481, 0.33869305848780373, 0.1306252018637875, 0.3678913583320471, -0.2839873401155698, -0.4055997555538362, 0.1160552629337774, -0.17804915719624737, 0.377338409105349, -0.17479451609888905, 0.27733899668432627, 1.471712000037314, 0.09584638813741388, 0.3224755346150852, -0.5151672501253819, -0.4249595110478427, -0.04093037283210961, 0.08698876899584604, 0.424735160540278, -0.3462652100234964, -0.34651238583145255, 0.9693243994058047, 0.42309484084770854, 0.5527682270650012, -0.36364369521999723, -0.6069986494999496, 0.41020666018423957, 0.22069274196740904, 0.09309736902895725, 0.10959410914302913, -0.08450748449120712, 1.0658273351298966, 0.5899644831473534, 0.22772359070162487, 0.12368045039836402, -0.25076860424200775, 0.6183989416615387, 0.4652910527209023, 1.1181812472764383, -0.2908721270684123, -1.34270049842086, 0.7678760075357348, 0.6348684680865081, -3.0127131271492478, -0.2607544271557104, -0.3554224416735601, -0.6422667248660553, 0.6110696215189471, -0.1924349464068435], "config": {"experiment_name": "generalist_aa_e_set_1_r3", "comment": "Adaptive alpha off test", "enemies": [2, 5], "h_neurons": 10, "population_size": 100, "n_generations": 75, "parents": 50, "children_per_parent": 4, "mode": "generational", "cx_method": "cxBlend", "cx_kwargs": {"alpha": 0.1}, "do_adaptive_alpha": true, "alpha_base": 0.1, "div_bias": 0.9, "div_threshold": 2.3, "delayed_exp_gen": 25, "mut_probability": 0.05, "mut_method": "mutGaussian", "mut_kwargs": {"mu": 0, "sigma": 4, "indpb": 0.3}, "parent_sel_method": "selNonRepTournament", "parent_sel_kwargs": {"tournsize": 12}, "survivor_sel_method": "selNonRepTournament", "survivor_sel_kwargs": {"tournsize": 12}, "do_fitshare": false, "dist_func": "hamming", "fitshare_radius": 100, "fitshare_strength": 1}}
