{"mean": 92.00047643917704, "max": 92.00047643917702, "std": 1.4210854715202004e-14, "best": [0.29205200128613457, 0.08086221838859539, 0.6573491613140058, 0.41116064633384447, 0.24785924534153747, -0.29407563497281464, -0.2859500866755512, 0.5915110451225725, 0.10516390516825377, -0.2148268880784196, 0.11182045279374933, -0.14691019730587962, -0.040375094882046575, -0.11941729923095716, -0.04550567934736463, -0.3676153625314457, -0.26681353171170563, -0.05137000358527248, 0.47107981305621105, -0.09915269941768914, 0.10614894966553046, -0.262390412997299, 0.3122056862655337, -0.04183309006369271, -0.13338188753442454, -0.2527656809720687, -0.17820267147502816, 0.2884073299699893, 0.4067886168649726, -0.011588211681103739, -0.9435187228387992, -0.35035471653153705, -0.3676379361440005, 0.011344478773570697, -0.6922969190547695, 0.2701767414653329, -0.41482751609950247, 0.016568665013234046, -0.327826471522302, 0.33979686567089956, -0.31838304605137074, 0.22806367338458433, 0.14175019901917082, -0.050848303659901985, 0.20975599855286398, -0.04819101278353944, 0.5699804499925252, 0.1898016188491431, 0.10713359244324493, -0.04808240778116803, -0.14140712893342886, 0.0841402056892252, -0.7133590473958958, 0.2908232834364852, 0.42041903062590796, 0.23592848737287037, 0.3086329464971964, -0.517987644985947, 0.043513183674119715, -0.03155376420835859, -0.024004829920097146, -0.1324557412516903, 0.25641704635754786, -1.1703583935139934, 0.8351430939070246, -0.050750145295593706, 0.20145268865182162, -0.014328150527526475, -0.24809144529597685, 0.08384390761182049, 0.42227660512922, 0.13644222388397578, -0.05412839062490992, -0.4342403894679653, -0.10194227482681864, -0.21900012537700825, -0.12534626780146416, 0.0010697561730773992, 0.16341627217681823, 0.2726292235689036, 0.22461074854259108, 0.14669115408255373, 0.14103242573064254, 1.1687872642542692, 0.11282138263180713, -0.10802175148541049, 0.18358975548981704, 0.4729683470955383, -0.2821946882032257, -0.09078013049784715, 0.16154068348792772, 0.15315485814564236, 0.047456059256486494, -0.11862197080798421, -0.09231289385128372, 0.10096615614501565, 0.3428750561282885, 0.0037827099044455796, -0.00037774314048174895, -0.543114681466435, 0.18614289559660918, -0.005024413923899168, -0.7480744682129553, -0.23104894877266938, 0.09335251761438941, 0.005398249422089952, 0.40691149894501394, 0.15513514644359713, -0.09197917350781576, -0.10230272962576491, -0.2760527984059127, 0.020043972326811214, -0.32986681858942013, 0.36233239005761886, -0.06815428333434889, -0.11541398543787716, 0.21127063334901455, -0.3146275262612087, -0.1451211373010577, -0.3648022666759266, -0.2739205412686291, 0.3444170380196603, 0.3074355926175279, -0.086219745696179, 0.45597201418029654, -0.668496041363515, 0.08763004166564933, 0.10021283635913465, -0.2178857864560104, -0.06908563980343643, 0.08619866937006694, 0.03526249298250202, 0.017857853723776084, -0.48141651702980565, 0.1841850613440145, -0.1287649182270722, -0.06845082108525163, -0.21630570463894916, -0.1106041502232826, 0.2242908037972601, 0.5016877196385096, -0.15970331077432315, -0.12754954384232453, 0.04152244221397294, 0.029980459307848276, 0.32161984645582775, -0.6119156903427528, -0.06634105544018562, -0.2709239097767117, 0.028202778027657874, 0.008365801513705822, 0.18814898679869457, 0.24274299982617184, -0.5261885376417853, -0.17901019635671778, -0.12781800815214903, 0.062118206680465096, -11.889207190059658, 0.4394318165657307, -0.10827044257180307, 0.33796547372976726, -0.09794970402307578, 0.195144925018718, 0.14276109529441772, 0.26984985843234727, -0.3586934027779793, -0.10370801245037906, -0.07840102368807364, -0.22718006630751364, 0.23768969948161378, -0.2227517871826034, -0.377304882501583, 0.4654402523707774, 0.3664474054593404, -0.06727318392023315, 0.005263723209035865, -0.04894555636188598, -0.7850010394483771, 0.5812631631345424, -0.2860345239755644, -0.3252447329242706, 0.26085659506480247, -0.45544901941319577, -0.07846341935966727, 0.352533281123747, 0.04975595118959829, -0.07958211013195622, -0.3494085229937849, -0.37694347129768613, -0.2759968884317445, 0.4355257748277031, -0.25301859188549297, -0.2724234877918116, 0.28280906409882345, -3.0008810128803227, -0.3484035082300121, -0.17646758345931315, 0.33295872064874643, 0.12761612610209155, 0.027475816712247532, 0.12381600100402337, -0.012940528523154646, -0.0429138019835847, -0.10125890066452925, 0.021770728122676018, 0.1282311224783821, 0.02839573095566985, 0.519160298559214, 0.4317988491917295, -0.44614375387166283, -0.5206515126181489, -0.35102248095661776, 0.13951988552046454, 0.9190045414417488, 0.15231489657920974, -0.08015009099478246, -0.34599312320073955, 0.0011564681835681265, 0.06950207069057673, -0.052750551375732424, -0.9097543488348805, -0.0616740200417065, 0.04161934484307293, 0.43414531816630514, 0.2673893087021867, -0.34492588040378896, -0.6500574378213151, 0.3273717370867923, 0.36390098064788096, -0.1066216945496897, -0.2592584439572354, -0.32395574937531935, 0.3824210121845841, 0.25872321681664445, 0.1688669130256327, -0.2709813899274923, -0.800765209291084, 0.359326387323711, 0.19905136373632998, 0.08462753929661966, -0.0711313030335581, -0.08037214967200282, 0.14106146941764952, 0.276582586903924, 0.3645570524551768, -0.11926347153513618, -0.3255656699433281, 0.24232020501991572, 0.27301271704913005, 0.46610550298041986, -0.02019976276719031, -0.5837354028571391, 0.3597844060175542, -0.3583926896305386, -2.941922867792818, 0.07085745489798075, -0.33882054017582064, 0.21177549170440366, 1.1083822336305595, 0.13015648589159592, -0.2504016786896632, -0.07048327471415158, 0.33661325391399194, 0.16114519876514047, 0.25339179925868976], "config": {"experiment_name": "generalist_aa_e_set_1_r0", "comment": "Adaptive alpha off test", "enemies": [2, 5], "h_neurons": 10, "population_size": 100, "n_generations": 75, "parents": 50, "children_per_parent": 4, "mode": "generational", "cx_method": "cxBlend", "cx_kwargs": {"alpha": 0.1}, "do_adaptive_alpha": true, "alpha_base": 0.1, "div_bias": 0.9, "div_threshold": 2.3, "delayed_exp_gen": 25, "mut_probability": 0.05, "mut_method": "mutGaussian", "mut_kwargs": {"mu": 0, "sigma": 4, "indpb": 0.3}, "parent_sel_method": "selNonRepTournament", "parent_sel_kwargs": {"tournsize": 12}, "survivor_sel_method": "selNonRepTournament", "survivor_sel_kwargs": {"tournsize": 12}, "do_fitshare": false, "dist_func": "hamming", "fitshare_radius": 100, "fitshare_strength": 1}}
