{"mean": 91.60047643917699, "max": 91.60047643917702, "std": 2.842170943040401e-14, "best": [-0.3393229663287166, -0.9706814742057261, -0.03016281577215495, -0.036379045297708815, 0.23209550285377967, 0.0934426106766547, 0.05683566961252042, -0.04032139613048623, 0.2569217556976424, -0.025495593819168293, -0.02910473219426401, 0.21486827417085635, -0.10085121915847306, 0.03988124605651719, 0.0026225717485328635, -0.09716334331684778, 0.2511372761989384, -0.0019323605263546653, -0.10113319428565438, 0.17628373318938204, -0.2705018207277518, -0.3482631619416545, 0.3153000854862433, 0.2468588806736867, 0.1279965761865125, 0.11061034141237806, 0.6692016068340865, 0.11582719650341963, 0.10658392077323527, 0.3597496445796819, -0.6914346150749091, -0.4919274960571421, -0.7036877178236995, -0.5302866912018424, 0.6427560532109252, 0.283895136577616, -0.2550347389043492, -0.06001105558694738, -0.03067803151971754, 0.7321215267110872, -0.5908270830307045, -0.05077462313640055, -0.11291142073054591, -0.09090212703279217, 0.054448661657738304, 0.4406358167747568, -0.22123638007012053, -0.13016148684137796, -0.0332029547094539, -0.15337110979137897, 0.5565720342529481, -1.3930766884424668, -0.0931135187910993, 0.596816778342999, -0.3119137650595052, 0.004160164852184303, -0.5512234137595156, 0.09945054030561414, -0.0710561875785806, 0.009053325619672425, -0.18781951190944482, -0.11441171019520265, -0.14540937259172254, 0.0011846045848036915, -0.5729560689752786, 0.15828916093357637, 0.163865068912526, 1.5817154462072611, -1.3021804770127172, 0.3811917196737034, 0.06474724151102167, 0.15217316804974518, 0.19187584390188206, -0.05919881123928682, 0.8848500166087044, 0.22166447539622963, -0.19559431328002191, -0.2013573546289033, 0.324669578904975, -1.2141085077619933, -0.4263112395705263, -0.24116462534421157, -0.23457925200012805, 0.2612486113374025, -0.08691406780882331, -0.008174905939172115, 0.49861179171990294, 0.31059392777135986, -0.04124841884992253, -0.44611713863368413, -0.8575169170397448, -0.4195586981884235, 0.115661932575836, -0.0049318900666525355, -0.06348531050592358, -0.033184699015696414, 0.049522470789405686, -0.43502012998409156, 0.10354735360933508, -0.1761422176102453, -0.15928321193912703, 0.302179062764346, 0.2836198546630238, -0.24687322665311895, -0.12679316912757532, 0.0023164759547661474, 0.0827117433590384, 0.09825432786866192, -0.11551229512836193, 0.2045966400551984, -0.13183080458124527, -0.04936729372687976, -0.34950470112968407, -0.18560794071926634, 0.08264166045771217, -0.09246473606494163, 0.7011092000912382, -0.02413914587424247, 0.15440402391908864, -0.03316433373036569, -0.7565693122349512, 0.062430828353175774, -0.39898203217848816, -0.09127543660235264, 0.17050984732328536, 0.17207566312725536, 0.04372383733786508, 0.08571927903801548, -0.17353274471129262, 0.244961876781853, 0.15803217932210953, -0.37905231860645827, 0.09144095410353537, -0.42684894135383805, 0.1259839918188288, -0.11873731955762701, 0.5620759357921561, 0.32297519010648634, 0.2032466407852759, -0.25074809780409546, -0.058893496589697815, -0.1624745794193641, -0.05468499161150652, 0.42513255618627016, 0.6461900712625421, 0.05331381129905572, 0.7480757723491718, 0.15758216395460956, -0.3000749729025283, -0.40560319226862485, 0.027528496109930665, 0.20867615239852605, -0.31494893960218695, -0.5656819896369152, -0.22796440040904745, 0.3016800904672322, -0.08524666539875296, 0.15107425724823964, -0.10357189667270497, -0.08446805205377951, 0.13343524275197238, -0.4288044975868503, -0.36092510433689595, -0.012971046817538367, 0.2370202831994932, 0.21978076422528223, -0.13253350000262595, 0.46289211154967647, 0.34436512082458043, 0.5005954352767469, 0.06962460880169893, -0.49508666824144765, 0.33403243055535364, -0.11678610142825759, 0.01591409240343357, -0.1826851368431051, 0.339637405940747, -0.14120205523590085, -0.22386818629487804, -0.07403648761281707, 0.39396122774932185, 0.17315552100868173, -0.20105959933575993, -0.3590329189822765, -0.019969176987374077, 0.14593313429026356, 0.5197157838367137, 0.1800525757863588, 0.11427470178855997, 0.21219638150177134, -0.2878519229923127, 0.2782407690474199, -0.23987860885999196, 0.1896598775191956, 0.0914612126693072, 0.31713000676398123, -0.212980493795852, 0.09268785874568358, 0.6831766359449788, 0.1690908813402386, -0.4670648948735636, 0.2529712477137793, 0.3339967575795494, -0.011810169893530639, -0.2565040458023856, -0.006685296472376869, -0.13152626314227583, -0.2755479426386735, 0.20459305490879523, -0.15841860125279544, -0.3920107596261054, -0.35956995118693147, -0.2232608712420188, 0.4617825092122345, 0.47167882502654546, -0.0641438097837045, -1.345322863342782, 0.31336278460603223, 0.36617774257026237, 0.12356490640910625, 0.22714645931168076, -0.12111762975906316, 0.18301019024919107, -0.12110267630908153, 0.126618716361507, -0.4302138342889666, -0.7228442207772819, -0.14001101842734445, 0.27887123061661284, 0.22175997664063185, -0.144284756033173, -0.21322846462703102, -0.1168906133801698, 0.8407078296546265, -2.4780857072127445, -0.29073964237797845, -0.46060007967018, 0.16816892941376477, 0.2997858687363874, 0.4121060988491242, -0.001801519595676379, -0.3952881157022565, 0.27448624936679217, -0.0019627419388385833, 0.36592816257511207, -0.9506357738721278, -0.14590942104071822, 0.6533462286379057, 0.1646689359762844, 0.2795362315342405, -0.21731624715093634, -0.7392867980235218, 0.9674888377360941, 0.4291438726982978, 0.16742580242413624, -0.1184860914665987, -0.37862413344133095, 0.32276668457868085, 0.6598120657414549, 0.22898542703744118, -0.561020000892896, 0.13138816892709498, 1.1561657371739629, 0.2187181784134324, -0.159745574142179], "config": {"experiment_name": "generalist_naa_e_set_1_r1", "comment": "Adaptive alpha off test", "enemies": [2, 5], "h_neurons": 10, "population_size": 100, "n_generations": 75, "parents": 50, "children_per_parent": 4, "mode": "generational", "cx_method": "cxBlend", "cx_kwargs": {"alpha": 0.25}, "do_adaptive_alpha": false, "alpha_base": 0.1, "div_bias": 1, "div_threshold": 2.1, "delayed_exp_gen": 25, "mut_probability": 0.05, "mut_method": "mutGaussian", "mut_kwargs": {"mu": 0, "sigma": 4, "indpb": 0.3}, "parent_sel_method": "selNonRepTournament", "parent_sel_kwargs": {"tournsize": 12}, "survivor_sel_method": "selNonRepTournament", "survivor_sel_kwargs": {"tournsize": 12}, "do_fitshare": false, "dist_func": "hamming", "fitshare_radius": 100, "fitshare_strength": 1}}
