{"mean": 92.00047643917704, "max": 92.00047643917702, "std": 1.4210854715202004e-14, "best": [-0.43920010976311596, 0.08111664174767462, -0.34257335592962757, 0.34228866680554415, 0.0521279047481475, 0.3266106897303035, 0.0849057909578474, -0.018434688198207642, 0.2107102088025477, 0.195964680574242, -2.4148315906653135, -0.31602509869392426, 0.2049705306146376, 0.08463121624905798, 0.28527948245346546, -0.22654037937008026, 0.02722760124551775, -0.04968388086561731, -0.05423480853342997, -0.16654400183032175, -0.5013735153085181, 0.09859677987544108, -0.05300271120230163, 0.05004334904027671, -0.26693937903001286, -0.4139096450034535, 1.0580122809946928, -0.07760428756080477, 0.48097654252300387, -0.2979085533075094, 0.08593517704425889, -1.1731510025183005, 0.29338026397288636, -1.4278756273630613, -0.21288931399253058, -0.6257154596749578, 0.9746214012849324, -0.3076126818652728, -0.8016219610186198, 0.08479134314819298, 0.03283169772409957, 0.11434542589861117, -0.4428036332046859, -0.16943794325252387, -0.11311927988925477, 0.3310743341616124, -0.2665269716701365, 0.04335064255085725, -0.6210906561962092, -0.046054728624328606, -0.057694548821420534, -0.005065029153813761, 0.0909713115260603, -0.23079802639427044, 0.24559471970159263, 0.42966263120049136, 0.7961816607034757, -0.08673590332990123, -0.03672238340918495, -0.05801748689347187, 0.5185080594432826, 0.42693051101479734, 0.08773344218073595, -1.0689985988127804, 0.009388786530508179, 0.1512735847821729, 0.16786897651448526, -0.3806842512434763, -0.4284166060842625, 0.18277845688509298, 1.23638951595099, 0.32885683487258016, -0.10779976046458044, 0.11143897310870321, -0.17961902165760016, 0.13915883757688907, 0.057336649147313005, -0.06977970423727554, -0.11986834529332588, 0.24829314003607242, -0.023451113596642006, 0.1709531767169095, 0.22065656102069658, 0.3680036427276732, -0.13036557893222536, -0.285238422349666, 0.2097115220983543, 0.493395915544752, 0.17585834246963356, 0.04992650399668468, -0.01356706438093027, 0.623890942188694, -0.2241033187833348, -0.07153378786177356, 0.9434839566746206, 0.0854942057885609, 0.09924304109067413, -0.14279339240929992, -0.05007941750626166, -2.969777707832021, -2.4323769656805223, -0.054414029666445034, 0.19425895570951793, 0.3610557400601521, -0.03893692868294456, 0.28905468878387475, -1.6470859761503354, 0.8101272393238144, 1.7611065230247043, -0.23009994616862495, 0.028224047270668667, -0.6004993186221422, 0.12040880176168535, 0.33375782165957807, -0.15454048311344196, -0.0209580363988824, -0.0684357378703453, 1.1174264878462643, 0.18480621033871966, 0.17203676011874036, -0.8855576133628983, 0.02538746275073741, 0.6048177888705656, 0.36172800411286665, 0.30315984832085596, -0.38734092815944765, -0.16932602726344653, 0.1832960087639508, -0.0005036674645445107, 0.07476220699506385, -0.23920421052532267, -0.31274960678830016, 0.36155445895401145, 0.43904431546204503, 0.6012848017983713, 0.3514133773605679, 0.13582875025991561, 1.637727219090339, -0.05460391819815291, -0.1588826908989454, -0.4769283480941946, -0.6542444213960779, -0.1775758411031066, 1.8665412528928615, 0.34626402948342033, 0.10014626449703189, -0.23416383337451185, -0.01958871882002201, -0.14839188036935372, 0.03145895258967101, -0.051904068699919835, -0.4347979361455771, 0.33741843468884203, 0.0317592054085636, 0.24393990054613932, -0.8551557653969538, 0.06187865456118572, 0.6923909732596892, -0.28598396000037457, -2.9897640835774113, -0.9778899928087201, -1.3641314269005398, -0.3017572895457598, -0.2307264055340975, -0.21688336701607297, 0.2908597028240704, 0.6790805221808967, 0.707323015361023, 0.06273809759120919, -0.3405133795370111, 0.21376945572605488, -0.09318606110723046, -0.20891462980743647, 0.6201440361152315, 0.23643858197365009, 0.38159590240307595, -0.21212302161296376, 0.02899679888953463, 0.03622964559680139, 0.047325338993162325, 0.07723636204321996, -0.2456583354115267, 0.443958213303233, 0.4359689051483682, -0.4914949916512248, -0.1191937664440639, -0.3619968803932431, 0.34621410814430975, -0.32208271126485716, 0.7346528845941054, 0.21099559482819702, -0.07809593245146748, 0.22906465373505272, 0.7946312141115514, 0.2089505604036955, 0.012905737633810196, 0.1244418934877675, -0.018880825616588413, 0.11925161899129144, 0.2170797381186204, -0.049280056827390374, 0.09606804338411072, 0.26964366583371835, -0.08732281861262647, -0.17420775027711374, -0.863981677037975, 0.3136823076510682, -0.4156248799786975, -0.22235980470089547, -0.11616550618904556, -0.30028417511627326, -0.5053972168527339, 0.193639248141763, 0.31723722902289664, -0.028701046444977948, 0.40760211501288424, -0.1712620388516324, 0.27844383158760033, 0.5633073507840558, -0.004311891923894859, -0.06763030990458416, -0.7141778218103879, 0.29154549510413336, 0.3382360613787574, 0.04552746296961212, -0.40120986384083623, -0.49113770181064664, 0.3711638526037072, 1.4329921608543323, -0.04947540629680932, -0.5590470492438699, -0.5568966451884247, 0.11988643283486196, 0.43115788043142617, 0.21571408232280717, -0.40747125330731504, -0.36331122868719573, 0.20047861892821098, -0.11798068540867768, 0.05687210938503903, -0.4811603031719903, -0.2721790904144722, 0.42779406510207196, -0.22647471665623417, 0.1235771406865388, -0.1339348942396869, -0.32241845008501047, 0.4912742364695277, 0.2686589677538824, 0.2516393342499546, -0.15990896249906666, -0.3583044865815461, 0.21285701863050432, 0.3660330602790302, 0.30608270108997704, -3.715035394703132, 0.39304110831220634, -0.0002741450702052027, 0.2991249643540006, 0.29605160232213334, -0.13362361953725238, -0.06532794611338741, 0.09869587730918324, 0.26888709400537747, -2.1398555821795293], "config": {"experiment_name": "generalist_naa_e_set_1_r1", "comment": "Adaptive alpha off test", "enemies": [2, 5], "h_neurons": 10, "population_size": 100, "n_generations": 75, "parents": 50, "children_per_parent": 4, "mode": "generational", "cx_method": "cxBlend", "cx_kwargs": {"alpha": 0.25}, "do_adaptive_alpha": false, "alpha_base": 0.1, "div_bias": 1, "div_threshold": 2.1, "delayed_exp_gen": 25, "mut_probability": 0.05, "mut_method": "mutGaussian", "mut_kwargs": {"mu": 0, "sigma": 4, "indpb": 0.3}, "parent_sel_method": "selNonRepTournament", "parent_sel_kwargs": {"tournsize": 12}, "survivor_sel_method": "selNonRepTournament", "survivor_sel_kwargs": {"tournsize": 12}, "do_fitshare": false, "dist_func": "hamming", "fitshare_radius": 100, "fitshare_strength": 1}}
