{"mean": 70.78256482429678, "max": 70.7825648242968, "std": 1.4210854715202004e-14, "best": [0.025677526535551495, -0.11748149204150507, -0.6100798699362461, 0.2588735639101177, -0.027556574887388715, 0.28615305469618185, 1.115402293108184, -0.9154338592894871, 0.043997734354375, 0.24355105904857316, 0.017172778449751295, -0.056178825829204346, 0.0845765135652093, 0.2568310702619993, 1.6212841933510547, -0.3866735597018445, -1.6174493780325305, 0.5385152544347495, -0.8777234174551987, -0.22105638255878574, -0.46934061630569884, 1.6962947057777182, 0.3787144848087579, -0.1953904555477734, -0.5189929111652518, -0.28048333109987883, 0.13448327455413137, -0.14385159901385747, 0.2146677662385981, -0.08837963372515979, -0.06766240374654921, 0.11064458672800229, -0.38535606681071316, 0.41804218482231087, 0.1501530797972147, -0.1590309139399254, 0.14036674976743888, -0.27605711979847586, 0.12329880596397629, -0.1609477715378381, -0.8489410049730954, -0.35861934665427253, 0.08388082228449184, 0.4829529022835492, 0.06792059848301707, -0.19943262115099009, -0.23515508059118698, -0.06572871205791608, -0.49003077916674387, 0.26407742911131094, 0.32383616474769145, 0.2985868216766427, -0.1762020897088551, -0.6731284284048367, 0.9163925875128226, -0.06866967364043994, -0.1139240508688949, 0.1294052257736823, -0.12812234347951376, 0.5539357599128991, 0.07507892573315304, 0.6665402471976882, 0.31183248009697206, -2.1493761904550404, 0.2102555389158241, -1.1495647769906945, -0.005481127899789414, 0.5306370765721931, 0.28750945410487816, -0.3162395158985213, 0.105500695409595, -0.014719504489090287, 0.041963178482758545, -0.10213407594747395, -0.06571420146848322, 0.15226709560940438, 0.06271203524055817, 0.2690704455035603, 0.1437797650862401, -0.006089073073758489, 0.2589022963193287, -0.11746889886422308, 0.003399673016504009, 0.6001568236352994, -0.22630442270717027, 0.41833074676079685, 0.61818648282313, 3.0064772044586148, -0.3079319358108964, -0.03747042561743721, -0.13716571401095623, -0.9360018200420979, -0.26975532121033774, -0.33238325830605137, -0.21265746626740187, 0.20194636001104987, 0.569580814507513, 0.10987537736822757, -0.16626297788758043, 0.2625530153250659, 0.0136698066229481, -0.15226040892078768, -0.2765114109957473, -0.19494767110709016, -2.693308916653402, 0.09080262844917429, 0.3198358472850506, 0.04823369706942782, 0.7340160892357019, 0.6497724628608025, -0.11205681773582908, 0.11852538374441761, 0.12184756423247775, 0.09736416283915683, -0.45037055835943524, 1.4237257033481334, -0.4171513699426493, -0.370182652195524, -0.21228539433242727, 0.1880878774594288, 0.7481512924447457, -0.4809602212975929, -2.078845243868858, -0.18672578968504222, 0.29538141546615027, -0.1095510003296159, -0.1533882347617695, -0.8439017534802266, 0.2380882724851494, -0.131062315634736, -0.10684924349766124, -0.25753994393496926, 0.6749883274082232, -0.28713557684922736, -0.25394499534541787, 0.18250809870879445, 0.35779679503531214, 0.1804108190584784, 0.24584486694280566, 0.06977841618431141, 0.16338150066394827, 0.5340630117180731, 0.2816248405382939, 0.8204612952072032, 0.6439863724788625, 0.13056842902096932, -0.11383403255108697, -0.1405023390983633, -0.32292610737142535, 0.7685034005287952, -0.11422905956437004, 0.507209708255102, 0.15038438107009522, -2.5782098277526826, -0.6131681901760982, 0.2562969843344348, 0.45449416626688, 0.0964816884233742, -0.2967697788277416, -0.6125609565301635, 0.3506756863168796, 0.3552207562316795, -0.08241986316224732, -0.887474227380478, -0.8175095243944049, -0.20566284213489044, -2.395757589343578, -0.18474867947339907, -0.16265789836463634, 0.2826798481996271, 0.41344680842079773, -0.04436057283062776, -0.0731104826744116, -0.30950092073893104, 0.17296330988933722, -0.018707416457988606, 0.6794002715148217, 0.4595384098513514, 0.29616193947167435, 0.18695542021080197, 0.06059103849303037, -0.1336309897702499, 1.5193231556715374, -0.37144011249895426, 0.22335772003754853, -0.36316096982159496, 0.3385689861407548, 0.0046359005315212524, -0.08428596401412367, 1.0232340686809558, -0.34554282342023207, -0.595407501408597, -1.1496032478995561, -0.12123890343314682, -0.1111470632224636, -0.06980586324441361, -0.33525398500188647, -0.2118223372929933, -0.0147419272942344, 0.3695389287775469, -1.1492181220736366, 0.030728214584952895, -0.5739973093428783, -4.25582315266803, -0.01945001066178703, 0.6382544423832441, -0.08381283730770456, -0.10132225418368938, -0.35995011998835, -0.005028431033328439, -0.3732742548918303, -0.18649905176772025, 0.9588521661154555, 0.44123763115143244, 0.5831711165000606, -0.1312841130646224, -0.04042387276867612, 0.08241545465261134, -0.1663006888646937, -0.20252467201954513, 0.1820771573800204, 0.4037535746956663, 0.3665671282017204, 0.26334090227504336, 0.14539293695207245, -0.10936831341640407, -0.34503423141392164, -0.4467907608067413, 0.06883630103722713, 0.2689183924003891, -0.38224248951814394, -0.4713913181776418, 0.3683100539719692, -0.39168260989285236, 0.22208136990680566, -0.27280939918530656, -2.6690928186495615, 0.025299635568800667, 0.06915917709945428, 0.5124121004887954, -1.111190326007389, 0.20641214565815952, 0.20340982879250047, 0.3805954601463453, 0.23653061818021498, -0.5889854111012032, -0.036651224391612815, -0.2775220840390603, 0.1167313334371501, -0.022350396172090472, -0.24709227802644165, 0.37034210457093614, -0.0741785093510224, 1.0508623073172736, 0.7420642976681311, -0.3715246842582033, -0.061538523549704176, 0.02869726863647211, 0.4473978177910531, -0.09474608975157284, -1.121756461079665, 0.014729907128477281, 0.7634615246604314, 0.15862458971000792, 0.34227165968522366], "config": {"experiment_name": "generalist_aa_e_set_2_r2", "comment": "Adaptive alpha off test", "enemies": [2, 4, 6, 7], "h_neurons": 10, "population_size": 100, "n_generations": 75, "parents": 50, "children_per_parent": 4, "mode": "generational", "cx_method": "cxBlend", "cx_kwargs": {"alpha": 0.1}, "do_adaptive_alpha": true, "alpha_base": 0.1, "div_bias": 0.9, "div_threshold": 2.3, "delayed_exp_gen": 25, "mut_probability": 0.05, "mut_method": "mutGaussian", "mut_kwargs": {"mu": 0, "sigma": 4, "indpb": 0.3}, "parent_sel_method": "selNonRepTournament", "parent_sel_kwargs": {"tournsize": 12}, "survivor_sel_method": "selNonRepTournament", "survivor_sel_kwargs": {"tournsize": 12}, "do_fitshare": false, "dist_func": "hamming", "fitshare_radius": 100, "fitshare_strength": 1}}
