{
    "mean": 93.55669509194095,
    "max": 93.55669509194094,
    "std": 1.4210854715202004e-14,
    "best": [
        -0.0017579589899973103,
        0.20258045436140582,
        0.36239822388633525,
        0.7803832237050989,
        -0.6801981736955285,
        -0.5102117666545407,
        -0.1554070640151224,
        0.2231787184424432,
        0.7868137506603519,
        -0.42244310578713296,
        -0.2894780262018206,
        0.16744083740832072,
        0.7027716929759129,
        -0.8420963965926394,
        -0.5153794079120839,
        -0.14956283524256198,
        -0.28909997577876223,
        0.14019559264880677,
        -0.8120972853727566,
        -0.4644527547663304,
        -0.841733231440051,
        0.8897002261003275,
        0.3178083208099669,
        -0.4288837975894244,
        -0.7728033385835118,
        -0.31633211997352073,
        -0.7135582089704957,
        0.5297866086228433,
        0.9622417693865808,
        0.2278010853542034,
        -0.24456719039474661,
        -0.3112443816140158,
        0.8821253846089538,
        -0.17886633325486634,
        0.21907022143145394,
        0.0609244792606527,
        0.8614127559318039,
        -0.7032053972378902,
        -0.006483456715803193,
        -0.1550657759377616,
        -0.9081583422672859,
        0.9003188468432055,
        0.3895007961333943,
        -0.7040898537867384,
        0.009284685577765073,
        -0.4491022386820982,
        0.595734259827239,
        -0.4013901641469759,
        -0.24663274821389636,
        0.5946183453757588,
        -0.1805759702365788,
        -0.5038723073421212,
        0.03128060219132767,
        0.3207196740053486,
        0.7125127600001342,
        -0.550251236500896,
        0.8634612939754194,
        -0.09617075155149535,
        -0.8073157897812631,
        0.7222797069207278,
        -0.17920642733016567,
        -0.9886197116564979,
        -1.0612162204962607,
        -0.4548034061891648,
        -0.17563266903671448,
        0.7948259389959829,
        -0.4219513489589337,
        0.2561683461090898,
        0.6982245164136762,
        0.6254127945164787,
        0.9864633285047599,
        0.6259207169352841,
        -0.06602736000123999,
        -0.9964426013778682,
        0.16048221328461465,
        0.20783067780843423,
        0.8356802792130227,
        -0.06009496570646933,
        -0.4343204016970357,
        -0.9511262883448153,
        -0.9532998229144767,
        -0.12353265091096333,
        -0.6106823237054704,
        -0.1578214168463956,
        -0.9877174212466326,
        0.9122332246254723,
        0.828842244367225,
        -0.6500998615146529,
        -0.7264867424409187,
        0.7941313713992837,
        0.7010019012191431,
        0.8224728909606729,
        -0.10424775497928779,
        0.11292768545555942,
        -0.729626002726959,
        0.7578992627425554,
        0.08821999645133283,
        0.6483881777257972,
        -0.11005113979430092,
        -0.9331273016555257,
        -0.47660462152694083,
        0.2249926646015652,
        0.3073892406218215,
        -0.485328349782149,
        0.28027869905180136,
        0.28562396337004303,
        0.7858659560528887,
        0.6470493183849981,
        -0.9351592373709361,
        -0.2984268794329057,
        0.13758789333852284,
        -0.41733466809129705,
        -0.8632310944002937,
        -0.014744903202415394,
        -0.45480861358351343,
        -0.8583745927766375,
        -0.053705791615880294,
        -0.448102481750394,
        -0.0837521469975826,
        -0.6618129607263501,
        -0.8827920917036816,
        -0.039362593190785944,
        -0.4130602909393224,
        0.5028714448625979,
        0.501964533353852,
        0.5412837318061343,
        -1.2730609525602303,
        0.6254723882633422,
        -0.3116025496181345,
        0.08169963094908095,
        -0.8060367052925188,
        -0.9800487269206641,
        -0.7563397779249914,
        0.9658657590158861,
        0.36569516591361073,
        -0.5620589653228403,
        0.7558047757291171,
        0.5389287894554164,
        -0.4897079783447278,
        -0.20034728149931857,
        0.3800044835064873,
        -0.22132054329888445,
        0.9848425410407311,
        0.9094699606471304,
        -0.6121803518845366,
        0.21211882085832734,
        -0.0598016250352309,
        -0.5657507159271158,
        0.5172130386187066,
        0.7189545104419806,
        -0.016296167175220644,
        0.8859319226407372,
        -0.027196842124837417,
        0.5886279377745638,
        0.3318318984885549,
        -0.646210307190918,
        -0.2924007393626935,
        0.8513086799210301,
        -0.11450116510259845,
        0.9073530698240988,
        0.3728238773014203,
        1.649982593237635,
        0.09669506573767928,
        0.7598561401291846,
        -0.229669891751197,
        0.09723960084500605,
        -0.7385248059019871,
        0.6455731154658966,
        -0.21967693991764659,
        0.5379495999817112,
        -0.8878527108523699,
        -0.6955778648452207,
        -0.37401536653330103,
        -0.7854873334170458,
        0.8731479164800777,
        0.9605546212962541,
        0.1788503116816471,
        -0.21342212102488523,
        0.8963193113373189,
        0.11135464651354754,
        0.34994871218570855,
        -0.8423831356439988,
        0.6447021699167252,
        0.6570680775666202,
        -0.6120669771239424,
        0.2935735752947706,
        0.29853542787850684,
        -0.5049377106412889,
        -0.10189619295554997,
        -0.07788107717391268,
        0.9506601776057162,
        -0.6569523665317869,
        -0.2116652866783899,
        -0.7073850441324911,
        0.9702431058784864,
        0.6100747982692623,
        0.5850682059110428,
        0.3627349924454377,
        0.7095743764278786,
        0.4819712433246319,
        0.8969382541026796,
        0.3598863323093533,
        -0.8294786725166339,
        0.8830919699293416,
        -0.6186026480233136,
        0.19871244296226842,
        -0.7781910089490329,
        0.42322507668073084,
        0.2005243202350997,
        0.9471896274348734,
        0.9771315834785685,
        0.2239038376789637,
        -0.5502761312657767,
        0.5994565425875265,
        -0.7052147902504884,
        -0.6290646903917012,
        0.3251508525503608,
        -0.5833356640216121,
        -0.6567931890805485,
        0.7765247152914314,
        0.22194535053277775,
        0.5968567665915043,
        -0.6292905276448313,
        -0.3455359714311703,
        -0.8790268556044105,
        0.08153970287906898,
        -0.40860712064608373,
        0.2225512637731213,
        -0.4328337778123714,
        0.7962584986613492,
        0.22681147145979597,
        0.9684211872097652,
        0.6084722397940028,
        -0.3056053829064418,
        0.5269367477998452,
        -0.152048783736064,
        0.3808702254881875,
        -0.7770798311277527,
        -0.7674691402082623,
        -0.6562124058874019,
        0.6801434975250162,
        0.3539110743029521,
        -0.38740914634927615,
        0.829891347924776,
        -0.5892966165393885,
        0.21028356326457542,
        -0.7557656697917114,
        0.17821352807007362,
        0.9536807036538599,
        -0.6690149267755654,
        0.7878365340356595,
        -0.37422537478619233,
        -0.9360498148964913,
        -0.6295433380201911,
        0.4954985958733751,
        0.41647094042377586,
        -0.2518023855364371,
        -0.34949214130383965,
        -0.7570992788815616,
        -0.23415232458620205,
        0.7460984176501784,
        0.019370972592561042,
        0.5939099622185788,
        -0.6714574131782998,
        -0.48287119164544223,
        0.5852991825088161,
        -0.8495724496451256,
        -0.5423787754948699,
        0.31660136436568287,
        -0.6445998309923842,
        0.5215980918216325,
        0.020336799417582485,
        -0.07498311046863582,
        -0.2079609307680219,
