{"mean": 91.60047643917699, "max": 91.60047643917702, "std": 2.842170943040401e-14, "best": [-0.22651474674558802, 0.23642605549546153, -0.34984316682092087, 0.12831760806730166, 0.5187450326691398, 0.41700873017220724, -0.4787173899227134, 0.3006920908386915, 0.30409714711754976, 0.22448211690680317, -0.06653806659844175, -0.1273497168422416, 0.17189241232581448, -0.40479856689482396, -0.151895394318184, 0.5053955127452071, 0.18004981429740588, -0.1310889511028905, -0.06819045501904182, 0.7933800262776483, -0.3744943199676821, -0.13402754774066922, 0.3112053328131823, 0.648401963201912, -0.60931101199488, 0.14053316573282648, 0.1273968025295137, 0.0934552247604318, 0.1310249095417625, -0.7275113909845503, 0.08284420654268855, -0.06414983106253236, 0.5411280410927058, -0.3346088263812241, -0.1225956506362422, 0.2989106761095751, 0.17522102806900067, -0.04173045637491711, 1.8857444608277958, -0.3531257229657057, 0.40399371018469127, -0.1785374650028591, -0.18199572836358294, -0.15221600477202193, -0.12430750036812366, 0.06808616131004352, 0.11920887441491679, -0.2882781391349078, -0.31198043320324226, 0.3241833355725683, -0.40117016379603276, 0.4983348034011775, -1.4624651039842433, -0.15503212182555812, -0.010325048741044252, -0.0844686239178427, -0.6231709579622897, 1.5354059127075725, 0.048558993459455205, 0.07571631055547158, 0.6463794763776743, 0.017494527352311103, 0.08517197874884412, 0.280965357367077, 0.38946316622267013, -0.1959268300761869, -0.12519333324799706, -0.1947293449010728, -0.08212134530462294, 0.32412501086328854, 0.36791178022976595, 0.12025934303138097, 0.05050781193173245, -0.1749637365482039, 0.08271807633461266, -0.262495040756525, 0.2201049445999541, 0.09765643332987942, -0.26488553048683605, 0.019223954992313337, 0.7995282024376312, 0.08202199298434179, 0.029802808974719406, -0.1266135665311517, -0.2785426074658584, 0.07851752263778106, -0.050621794461228276, -0.19787005247891928, 0.9254406558401115, 0.08644303268482123, -0.20012597385227618, -0.5323688035097355, -0.28833386294239627, 0.06636888801913753, -0.0523440052943206, 0.27746228776552695, -0.06840600285511868, -0.1521029373603236, -0.7185347632279304, -0.6032517415896921, 0.04393586193381913, -0.022570537524125144, 0.1286291830416031, 0.047601820036673057, 0.2716709898696854, 0.075553066746978, 0.13585068540093265, -0.5933368395434461, 0.1141173559701238, -0.19069405744896917, -0.2422423890697478, -0.32671767088192744, 0.0015990127976994533, -0.037291695523991315, -0.2257972427834996, 0.2687819854311244, 0.20298902541433533, -0.10775023880471221, 0.4109845426686412, -0.009282961914683118, 0.5303997534532126, 0.016432997321549542, 1.4403950574784987, 0.4805891675208694, -0.4840959139024635, -0.16998281694917564, -0.009465172913171796, -0.0731678946265712, -0.11788472907546457, 0.03220852759854838, -0.5052417694903281, -0.0738159220594584, 0.09599534761788914, 0.15860331671641817, -0.19911427730025844, -0.44530711569140136, 0.061992964560276524, -0.12202905820636675, -0.3133733539998076, 0.39850853299917083, 0.4325175539729021, -0.5344090899978062, -1.2553847504241493, 0.05577970603127462, -0.5949194442262019, -0.1582009874212895, -0.252523105683008, 0.2084933564262779, 0.3296600778793308, -0.21557926982484943, 0.0030196176026661375, 0.10219714190765028, -0.09880860155892973, 0.407659641039537, 0.2608337907458392, -0.0315328804569419, -0.05293607276312863, -0.36118423892727297, -2.5155396744841525, 0.041903806712331015, -0.1067318898886184, -0.2468316944753946, 0.1271506863780385, -0.17491965537556795, 0.09466589283354172, 1.0002541910191365, -0.308175499842076, -0.2654834923678848, -0.0020686027775473027, -0.03910347332719044, 0.15706180873079115, -4.790008578364015, 0.07261176223699053, 0.12408551551493863, 0.514348728705422, 1.9491334276714198, -0.20116306666682104, 0.39137570387337695, 0.23061799018194878, -0.2974445378629434, 0.18883466126849124, 0.25170775658825945, -0.2049453047449496, 0.3158654467809169, -0.3835171555898411, -0.14584389150012997, -0.20379732033883463, 0.10782345895008341, 0.3576784813734378, 0.668231802982683, -0.5533470882079604, 0.5842201996841915, 0.04428614209599033, -0.18950706149793203, 0.10562463921076344, 0.7015589478923814, 0.5199605148218807, 0.00270930747391346, 0.24301687820352114, 0.05916857218693069, -0.4587407640442423, -0.27247694765285246, 0.0652924678361663, 0.03648874177940225, 0.19412685996552181, -0.08642898902522929, 0.033746522586732344, 0.19317165876621128, -0.5239733152618729, -0.4096747704629781, -0.7114295587238497, -1.0443249014511577, 0.44662573293119734, 0.14883722119288456, 0.5715972968679097, -0.6647547280117062, -0.3034711633312031, 0.08285805406162305, 0.3494776178374753, 0.3904025179407038, -0.198282649137388, -0.4029438623721937, 0.26899034443091563, 0.03959031130060796, -3.5918611803108313, -0.04917823590962965, 0.078685735912093, 0.08725667525570863, 0.46401862586526244, 0.2894604556035386, -1.3530774358297448, -0.1860428179546778, 0.021800149338714415, 0.4349304552555202, 0.12949722770536012, -0.8982482084873784, -0.15954721505003905, 0.39817130648927646, -0.12606926073844107, 0.06470251307140638, 0.39312741136522134, -0.7519009602998457, 0.14969626722426252, 1.1618875637988568, 0.5097493729947283, -0.08281988577038792, -0.255542152778784, 0.3606406330079816, -0.004102234340305514, 0.5608169045793697, -1.293241497311703, 0.017352149633200697, -0.1250744705291516, 0.7980218067061335, 0.18770979716130398, -0.07418289132472151, -0.147205128124165, 0.30620992910292016, 0.03229749885413826, 0.3032894747435625, 0.06815198210292736, -0.21516093237753425, 0.3496488791188304, 0.30939803160705986, -0.08687660858743583], "config": {"experiment_name": "generalist_naa_e_set_1_r4", "comment": "Adaptive alpha off test", "enemies": [2, 5], "h_neurons": 10, "population_size": 100, "n_generations": 75, "parents": 50, "children_per_parent": 4, "mode": "generational", "cx_method": "cxBlend", "cx_kwargs": {"alpha": 0.25}, "do_adaptive_alpha": false, "alpha_base": 0.1, "div_bias": 1, "div_threshold": 2.1, "delayed_exp_gen": 25, "mut_probability": 0.05, "mut_method": "mutGaussian", "mut_kwargs": {"mu": 0, "sigma": 4, "indpb": 0.3}, "parent_sel_method": "selNonRepTournament", "parent_sel_kwargs": {"tournsize": 12}, "survivor_sel_method": "selNonRepTournament", "survivor_sel_kwargs": {"tournsize": 12}, "do_fitshare": false, "dist_func": "hamming", "fitshare_radius": 100, "fitshare_strength": 1}}
