{"mean": 91.60047643917699, "max": 91.60047643917702, "std": 2.842170943040401e-14, "best": [-0.12945638269449206, -0.3564113761867017, 0.809580560724043, -0.03988738027099093, 0.011260026259977934, -0.27753149689507867, 1.0515127144790688, -0.09348177132723204, -0.7296637221528868, -0.21511590729203436, -0.006025127295675893, 0.04306624897388055, -0.13599471633654386, -0.052576825089436695, -0.4863391714382399, -0.04938473323918404, -0.2546698936980781, -0.5510257292307194, -0.17499987877682388, 0.06725755094997345, 0.5232737217420027, 0.367877728116373, 0.2512702036703254, -0.07469478644837102, 0.20704541814711352, -0.1529895035020536, -0.047612496914638106, -0.12398779258844858, 0.13892073745287836, -0.19444369178575752, -0.14174673533206583, 0.1937229164186665, 0.1965243871080473, -0.46463667465102493, 0.24538920683199275, -0.2376915878889621, -0.007337828286171521, 0.07863004448938032, -0.030160109764714563, 0.14559614171398572, -0.7710172417782966, 0.09483706665321545, -0.055352299580401686, -0.28068510207675246, 0.05020755981418465, 0.12458817285555386, 0.4575627979966696, 0.147434595482214, -1.196397456188829, -0.16838186198173252, 0.03835584717301097, -0.03349112331843204, -0.23070155911437348, -0.2549229818271198, -0.03501889320825475, 0.06964600579894004, 0.3763119215537068, 0.35128050845160336, -0.36925188088830446, -0.15473386779297715, -0.18227741118155283, 0.3518893291410073, 0.10392057851390885, 0.2748165063363065, -1.3611203129990384, -0.04871367432209363, 0.2243956770592486, 0.42059919978278576, -0.04097644207175246, -0.18513163835998206, 0.1047171575911413, -0.2754713836949857, -0.12074913364856302, 0.9044129144665974, 0.3402888815501291, 0.19735186498038065, 0.06599674622438463, 0.05615187006122272, 0.13250367978385055, -0.5788673324287626, -0.09546028162978397, 0.17318090458991456, -0.005590981980886693, 0.3660825180074716, 0.07999885392367254, -0.14637413131229063, 0.29388704925469583, 0.7616441049910054, -0.413561783752477, 0.20283049748384233, 0.4494860552470007, -0.1366104147029437, 0.07061961929063285, -0.03898822213987345, -0.07556407823332345, 0.14793446925320855, -0.08428638038189001, -4.428360392585963, 0.6206153232955767, -0.2506672326026831, 0.06655413116016799, 0.028809875474603255, -0.25582587114479804, 0.08867692046806856, 0.09355573367253187, 0.053271985066068596, -0.07581486965502153, -0.11027813140789747, -0.44515070654703653, -0.23380272368525296, -0.10983900236788989, -0.09831793263249254, 0.014706988549537975, -0.10119649952318065, -0.10163440254131609, 0.07131294775078274, -0.07771939167645864, -0.1981164410633999, 0.051135941294800216, 0.6379487877783825, 0.12328101071379308, 0.32818924388715853, 0.3368062784168685, -0.010950471841607237, -0.09564230900803958, 0.20243740210224923, -0.14738452663943724, -0.2693346737065253, -0.47738710312524546, 0.29855175555586533, -0.03733521484267893, 0.2733557362284724, 0.016478518012717817, -0.013648089339064251, 0.11262007514689387, -0.2694103145805048, -1.3850957876607988, 0.19973646662106706, 0.3425442100342253, 0.15657736618148047, -1.6617747429479395, 0.17547757270682152, 0.015613035354390374, -0.5487405950133261, -1.3169005207426547, -0.14099483337197521, 0.4671290078180771, -0.2763110009219263, -0.054697648950677545, 0.23391274096063797, 0.18295822222977756, -0.028348769972913322, 0.08674811257597305, 0.034638300888014506, -0.7157499564116586, -0.11025247541165911, 0.20982687718277526, -0.2500174670686012, -0.08649836464750484, 0.08221525326829413, -0.0010010523581517074, -0.2840256698367417, -0.09901629170659575, -0.004197324105975451, 0.45224013986762046, 0.019959401604619124, 0.31815466203259485, -0.16480321834782355, 0.14259057489413637, 0.10605202300080607, 0.18810888665276473, 0.46058593502498557, -0.43661744763177607, -0.6693247879879001, -0.3637973668393444, -0.4726830992296228, -0.0028109909207493645, -1.0026677294868216, 0.5921232471399822, 0.15793906093715857, -0.2610657407484053, 0.014529739581338057, -0.0882338870155047, -0.2421751790427678, 0.19545770788860464, 0.6482097020186017, 0.6613206815442119, 0.28490335747912454, 0.37362505285530745, 0.1209655492409069, 0.0417851946733891, -0.08791691947338773, 0.39046445879086644, -0.23437834788348808, -0.31111439965527415, 0.05435385891681308, -0.1219314057143422, 0.0344572129657302, -0.10841986746292621, 0.34339650835508834, -0.15031188127580003, 0.1377715342759444, -0.16097989862769685, 0.005282961577956101, -0.06644307520886399, -0.14485288950719596, -0.09362358020238436, -0.45485875789046765, -0.27652651581638166, -0.25446768367202555, -0.5079106754138378, -0.2784367831786707, 0.527411665845086, 0.09427407208034433, 0.6589081014096771, 0.1354430510496618, -0.10649343200535814, 0.02754796524537237, -0.008210868627460665, 0.41326716168924016, -0.34699271569200973, -0.3305943841809526, 0.6294361459075528, 0.44942720614170223, 0.06427100175257314, -0.20429384335803272, -0.6385969696773334, 1.2104597615580843, 0.09753465601628797, 0.44135010316280077, 0.2970304438825309, -0.34614398708759625, 0.30934630815255526, 1.0816148472778968, -0.1952003602359765, 0.0898727546476193, -0.08955090965557808, 0.16417996227857043, 0.10301344174568196, 0.05778930654434521, -1.4382246467106627, -0.10865325725662527, 0.03268934596386395, 0.6774418264888996, 0.12721290381159583, -0.2590351796756877, -0.2970700913050982, 0.1585158755358731, 0.4433978753386992, 0.07525812488809117, -0.8981681348327253, 0.031464602140427074, 0.00526271954377416, 0.4341462569534912, -2.277219110610292, -0.18513194631498472, 0.0718628182199968, -0.11035768107260205, 0.4069366168378547, 0.4740234086795503, -0.6253849526705528, -0.7927608370201631, 0.2420078251450059, 0.5811257995908121, 0.2996328333846824], "config": {"experiment_name": "generalist_naa_e_set_1_r4", "comment": "Adaptive alpha off test", "enemies": [2, 5], "h_neurons": 10, "population_size": 100, "n_generations": 75, "parents": 50, "children_per_parent": 4, "mode": "generational", "cx_method": "cxBlend", "cx_kwargs": {"alpha": 0.25}, "do_adaptive_alpha": false, "alpha_base": 0.1, "div_bias": 1, "div_threshold": 2.1, "delayed_exp_gen": 25, "mut_probability": 0.05, "mut_method": "mutGaussian", "mut_kwargs": {"mu": 0, "sigma": 4, "indpb": 0.3}, "parent_sel_method": "selNonRepTournament", "parent_sel_kwargs": {"tournsize": 12}, "survivor_sel_method": "selNonRepTournament", "survivor_sel_kwargs": {"tournsize": 12}, "do_fitshare": false, "dist_func": "hamming", "fitshare_radius": 100, "fitshare_strength": 1}}
